Order_ID,Customer_ID,Order_Date,Year,Month_Number,Month,Quarter,Region,State,Category,Product,Sales_Channel,Customer_Segment,Quantity,Unit_Price,Gross_Sales,Discount,Total_Sales,Total_Profit
ORD-101999,CUST-0463,01-01-2023,2023,1,January,Q1,West,Nevada,Frozen Foods,Stouffer's,Supermarket,Family,20,8.99,179.8,14.38,165.42,42.12
ORD-102255,CUST-0650,01-01-2023,2023,1,January,Q1,South,Georgia,Baking,Nestlé Toll House,Online,Family,40,4.99,199.6,15.97,183.63,57.05
ORD-103117,CUST-0383,01-01-2023,2023,1,January,Q1,Central,Missouri,Baking,Nestlé Toll House,Supermarket,Premium,30,4.99,149.7,7.49,142.22,46.49
ORD-103498,CUST-0122,01-01-2023,2023,1,January,Q1,South,North Carolina,International Foods,Maggi,Wholesale,Premium,15,4.29,64.35,3.22,61.13,17.74
ORD-104179,CUST-0597,01-01-2023,2023,1,January,Q1,East,Pennsylvania,Frozen Foods,Hot Pockets,Online,Mass Market,25,5.99,149.75,3,146.76,35.12
ORD-104899,CUST-0120,01-01-2023,2023,1,January,Q1,West,California,Baking,Carnation,Retail,Mass Market,30,3.99,119.7,5.98,113.72,34.41
ORD-102574,CUST-0594,02-01-2023,2023,1,January,Q1,East,Pennsylvania,Frozen Foods,Hot Pockets,Retail,Mass Market,30,5.99,179.7,3.59,176.11,40.52
ORD-102724,CUST-0062,02-01-2023,2023,1,January,Q1,East,Massachusetts,Coffee & Creamers,Nescafé CLASICO,Wholesale,Mass Market,20,9.49,189.8,0,189.8,50.11
ORD-102787,CUST-0790,02-01-2023,2023,1,January,Q1,South,North Carolina,Coffee & Creamers,Coffee mate,Convenience,Family,15,7.49,112.35,2.25,110.1,29.66
ORD-104430,CUST-0064,02-01-2023,2023,1,January,Q1,South,Louisiana,International Foods,Maggi,Convenience,Health & Wellness,20,4.29,85.8,0,85.8,24.36
ORD-101746,CUST-0701,03-01-2023,2023,1,January,Q1,East,New Jersey,Coffee & Creamers,Nescafé,Retail,Mass Market,25,8.99,224.75,11.24,213.51,61.12
ORD-102906,CUST-0185,04-01-2023,2023,1,January,Q1,West,Colorado,Frozen Pizza,Tombstone,Online,Health & Wellness,10,6.99,69.9,0,69.9,18.12
ORD-104698,CUST-0236,04-01-2023,2023,1,January,Q1,East,Pennsylvania,Frozen Foods,Lean Cuisine,Wholesale,Health & Wellness,50,6.49,324.5,64.9,259.6,69.57
ORD-103472,CUST-0653,05-01-2023,2023,1,January,Q1,South,Georgia,Frozen Pizza,Tombstone,Wholesale,Family,15,6.99,104.85,8.39,96.46,23.3
ORD-104925,CUST-0595,05-01-2023,2023,1,January,Q1,West,California,Baking,Carnation,Retail,Health & Wellness,25,3.99,99.75,9.98,89.78,29.17
ORD-101114,CUST-0605,06-01-2023,2023,1,January,Q1,Central,Illinois,Coffee & Creamers,Coffee mate,Retail,Family,5,7.49,37.45,5.62,31.83,6.76
ORD-101729,CUST-0695,06-01-2023,2023,1,January,Q1,South,Georgia,Frozen Pizza,Jack's Pizza,Wholesale,Mass Market,30,5.99,179.7,3.59,176.11,50.88
ORD-101889,CUST-0307,06-01-2023,2023,1,January,Q1,Central,Ohio,Frozen Pizza,Jack's Pizza,Wholesale,Family,40,5.99,239.6,19.17,220.43,47.26
ORD-103398,CUST-0024,06-01-2023,2023,1,January,Q1,South,Florida,Drinks,Nesquik,Supermarket,Mass Market,40,6.49,259.6,5.19,254.41,61.12
ORD-103865,CUST-0793,07-01-2023,2023,1,January,Q1,West,Arizona,Frozen Pizza,DiGiorno,Retail,Family,75,7.99,599.25,89.89,509.36,155.24
ORD-102714,CUST-0151,08-01-2023,2023,1,January,Q1,East,Pennsylvania,Coffee & Creamers,Nescafé,Convenience,Family,15,8.99,134.85,6.74,128.11,35.87
ORD-103944,CUST-0275,08-01-2023,2023,1,January,Q1,East,Massachusetts,Frozen Pizza,DiGiorno,Wholesale,Mass Market,25,7.99,199.75,9.99,189.76,49.69
ORD-104857,CUST-0205,08-01-2023,2023,1,January,Q1,West,Washington,Coffee & Creamers,Nescafé CLASICO,Convenience,Family,40,9.49,379.6,30.37,349.23,104.3
ORD-101563,CUST-0087,09-01-2023,2023,1,January,Q1,South,Georgia,Drinks,Nesquik,Convenience,Mass Market,50,6.49,324.5,64.9,259.6,66.44
ORD-104171,CUST-0768,09-01-2023,2023,1,January,Q1,West,California,Frozen Pizza,DiGiorno,Supermarket,Family,10,7.99,79.9,4,75.9,21.03
ORD-104478,CUST-0366,09-01-2023,2023,1,January,Q1,East,Virginia,Frozen Foods,Hot Pockets,Convenience,Family,10,5.99,59.9,0,59.9,12.31
ORD-100331,CUST-0451,10-01-2023,2023,1,January,Q1,East,Massachusetts,Frozen Foods,Stouffer's,Supermarket,Health & Wellness,20,8.99,179.8,17.98,161.82,34.72
ORD-103172,CUST-0278,10-01-2023,2023,1,January,Q1,West,Colorado,Frozen Pizza,DiGiorno,Supermarket,Mass Market,15,7.99,119.85,23.97,95.88,27.21
ORD-100227,CUST-0642,11-01-2023,2023,1,January,Q1,South,Georgia,Coffee & Creamers,Nescafé CLASICO,Wholesale,Premium,50,9.49,474.5,37.96,436.54,111.25
ORD-100854,CUST-0595,11-01-2023,2023,1,January,Q1,South,North Carolina,Frozen Foods,Hot Pockets,Online,Family,15,5.99,89.85,1.8,88.05,20.34
ORD-100939,CUST-0774,11-01-2023,2023,1,January,Q1,West,Oregon,Coffee & Creamers,Nescafé,Retail,Premium,40,8.99,359.6,53.94,305.66,92.87
ORD-101342,CUST-0161,11-01-2023,2023,1,January,Q1,East,New Jersey,International Foods,Maggi,Online,Family,100,4.29,429,21.45,407.55,110.66
ORD-101945,CUST-0652,11-01-2023,2023,1,January,Q1,South,Tennessee,Baking,Carnation,Supermarket,Mass Market,20,3.99,79.8,0,79.8,19.79
ORD-105008,CUST-0132,11-01-2023,2023,1,January,Q1,South,North Carolina,Frozen Pizza,DiGiorno,Retail,Premium,40,7.99,319.6,6.39,313.21,76.76
ORD-104387,CUST-0011,12-01-2023,2023,1,January,Q1,South,Florida,Frozen Foods,Lean Cuisine,Supermarket,Health & Wellness,10,6.49,64.9,3.25,61.66,12.24
ORD-100849,CUST-0267,13-01-2023,2023,1,January,Q1,East,New Jersey,Baking,La Lechera,Wholesale,Family,30,4.49,134.7,6.74,127.97,35.54
ORD-101545,CUST-0318,13-01-2023,2023,1,January,Q1,South,Georgia,International Foods,El Mejor Nido,Retail,Mass Market,15,8.49,127.35,10.19,117.16,32.87
ORD-102566,CUST-0693,13-01-2023,2023,1,January,Q1,East,New York,International Foods,El Mejor Nido,Online,Mass Market,25,8.49,212.25,16.98,195.27,48.16
ORD-102861,CUST-0657,13-01-2023,2023,1,January,Q1,South,Texas,Frozen Pizza,DiGiorno,Supermarket,Mass Market,10,7.99,79.9,0,79.9,20.88
ORD-100375,CUST-0117,14-01-2023,2023,1,January,Q1,West,California,Drinks,Milo,Retail,Health & Wellness,10,5.99,59.9,0,59.9,15.19
ORD-101525,CUST-0018,14-01-2023,2023,1,January,Q1,East,New Jersey,Coffee & Creamers,Nescafé,Wholesale,Mass Market,5,8.99,44.95,2.25,42.7,10.95
ORD-102092,CUST-0617,14-01-2023,2023,1,January,Q1,South,Texas,Baking,Carnation,Supermarket,Family,5,3.99,19.95,0,19.95,5.87
ORD-102222,CUST-0352,14-01-2023,2023,1,January,Q1,Central,Missouri,International Foods,Abuelita,Convenience,Mass Market,30,5.49,164.7,0,164.7,44.12
ORD-102854,CUST-0428,14-01-2023,2023,1,January,Q1,South,Georgia,Frozen Foods,Lean Cuisine,Wholesale,Mass Market,5,6.49,32.45,3.25,29.2,6.14
ORD-103583,CUST-0483,14-01-2023,2023,1,January,Q1,East,Massachusetts,Frozen Pizza,Tombstone,Supermarket,Mass Market,50,6.99,349.5,17.48,332.02,76.69
ORD-103672,CUST-0594,14-01-2023,2023,1,January,Q1,West,Colorado,Coffee & Creamers,Coffee mate,Online,Premium,10,7.49,74.9,7.49,67.41,15.79
ORD-104388,CUST-0595,14-01-2023,2023,1,January,Q1,West,Washington,Frozen Foods,Lean Cuisine,Retail,Mass Market,30,6.49,194.7,19.47,175.23,45.91
ORD-104732,CUST-0431,14-01-2023,2023,1,January,Q1,West,California,Frozen Pizza,DiGiorno,Wholesale,Health & Wellness,5,7.99,39.95,5.99,33.96,8.18
ORD-100466,CUST-0771,15-01-2023,2023,1,January,Q1,East,New Jersey,Baking,Carnation,Retail,Family,20,3.99,79.8,0,79.8,23.23
ORD-101475,CUST-0038,15-01-2023,2023,1,January,Q1,East,Massachusetts,Coffee & Creamers,Coffee mate,Online,Premium,25,7.49,187.25,9.36,177.89,44.75
ORD-101495,CUST-0231,15-01-2023,2023,1,January,Q1,Central,Illinois,International Foods,El Mejor Nido,Wholesale,Family,20,8.49,169.8,0,169.8,47.47
ORD-103886,CUST-0259,15-01-2023,2023,1,January,Q1,South,Florida,Coffee & Creamers,Coffee mate,Supermarket,Family,20,7.49,149.8,3,146.8,50.45
ORD-100293,CUST-0115,16-01-2023,2023,1,January,Q1,South,Texas,Frozen Pizza,DiGiorno,Retail,Family,15,7.99,119.85,5.99,113.86,27.53
ORD-103244,CUST-0263,16-01-2023,2023,1,January,Q1,Central,Wisconsin,Frozen Foods,Stouffer's,Convenience,Family,10,8.99,89.9,4.5,85.4,17.6
ORD-103415,CUST-0271,17-01-2023,2023,1,January,Q1,South,Tennessee,Drinks,Milo,Convenience,Family,30,5.99,179.7,8.99,170.72,35.31
ORD-103976,CUST-0727,17-01-2023,2023,1,January,Q1,South,Texas,International Foods,El Mejor Nido,Retail,Mass Market,50,8.49,424.5,0,424.5,122.69
ORD-100061,CUST-0756,18-01-2023,2023,1,January,Q1,East,New York,International Foods,Maggi,Online,Family,30,4.29,128.7,0,128.7,33.75
ORD-102589,CUST-0040,18-01-2023,2023,1,January,Q1,West,Arizona,Coffee & Creamers,Nescafé CLASICO,Online,Premium,40,9.49,379.6,18.98,360.62,110.35
ORD-103685,CUST-0564,18-01-2023,2023,1,January,Q1,Central,Wisconsin,International Foods,Abuelita,Supermarket,Health & Wellness,50,5.49,274.5,13.73,260.77,72.41
ORD-103955,CUST-0669,18-01-2023,2023,1,January,Q1,West,Oregon,Frozen Foods,Hot Pockets,Retail,Health & Wellness,100,5.99,599,0,599,147.71
ORD-104372,CUST-0146,18-01-2023,2023,1,January,Q1,East,Maryland,Baking,La Lechera,Supermarket,Mass Market,15,4.49,67.35,3.37,63.98,20.16
ORD-104934,CUST-0210,18-01-2023,2023,1,January,Q1,East,Virginia,Coffee & Creamers,Nescafé CLASICO,Retail,Family,30,9.49,284.7,28.47,256.23,73.87
ORD-101804,CUST-0166,19-01-2023,2023,1,January,Q1,East,Virginia,Frozen Foods,Stouffer's,Convenience,Health & Wellness,30,8.99,269.7,21.58,248.12,56.75
ORD-102469,CUST-0332,19-01-2023,2023,1,January,Q1,East,Virginia,Drinks,Nesquik,Wholesale,Health & Wellness,10,6.49,64.9,9.74,55.17,11.95
ORD-103856,CUST-0607,19-01-2023,2023,1,January,Q1,West,Oregon,Baking,Nestlé Toll House,Retail,Family,25,4.99,124.75,9.98,114.77,32.37
ORD-100982,CUST-0553,20-01-2023,2023,1,January,Q1,South,Texas,Frozen Foods,Lean Cuisine,Wholesale,Health & Wellness,30,6.49,194.7,0,194.7,40.24
ORD-102775,CUST-0580,20-01-2023,2023,1,January,Q1,Central,Ohio,Drinks,Nesquik,Supermarket,Premium,15,6.49,97.35,14.6,82.75,19.79
ORD-102841,CUST-0144,20-01-2023,2023,1,January,Q1,East,New Jersey,Frozen Foods,Hot Pockets,Supermarket,Mass Market,20,5.99,119.8,9.58,110.22,24.63
ORD-100338,CUST-0778,21-01-2023,2023,1,January,Q1,Central,Minnesota,International Foods,El Mejor Nido,Online,Family,15,8.49,127.35,12.74,114.62,30.48
ORD-100977,CUST-0388,21-01-2023,2023,1,January,Q1,Central,Michigan,Coffee & Creamers,Coffee mate,Retail,Premium,50,7.49,374.5,7.49,367.01,96.77
ORD-103257,CUST-0681,21-01-2023,2023,1,January,Q1,Central,Missouri,Frozen Foods,Hot Pockets,Online,Family,75,5.99,449.25,8.98,440.26,84.27
ORD-105007,CUST-0568,21-01-2023,2023,1,January,Q1,South,North Carolina,Frozen Foods,Stouffer's,Supermarket,Family,50,8.99,449.5,8.99,440.51,107.94
ORD-103057,CUST-0526,22-01-2023,2023,1,January,Q1,Central,Minnesota,Frozen Foods,Hot Pockets,Supermarket,Mass Market,20,5.99,119.8,23.96,95.84,22.73
ORD-103610,CUST-0085,22-01-2023,2023,1,January,Q1,South,Florida,Frozen Pizza,Tombstone,Wholesale,Family,30,6.99,209.7,16.78,192.92,49.04
ORD-104784,CUST-0226,22-01-2023,2023,1,January,Q1,East,Virginia,Coffee & Creamers,Nescafé CLASICO,Retail,Family,25,9.49,237.25,4.74,232.5,66.44
ORD-104827,CUST-0698,22-01-2023,2023,1,January,Q1,Central,Illinois,Baking,La Lechera,Retail,Family,30,4.49,134.7,20.21,114.5,34.86
ORD-103461,CUST-0121,23-01-2023,2023,1,January,Q1,East,Virginia,Drinks,Nido,Supermarket,Mass Market,30,10.99,329.7,0,329.7,85.25
ORD-104183,CUST-0422,23-01-2023,2023,1,January,Q1,Central,Missouri,Baking,La Lechera,Convenience,Mass Market,10,4.49,44.9,2.25,42.66,10.61
ORD-100125,CUST-0266,24-01-2023,2023,1,January,Q1,West,Washington,Coffee & Creamers,Nescafé CLASICO,Retail,Mass Market,30,9.49,284.7,5.69,279.01,77.4
ORD-101677,CUST-0262,24-01-2023,2023,1,January,Q1,West,Arizona,Coffee & Creamers,Coffee mate,Online,Health & Wellness,20,7.49,149.8,11.98,137.82,44.73
ORD-103204,CUST-0744,24-01-2023,2023,1,January,Q1,South,Georgia,Coffee & Creamers,Nescafé CLASICO,Wholesale,Mass Market,5,9.49,47.45,0,47.45,14.21
ORD-100776,CUST-0131,25-01-2023,2023,1,January,Q1,West,Colorado,Baking,Nestlé Toll House,Online,Mass Market,30,4.99,149.7,7.49,142.22,42.79
ORD-100835,CUST-0439,25-01-2023,2023,1,January,Q1,East,Massachusetts,Frozen Foods,Stouffer's,Convenience,Mass Market,75,8.99,674.25,53.94,620.31,146.81
ORD-100973,CUST-0311,25-01-2023,2023,1,January,Q1,Central,Wisconsin,Baking,Carnation,Retail,Premium,20,3.99,79.8,6.38,73.42,19.35
ORD-100630,CUST-0225,26-01-2023,2023,1,January,Q1,West,California,Coffee & Creamers,Nescafé,Supermarket,Family,5,8.99,44.95,3.6,41.35,12.19
ORD-101126,CUST-0260,27-01-2023,2023,1,January,Q1,Central,Illinois,Frozen Foods,Hot Pockets,Supermarket,Health & Wellness,50,5.99,299.5,23.96,275.54,54.62
ORD-101245,CUST-0263,27-01-2023,2023,1,January,Q1,South,Louisiana,Frozen Pizza,DiGiorno,Retail,Health & Wellness,10,7.99,79.9,1.6,78.3,22.96
ORD-102077,CUST-0420,27-01-2023,2023,1,January,Q1,West,Oregon,Drinks,Nesquik,Online,Mass Market,20,6.49,129.8,19.47,110.33,27.13
ORD-103279,CUST-0746,27-01-2023,2023,1,January,Q1,East,Massachusetts,Coffee & Creamers,Nescafé,Supermarket,Health & Wellness,40,8.99,359.6,28.77,330.83,83.59
ORD-103523,CUST-0449,27-01-2023,2023,1,January,Q1,West,Nevada,Baking,Nestlé Toll House,Online,Family,25,4.99,124.75,6.24,118.51,36.96
ORD-104729,CUST-0657,27-01-2023,2023,1,January,Q1,Central,Michigan,Drinks,Nesquik,Retail,Family,30,6.49,194.7,15.58,179.12,44.86
ORD-103836,CUST-0025,28-01-2023,2023,1,January,Q1,East,Maryland,Drinks,Nido,Supermarket,Mass Market,20,10.99,219.8,10.99,208.81,51.82
ORD-104228,CUST-0435,28-01-2023,2023,1,January,Q1,Central,Missouri,Coffee & Creamers,Nescafé,Retail,Family,25,8.99,224.75,44.95,179.8,46.94
ORD-104629,CUST-0710,28-01-2023,2023,1,January,Q1,Central,Wisconsin,Drinks,Nesquik,Supermarket,Family,15,6.49,97.35,1.95,95.4,25.14
ORD-100934,CUST-0631,29-01-2023,2023,1,January,Q1,Central,Illinois,Drinks,Nesquik,Supermarket,Mass Market,50,6.49,324.5,32.45,292.05,75.11
ORD-101846,CUST-0391,29-01-2023,2023,1,January,Q1,West,Washington,Frozen Pizza,Jack's Pizza,Convenience,Family,10,5.99,59.9,3,56.91,15.94
ORD-103752,CUST-0574,29-01-2023,2023,1,January,Q1,South,North Carolina,Frozen Pizza,Tombstone,Retail,Mass Market,30,6.99,209.7,0,209.7,52.37
ORD-104453,CUST-0425,29-01-2023,2023,1,January,Q1,South,Georgia,Coffee & Creamers,Nescafé CLASICO,Supermarket,Family,15,9.49,142.35,0,142.35,42.76
ORD-104592,CUST-0399,29-01-2023,2023,1,January,Q1,West,Oregon,Frozen Foods,Hot Pockets,Convenience,Health & Wellness,50,5.99,299.5,0,299.5,77.13
ORD-100850,CUST-0204,30-01-2023,2023,1,January,Q1,Central,Michigan,Frozen Foods,Stouffer's,Wholesale,Mass Market,30,8.99,269.7,21.58,248.12,59.05
ORD-101941,CUST-0709,30-01-2023,2023,1,January,Q1,West,California,Frozen Foods,Lean Cuisine,Wholesale,Mass Market,20,6.49,129.8,12.98,116.82,23.18
ORD-102039,CUST-0622,30-01-2023,2023,1,January,Q1,West,Colorado,Coffee & Creamers,Nescafé CLASICO,Convenience,Mass Market,25,9.49,237.25,47.45,189.8,57.91
ORD-103616,CUST-0476,30-01-2023,2023,1,January,Q1,West,Nevada,Frozen Foods,Lean Cuisine,Supermarket,Premium,40,6.49,259.6,20.77,238.83,43.64
ORD-104781,CUST-0185,30-01-2023,2023,1,January,Q1,West,Arizona,International Foods,Maggi,Retail,Premium,30,4.29,128.7,6.44,122.26,33.46
ORD-100164,CUST-0695,31-01-2023,2023,1,January,Q1,Central,Missouri,Frozen Pizza,Tombstone,Retail,Mass Market,20,6.99,139.8,27.96,111.84,31.47
ORD-101081,CUST-0474,31-01-2023,2023,1,January,Q1,South,North Carolina,Frozen Pizza,DiGiorno,Wholesale,Family,75,7.99,599.25,0,599.25,138.26
ORD-101433,CUST-0764,31-01-2023,2023,1,January,Q1,East,Maryland,Frozen Pizza,Tombstone,Retail,Family,15,6.99,104.85,8.39,96.46,22.42
ORD-102801,CUST-0355,31-01-2023,2023,1,January,Q1,South,Georgia,Baking,Nestlé Toll House,Supermarket,Premium,25,4.99,124.75,2.5,122.26,39.26
ORD-100285,CUST-0164,01-02-2023,2023,2,February,Q1,Central,Wisconsin,Coffee & Creamers,Coffee mate,Online,Mass Market,15,7.49,112.35,8.99,103.36,33.4
ORD-104631,CUST-0511,01-02-2023,2023,2,February,Q1,West,Washington,Frozen Foods,Lean Cuisine,Wholesale,Mass Market,10,6.49,64.9,1.3,63.6,15.05
ORD-101176,CUST-0280,02-02-2023,2023,2,February,Q1,Central,Missouri,Drinks,Nesquik,Retail,Family,25,6.49,162.25,16.23,146.02,33.54
ORD-102504,CUST-0334,02-02-2023,2023,2,February,Q1,South,North Carolina,Frozen Foods,Stouffer's,Retail,Health & Wellness,10,8.99,89.9,4.5,85.4,21.4
ORD-103137,CUST-0021,02-02-2023,2023,2,February,Q1,Central,Michigan,Frozen Pizza,DiGiorno,Retail,Family,100,7.99,799,0,799,212.2
ORD-103255,CUST-0721,02-02-2023,2023,2,February,Q1,East,New Jersey,Frozen Pizza,Jack's Pizza,Supermarket,Mass Market,10,5.99,59.9,3,56.91,14.3
ORD-103429,CUST-0713,02-02-2023,2023,2,February,Q1,South,Tennessee,International Foods,El Mejor Nido,Supermarket,Premium,20,8.49,169.8,13.58,156.22,43.9
ORD-103517,CUST-0302,02-02-2023,2023,2,February,Q1,West,Washington,Drinks,Milo,Supermarket,Family,40,5.99,239.6,11.98,227.62,58.95
ORD-104391,CUST-0557,02-02-2023,2023,2,February,Q1,West,Nevada,Drinks,Nesquik,Convenience,Health & Wellness,15,6.49,97.35,14.6,82.75,21.83
ORD-102426,CUST-0628,03-02-2023,2023,2,February,Q1,South,Georgia,International Foods,Abuelita,Online,Family,15,5.49,82.35,8.24,74.12,21.43
ORD-104892,CUST-0582,03-02-2023,2023,2,February,Q1,West,Washington,Coffee & Creamers,Coffee mate,Wholesale,Mass Market,30,7.49,224.7,0,224.7,57.19
ORD-102265,CUST-0499,04-02-2023,2023,2,February,Q1,Central,Ohio,Coffee & Creamers,Nescafé,Online,Mass Market,25,8.99,224.75,22.48,202.28,60.52
ORD-102631,CUST-0258,04-02-2023,2023,2,February,Q1,Central,Minnesota,Frozen Foods,Hot Pockets,Retail,Mass Market,40,5.99,239.6,23.96,215.64,44.1
ORD-104206,CUST-0547,04-02-2023,2023,2,February,Q1,East,Pennsylvania,Drinks,Nesquik,Convenience,Premium,20,6.49,129.8,0,129.8,28.88
ORD-104270,CUST-0082,04-02-2023,2023,2,February,Q1,South,Louisiana,Coffee & Creamers,Nescafé CLASICO,Online,Premium,5,9.49,47.45,2.37,45.08,13.44
ORD-104673,CUST-0042,04-02-2023,2023,2,February,Q1,Central,Michigan,Frozen Pizza,DiGiorno,Retail,Premium,5,7.99,39.95,3.2,36.75,10.56
ORD-100557,CUST-0009,05-02-2023,2023,2,February,Q1,West,Arizona,Baking,Nestlé Toll House,Retail,Mass Market,10,4.99,49.9,7.48,42.42,14.35
ORD-101518,CUST-0413,05-02-2023,2023,2,February,Q1,South,Texas,Coffee & Creamers,Nescafé,Wholesale,Health & Wellness,15,8.99,134.85,0,134.85,37.72
ORD-102383,CUST-0519,05-02-2023,2023,2,February,Q1,South,Louisiana,Frozen Foods,Lean Cuisine,Retail,Health & Wellness,30,6.49,194.7,38.94,155.76,36.1
ORD-102780,CUST-0179,05-02-2023,2023,2,February,Q1,West,Nevada,Frozen Pizza,Jack's Pizza,Wholesale,Mass Market,20,5.99,119.8,0,119.8,29.1
ORD-103234,CUST-0058,05-02-2023,2023,2,February,Q1,West,Nevada,Baking,Nestlé Toll House,Supermarket,Premium,75,4.99,374.25,0,374.25,117.57
ORD-101489,CUST-0103,07-02-2023,2023,2,February,Q1,East,Maryland,Frozen Pizza,DiGiorno,Convenience,Family,10,7.99,79.9,4,75.9,19.57
ORD-102767,CUST-0297,07-02-2023,2023,2,February,Q1,Central,Missouri,Frozen Pizza,Tombstone,Supermarket,Family,40,6.99,279.6,22.37,257.23,78.67
ORD-100638,CUST-0716,08-02-2023,2023,2,February,Q1,West,California,International Foods,Maggi,Online,Premium,25,4.29,107.25,2.14,105.1,24.51
ORD-103271,CUST-0039,08-02-2023,2023,2,February,Q1,West,California,Frozen Pizza,Tombstone,Supermarket,Family,10,6.99,69.9,5.59,64.31,16.15
ORD-100291,CUST-0399,09-02-2023,2023,2,February,Q1,West,Washington,Frozen Pizza,DiGiorno,Wholesale,Family,40,7.99,319.6,25.57,294.03,65.01
ORD-100766,CUST-0161,10-02-2023,2023,2,February,Q1,Central,Illinois,Drinks,Nesquik,Online,Mass Market,30,6.49,194.7,9.74,184.96,35.05
ORD-101374,CUST-0167,10-02-2023,2023,2,February,Q1,East,Virginia,Frozen Foods,Stouffer's,Supermarket,Premium,25,8.99,224.75,44.95,179.8,38.35
ORD-102098,CUST-0589,10-02-2023,2023,2,February,Q1,Central,Illinois,Frozen Foods,Hot Pockets,Convenience,Family,50,5.99,299.5,23.96,275.54,52.46
ORD-103290,CUST-0556,10-02-2023,2023,2,February,Q1,West,Oregon,International Foods,Abuelita,Retail,Family,10,5.49,54.9,4.39,50.51,12.43
ORD-103844,CUST-0460,11-02-2023,2023,2,February,Q1,East,New Jersey,Baking,Carnation,Supermarket,Mass Market,10,3.99,39.9,3.99,35.91,10.57
ORD-101311,CUST-0035,12-02-2023,2023,2,February,Q1,West,Washington,Frozen Pizza,DiGiorno,Retail,Premium,10,7.99,79.9,15.98,63.92,13.87
ORD-103304,CUST-0297,12-02-2023,2023,2,February,Q1,East,New Jersey,Baking,Nestlé Toll House,Retail,Mass Market,25,4.99,124.75,12.48,112.28,33.62
ORD-104910,CUST-0568,12-02-2023,2023,2,February,Q1,Central,Missouri,Baking,La Lechera,Supermarket,Premium,30,4.49,134.7,10.78,123.92,39.82
ORD-100430,CUST-0371,13-02-2023,2023,2,February,Q1,West,Arizona,Frozen Foods,Lean Cuisine,Supermarket,Mass Market,10,6.49,64.9,6.49,58.41,11.61
ORD-104037,CUST-0167,13-02-2023,2023,2,February,Q1,South,Louisiana,Coffee & Creamers,Nescafé CLASICO,Wholesale,Health & Wellness,25,9.49,237.25,4.74,232.5,66.2
ORD-104060,CUST-0580,13-02-2023,2023,2,February,Q1,South,Tennessee,Baking,Nestlé Toll House,Wholesale,Mass Market,30,4.99,149.7,11.98,137.72,45.24
ORD-104901,CUST-0597,13-02-2023,2023,2,February,Q1,West,Washington,Coffee & Creamers,Nescafé,Supermarket,Mass Market,25,8.99,224.75,17.98,206.77,54.76
ORD-101981,CUST-0766,14-02-2023,2023,2,February,Q1,West,Arizona,Coffee & Creamers,Nescafé,Supermarket,Premium,25,8.99,224.75,4.5,220.26,58.07
ORD-102301,CUST-0756,14-02-2023,2023,2,February,Q1,South,Louisiana,Frozen Foods,Lean Cuisine,Supermarket,Family,25,6.49,162.25,0,162.25,30.13
ORD-102697,CUST-0566,14-02-2023,2023,2,February,Q1,Central,Wisconsin,Drinks,Nido,Wholesale,Mass Market,15,10.99,164.85,16.48,148.36,41.41
ORD-102773,CUST-0329,14-02-2023,2023,2,February,Q1,South,Texas,Frozen Foods,Hot Pockets,Supermarket,Mass Market,5,5.99,29.95,4.49,25.46,5.18
ORD-102957,CUST-0728,14-02-2023,2023,2,February,Q1,Central,Minnesota,Frozen Foods,Hot Pockets,Online,Mass Market,40,5.99,239.6,0,239.6,46.18
ORD-103039,CUST-0297,14-02-2023,2023,2,February,Q1,West,Oregon,Frozen Pizza,Jack's Pizza,Online,Mass Market,50,5.99,299.5,5.99,293.51,86.08
ORD-102863,CUST-0701,15-02-2023,2023,2,February,Q1,South,Texas,Frozen Pizza,Tombstone,Supermarket,Mass Market,20,6.99,139.8,6.99,132.81,32.29
ORD-104164,CUST-0790,15-02-2023,2023,2,February,Q1,East,New Jersey,Coffee & Creamers,Coffee mate,Supermarket,Mass Market,10,7.49,74.9,0,74.9,21.07
ORD-101147,CUST-0200,16-02-2023,2023,2,February,Q1,South,North Carolina,Frozen Pizza,DiGiorno,Retail,Family,20,7.99,159.8,7.99,151.81,34.79
ORD-101435,CUST-0520,16-02-2023,2023,2,February,Q1,West,Washington,Frozen Pizza,Jack's Pizza,Online,Family,20,5.99,119.8,17.97,101.83,24.59
ORD-104998,CUST-0549,16-02-2023,2023,2,February,Q1,East,New Jersey,Frozen Foods,Hot Pockets,Retail,Family,10,5.99,59.9,3,56.91,11.87
ORD-100667,CUST-0643,17-02-2023,2023,2,February,Q1,West,Nevada,Baking,La Lechera,Supermarket,Mass Market,15,4.49,67.35,6.74,60.62,18.79
ORD-102702,CUST-0256,17-02-2023,2023,2,February,Q1,South,Texas,Frozen Foods,Stouffer's,Retail,Premium,15,8.99,134.85,2.7,132.15,29.62
ORD-102959,CUST-0489,17-02-2023,2023,2,February,Q1,East,Maryland,Frozen Pizza,DiGiorno,Retail,Health & Wellness,30,7.99,239.7,19.18,220.52,53.6
ORD-103339,CUST-0285,17-02-2023,2023,2,February,Q1,Central,Missouri,Frozen Pizza,DiGiorno,Supermarket,Family,5,7.99,39.95,5.99,33.96,8.24
ORD-104539,CUST-0112,17-02-2023,2023,2,February,Q1,West,Washington,Baking,Carnation,Online,Mass Market,40,3.99,159.6,0,159.6,43.72
ORD-104733,CUST-0409,17-02-2023,2023,2,February,Q1,Central,Minnesota,Drinks,Nesquik,Online,Mass Market,10,6.49,64.9,5.19,59.71,15.21
ORD-104980,CUST-0454,17-02-2023,2023,2,February,Q1,West,Colorado,Frozen Pizza,DiGiorno,Retail,Mass Market,5,7.99,39.95,2,37.95,9.97
ORD-104530,CUST-0024,18-02-2023,2023,2,February,Q1,West,Nevada,International Foods,Abuelita,Supermarket,Mass Market,50,5.49,274.5,13.73,260.77,76.17
ORD-100165,CUST-0214,19-02-2023,2023,2,February,Q1,West,California,Baking,Carnation,Retail,Family,10,3.99,39.9,3.99,35.91,10.08
ORD-100517,CUST-0226,19-02-2023,2023,2,February,Q1,East,Massachusetts,Baking,Nestlé Toll House,Retail,Mass Market,15,4.99,74.85,5.99,68.86,21.71
ORD-102058,CUST-0415,19-02-2023,2023,2,February,Q1,East,Maryland,International Foods,Abuelita,Wholesale,Mass Market,15,5.49,82.35,0,82.35,23.24
ORD-103624,CUST-0318,19-02-2023,2023,2,February,Q1,South,Tennessee,Frozen Foods,Stouffer's,Supermarket,Mass Market,25,8.99,224.75,33.71,191.04,35
ORD-103874,CUST-0295,19-02-2023,2023,2,February,Q1,South,Tennessee,Coffee & Creamers,Coffee mate,Online,Family,40,7.49,299.6,5.99,293.61,86.96
ORD-101067,CUST-0274,20-02-2023,2023,2,February,Q1,West,Colorado,Baking,Carnation,Wholesale,Health & Wellness,15,3.99,59.85,1.2,58.65,17.77
ORD-103654,CUST-0495,21-02-2023,2023,2,February,Q1,West,Nevada,Frozen Foods,Lean Cuisine,Online,Premium,10,6.49,64.9,3.25,61.66,15.57
ORD-104740,CUST-0331,21-02-2023,2023,2,February,Q1,Central,Michigan,Frozen Pizza,DiGiorno,Retail,Premium,20,7.99,159.8,31.96,127.84,33.28
ORD-100057,CUST-0624,22-02-2023,2023,2,February,Q1,West,Nevada,Baking,Nestlé Toll House,Supermarket,Mass Market,20,4.99,99.8,7.98,91.82,25.38
ORD-100082,CUST-0078,22-02-2023,2023,2,February,Q1,Central,Illinois,International Foods,Abuelita,Online,Health & Wellness,10,5.49,54.9,0,54.9,15.8
ORD-101605,CUST-0232,22-02-2023,2023,2,February,Q1,West,Washington,International Foods,El Mejor Nido,Retail,Family,10,8.49,84.9,8.49,76.41,20.32
ORD-101322,CUST-0389,23-02-2023,2023,2,February,Q1,West,Arizona,Baking,La Lechera,Wholesale,Mass Market,20,4.49,89.8,4.49,85.31,25.4
ORD-101344,CUST-0123,23-02-2023,2023,2,February,Q1,Central,Illinois,Drinks,Milo,Supermarket,Premium,25,5.99,149.75,22.46,127.29,31.82
ORD-102561,CUST-0025,23-02-2023,2023,2,February,Q1,South,Georgia,Coffee & Creamers,Coffee mate,Online,Mass Market,20,7.49,149.8,14.98,134.82,35.39
ORD-100230,CUST-0337,24-02-2023,2023,2,February,Q1,Central,Ohio,Frozen Pizza,DiGiorno,Online,Family,30,7.99,239.7,11.99,227.72,55.97
ORD-101894,CUST-0524,24-02-2023,2023,2,February,Q1,West,Washington,Baking,Nestlé Toll House,Online,Mass Market,40,4.99,199.6,0,199.6,63.01
ORD-102463,CUST-0404,24-02-2023,2023,2,February,Q1,Central,Minnesota,International Foods,Abuelita,Online,Family,5,5.49,27.45,2.75,24.7,7.67
ORD-102652,CUST-0219,24-02-2023,2023,2,February,Q1,East,Maryland,International Foods,Maggi,Convenience,Mass Market,5,4.29,21.45,1.07,20.38,5.86
ORD-102792,CUST-0346,24-02-2023,2023,2,February,Q1,South,Texas,Baking,La Lechera,Retail,Mass Market,10,4.49,44.9,3.59,41.31,13.29
ORD-103913,CUST-0565,24-02-2023,2023,2,February,Q1,West,Oregon,Coffee & Creamers,Coffee mate,Online,Mass Market,30,7.49,224.7,17.98,206.72,70.28
ORD-100730,CUST-0428,25-02-2023,2023,2,February,Q1,West,Oregon,Coffee & Creamers,Nescafé,Retail,Health & Wellness,5,8.99,44.95,3.6,41.35,11.43
ORD-101971,CUST-0568,25-02-2023,2023,2,February,Q1,West,Arizona,Coffee & Creamers,Coffee mate,Wholesale,Family,30,7.49,224.7,17.98,206.72,59.34
ORD-101992,CUST-0224,25-02-2023,2023,2,February,Q1,West,Washington,Frozen Pizza,DiGiorno,Supermarket,Mass Market,15,7.99,119.85,5.99,113.86,29.59
ORD-102951,CUST-0306,25-02-2023,2023,2,February,Q1,South,Florida,Frozen Foods,Stouffer's,Supermarket,Mass Market,5,8.99,44.95,0,44.95,10.21
ORD-104010,CUST-0629,25-02-2023,2023,2,February,Q1,West,Nevada,Drinks,Nido,Wholesale,Premium,75,10.99,824.25,0,824.25,166.4
ORD-100284,CUST-0357,26-02-2023,2023,2,February,Q1,West,Oregon,Frozen Foods,Lean Cuisine,Supermarket,Premium,10,6.49,64.9,0,64.9,15.07
ORD-100596,CUST-0416,26-02-2023,2023,2,February,Q1,East,Massachusetts,Frozen Foods,Hot Pockets,Retail,Family,50,5.99,299.5,59.9,239.6,53.83
ORD-101367,CUST-0636,26-02-2023,2023,2,February,Q1,Central,Illinois,International Foods,El Mejor Nido,Supermarket,Family,25,8.49,212.25,16.98,195.27,58.6
ORD-101917,CUST-0720,26-02-2023,2023,2,February,Q1,South,Georgia,Baking,La Lechera,Convenience,Mass Market,40,4.49,179.6,35.92,143.68,41.4
ORD-102308,CUST-0005,26-02-2023,2023,2,February,Q1,Central,Ohio,Frozen Pizza,Jack's Pizza,Supermarket,Health & Wellness,25,5.99,149.75,11.98,137.77,34.34
ORD-103001,CUST-0127,26-02-2023,2023,2,February,Q1,Central,Missouri,Coffee & Creamers,Nescafé CLASICO,Convenience,Premium,25,9.49,237.25,0,237.25,71.31
ORD-104655,CUST-0496,26-02-2023,2023,2,February,Q1,East,Massachusetts,Frozen Pizza,DiGiorno,Retail,Family,30,7.99,239.7,11.99,227.72,52.13
ORD-100091,CUST-0535,27-02-2023,2023,2,February,Q1,West,Nevada,Frozen Foods,Hot Pockets,Retail,Health & Wellness,15,5.99,89.85,7.19,82.66,15.54
ORD-100153,CUST-0267,27-02-2023,2023,2,February,Q1,West,Colorado,Drinks,Nesquik,Retail,Family,20,6.49,129.8,25.96,103.84,25.11
ORD-100572,CUST-0551,27-02-2023,2023,2,February,Q1,South,Louisiana,Frozen Foods,Hot Pockets,Supermarket,Family,15,5.99,89.85,0,89.85,22.45
ORD-102018,CUST-0405,27-02-2023,2023,2,February,Q1,South,Georgia,Frozen Pizza,Jack's Pizza,Retail,Mass Market,30,5.99,179.7,8.99,170.72,44.47
ORD-102296,CUST-0394,27-02-2023,2023,2,February,Q1,West,Oregon,International Foods,Abuelita,Convenience,Mass Market,15,5.49,82.35,1.65,80.7,22.14
ORD-103170,CUST-0654,27-02-2023,2023,2,February,Q1,East,Massachusetts,Frozen Pizza,DiGiorno,Convenience,Family,25,7.99,199.75,4,195.76,50.57
ORD-103296,CUST-0391,27-02-2023,2023,2,February,Q1,West,Colorado,Frozen Foods,Stouffer's,Retail,Premium,5,8.99,44.95,0,44.95,10.57
ORD-103800,CUST-0124,27-02-2023,2023,2,February,Q1,Central,Illinois,Coffee & Creamers,Coffee mate,Retail,Mass Market,50,7.49,374.5,56.18,318.32,92.1
ORD-101450,CUST-0677,28-02-2023,2023,2,February,Q1,Central,Minnesota,Drinks,Milo,Convenience,Premium,10,5.99,59.9,3,56.91,13.73
ORD-103034,CUST-0091,28-02-2023,2023,2,February,Q1,West,Nevada,Coffee & Creamers,Nescafé CLASICO,Retail,Health & Wellness,25,9.49,237.25,35.59,201.66,59.35
ORD-104044,CUST-0637,28-02-2023,2023,2,February,Q1,Central,Minnesota,Frozen Pizza,DiGiorno,Online,Premium,15,7.99,119.85,2.4,117.45,23.97
ORD-100008,CUST-0522,01-03-2023,2023,3,March,Q1,South,Tennessee,Frozen Foods,Lean Cuisine,Wholesale,Mass Market,30,6.49,194.7,9.74,184.96,36.65
ORD-103827,CUST-0297,01-03-2023,2023,3,March,Q1,East,Pennsylvania,Baking,Carnation,Wholesale,Health & Wellness,50,3.99,199.5,19.95,179.55,52.65
ORD-104891,CUST-0642,01-03-2023,2023,3,March,Q1,East,New Jersey,Frozen Pizza,Tombstone,Wholesale,Premium,40,6.99,279.6,55.92,223.68,54.16
ORD-102343,CUST-0215,02-03-2023,2023,3,March,Q1,West,Arizona,Frozen Foods,Hot Pockets,Retail,Mass Market,40,5.99,239.6,11.98,227.62,53.66
ORD-104242,CUST-0551,02-03-2023,2023,3,March,Q1,East,Pennsylvania,Frozen Foods,Hot Pockets,Supermarket,Mass Market,15,5.99,89.85,1.8,88.05,19.29
ORD-104483,CUST-0022,03-03-2023,2023,3,March,Q1,Central,Minnesota,Frozen Foods,Stouffer's,Online,Premium,50,8.99,449.5,22.48,427.02,107.38
ORD-102089,CUST-0061,04-03-2023,2023,3,March,Q1,South,Tennessee,Frozen Pizza,Tombstone,Wholesale,Family,10,6.99,69.9,3.5,66.4,17.44
ORD-102249,CUST-0154,04-03-2023,2023,3,March,Q1,Central,Michigan,Baking,La Lechera,Online,Premium,20,4.49,89.8,8.98,80.82,22.92
ORD-102627,CUST-0392,04-03-2023,2023,3,March,Q1,West,Washington,Coffee & Creamers,Nescafé,Supermarket,Family,5,8.99,44.95,8.99,35.96,8.56
ORD-102896,CUST-0073,04-03-2023,2023,3,March,Q1,South,Texas,Baking,La Lechera,Supermarket,Premium,40,4.49,179.6,0,179.6,48.43
ORD-104595,CUST-0486,04-03-2023,2023,3,March,Q1,East,New York,Frozen Foods,Hot Pockets,Supermarket,Mass Market,10,5.99,59.9,5.99,53.91,11.81
ORD-100946,CUST-0114,05-03-2023,2023,3,March,Q1,West,Oregon,Frozen Foods,Stouffer's,Wholesale,Family,10,8.99,89.9,13.49,76.42,10.05
ORD-100975,CUST-0591,05-03-2023,2023,3,March,Q1,West,Washington,Frozen Foods,Lean Cuisine,Retail,Mass Market,20,6.49,129.8,10.38,119.42,26.8
ORD-102871,CUST-0706,05-03-2023,2023,3,March,Q1,South,Georgia,Frozen Foods,Stouffer's,Wholesale,Mass Market,30,8.99,269.7,5.39,264.31,50.36
ORD-103841,CUST-0468,05-03-2023,2023,3,March,Q1,Central,Wisconsin,Frozen Pizza,Tombstone,Supermarket,Mass Market,30,6.99,209.7,20.97,188.73,50.05
ORD-104257,CUST-0676,05-03-2023,2023,3,March,Q1,South,Tennessee,Frozen Pizza,Tombstone,Retail,Health & Wellness,30,6.99,209.7,31.46,178.24,51.95
ORD-104437,CUST-0629,05-03-2023,2023,3,March,Q1,East,Virginia,Baking,Nestlé Toll House,Online,Health & Wellness,25,4.99,124.75,6.24,118.51,37.86
ORD-100086,CUST-0600,06-03-2023,2023,3,March,Q1,East,Maryland,Coffee & Creamers,Coffee mate,Wholesale,Mass Market,20,7.49,149.8,7.49,142.31,40.61
ORD-102224,CUST-0116,07-03-2023,2023,3,March,Q1,West,California,Baking,Carnation,Retail,Mass Market,75,3.99,299.25,5.98,293.26,91.4
ORD-101935,CUST-0749,08-03-2023,2023,3,March,Q1,Central,Ohio,Coffee & Creamers,Nescafé,Online,Family,10,8.99,89.9,7.19,82.71,24.82
ORD-102237,CUST-0552,08-03-2023,2023,3,March,Q1,South,North Carolina,Drinks,Nido,Online,Premium,10,10.99,109.9,10.99,98.91,20.82
ORD-102537,CUST-0027,08-03-2023,2023,3,March,Q1,Central,Michigan,Frozen Pizza,Tombstone,Convenience,Mass Market,15,6.99,104.85,5.24,99.61,24.9
ORD-101402,CUST-0084,09-03-2023,2023,3,March,Q1,West,Nevada,Coffee & Creamers,Coffee mate,Wholesale,Family,15,7.49,112.35,5.62,106.73,30.67
ORD-103095,CUST-0562,09-03-2023,2023,3,March,Q1,West,Nevada,Frozen Foods,Stouffer's,Convenience,Health & Wellness,30,8.99,269.7,53.94,215.76,49.6
ORD-103407,CUST-0333,09-03-2023,2023,3,March,Q1,South,Texas,International Foods,El Mejor Nido,Online,Mass Market,15,8.49,127.35,12.74,114.62,33.73
ORD-104620,CUST-0228,09-03-2023,2023,3,March,Q1,South,Texas,Drinks,Nesquik,Convenience,Mass Market,20,6.49,129.8,6.49,123.31,24.91
ORD-104658,CUST-0655,09-03-2023,2023,3,March,Q1,Central,Ohio,Frozen Pizza,Tombstone,Convenience,Premium,75,6.99,524.25,78.64,445.61,89.31
ORD-100616,CUST-0233,10-03-2023,2023,3,March,Q1,South,Louisiana,Frozen Foods,Stouffer's,Online,Mass Market,10,8.99,89.9,0,89.9,19.8
ORD-101913,CUST-0624,10-03-2023,2023,3,March,Q1,South,Florida,Baking,Nestlé Toll House,Retail,Premium,30,4.99,149.7,7.49,142.22,47.51
ORD-100406,CUST-0101,11-03-2023,2023,3,March,Q1,South,North Carolina,Frozen Pizza,Tombstone,Retail,Premium,30,6.99,209.7,4.19,205.51,58.1
ORD-100539,CUST-0153,11-03-2023,2023,3,March,Q1,East,Pennsylvania,Frozen Foods,Lean Cuisine,Supermarket,Mass Market,25,6.49,162.25,8.11,154.14,28.39
ORD-100631,CUST-0753,11-03-2023,2023,3,March,Q1,Central,Minnesota,Coffee & Creamers,Coffee mate,Supermarket,Premium,15,7.49,112.35,2.25,110.1,31.66
ORD-101579,CUST-0555,11-03-2023,2023,3,March,Q1,Central,Ohio,Drinks,Nesquik,Supermarket,Premium,30,6.49,194.7,19.47,175.23,42.36
ORD-102696,CUST-0032,11-03-2023,2023,3,March,Q1,East,New Jersey,Frozen Pizza,Tombstone,Wholesale,Premium,15,6.99,104.85,5.24,99.61,24.23
ORD-102905,CUST-0340,11-03-2023,2023,3,March,Q1,Central,Illinois,International Foods,Abuelita,Supermarket,Mass Market,15,5.49,82.35,12.35,70,19.71
ORD-103343,CUST-0020,11-03-2023,2023,3,March,Q1,Central,Michigan,Frozen Foods,Hot Pockets,Supermarket,Family,5,5.99,29.95,3,26.96,6.92
ORD-103831,CUST-0021,11-03-2023,2023,3,March,Q1,East,Virginia,Frozen Foods,Stouffer's,Supermarket,Mass Market,15,8.99,134.85,6.74,128.11,30.37
ORD-100279,CUST-0653,12-03-2023,2023,3,March,Q1,Central,Illinois,Frozen Pizza,Jack's Pizza,Retail,Family,50,5.99,299.5,44.92,254.58,67.42
ORD-100968,CUST-0618,12-03-2023,2023,3,March,Q1,East,Virginia,Frozen Pizza,Jack's Pizza,Retail,Family,25,5.99,149.75,11.98,137.77,34.91
ORD-102328,CUST-0783,12-03-2023,2023,3,March,Q1,West,Colorado,Frozen Foods,Lean Cuisine,Retail,Health & Wellness,10,6.49,64.9,12.98,51.92,11.24
ORD-104364,CUST-0553,12-03-2023,2023,3,March,Q1,Central,Missouri,Drinks,Nesquik,Retail,Family,20,6.49,129.8,10.38,119.42,27.68
ORD-101144,CUST-0335,13-03-2023,2023,3,March,Q1,Central,Wisconsin,Drinks,Nesquik,Supermarket,Family,15,6.49,97.35,9.74,87.62,15.92
ORD-102248,CUST-0730,13-03-2023,2023,3,March,Q1,South,North Carolina,Baking,La Lechera,Retail,Family,5,4.49,22.45,0,22.45,7.3
ORD-104570,CUST-0164,13-03-2023,2023,3,March,Q1,South,Texas,Coffee & Creamers,Coffee mate,Online,Mass Market,10,7.49,74.9,3.75,71.16,17.2
ORD-100405,CUST-0433,14-03-2023,2023,3,March,Q1,East,Virginia,Frozen Foods,Hot Pockets,Retail,Health & Wellness,40,5.99,239.6,23.96,215.64,46.6
ORD-100493,CUST-0559,14-03-2023,2023,3,March,Q1,East,Maryland,Frozen Pizza,DiGiorno,Supermarket,Premium,5,7.99,39.95,2,37.95,8.5
ORD-101201,CUST-0581,14-03-2023,2023,3,March,Q1,Central,Illinois,Frozen Pizza,Tombstone,Wholesale,Mass Market,20,6.99,139.8,6.99,132.81,33.39
ORD-103350,CUST-0112,14-03-2023,2023,3,March,Q1,West,Nevada,Frozen Foods,Stouffer's,Supermarket,Health & Wellness,50,8.99,449.5,22.48,427.02,97.87
ORD-104565,CUST-0388,14-03-2023,2023,3,March,Q1,West,Nevada,International Foods,Abuelita,Convenience,Mass Market,5,5.49,27.45,2.2,25.25,6.92
ORD-101088,CUST-0688,15-03-2023,2023,3,March,Q1,West,Washington,Coffee & Creamers,Nescafé,Online,Mass Market,5,8.99,44.95,2.25,42.7,10.27
ORD-101112,CUST-0609,15-03-2023,2023,3,March,Q1,West,Nevada,International Foods,Abuelita,Online,Mass Market,10,5.49,54.9,2.75,52.16,15.5
ORD-101502,CUST-0270,15-03-2023,2023,3,March,Q1,East,New York,Baking,Nestlé Toll House,Retail,Premium,100,4.99,499,24.95,474.05,158.93
ORD-101803,CUST-0194,15-03-2023,2023,3,March,Q1,East,Maryland,Frozen Pizza,Tombstone,Retail,Family,30,6.99,209.7,31.46,178.24,42.97
ORD-101897,CUST-0663,15-03-2023,2023,3,March,Q1,Central,Wisconsin,Baking,Carnation,Supermarket,Health & Wellness,50,3.99,199.5,15.96,183.54,54.59
ORD-102157,CUST-0031,15-03-2023,2023,3,March,Q1,West,Arizona,Frozen Pizza,DiGiorno,Online,Health & Wellness,20,7.99,159.8,3.2,156.6,42.36
ORD-103080,CUST-0260,15-03-2023,2023,3,March,Q1,South,Louisiana,International Foods,Maggi,Online,Family,50,4.29,214.5,17.16,197.34,46.54
ORD-103158,CUST-0097,15-03-2023,2023,3,March,Q1,West,Nevada,International Foods,El Mejor Nido,Online,Premium,20,8.49,169.8,8.49,161.31,51.4
ORD-104005,CUST-0527,15-03-2023,2023,3,March,Q1,West,California,International Foods,Abuelita,Wholesale,Family,25,5.49,137.25,10.98,126.27,33.71
ORD-100019,CUST-0669,16-03-2023,2023,3,March,Q1,East,Maryland,International Foods,Abuelita,Retail,Mass Market,100,5.49,549,27.45,521.55,143.21
ORD-100083,CUST-0533,16-03-2023,2023,3,March,Q1,East,Virginia,International Foods,Maggi,Wholesale,Mass Market,5,4.29,21.45,0,21.45,6.44
ORD-101162,CUST-0121,16-03-2023,2023,3,March,Q1,West,Washington,Coffee & Creamers,Coffee mate,Convenience,Family,30,7.49,224.7,17.98,206.72,59.08
ORD-101321,CUST-0741,16-03-2023,2023,3,March,Q1,West,Nevada,Coffee & Creamers,Coffee mate,Convenience,Premium,40,7.49,299.6,29.96,269.64,81.63
ORD-101549,CUST-0684,16-03-2023,2023,3,March,Q1,West,Arizona,Frozen Foods,Lean Cuisine,Retail,Mass Market,25,6.49,162.25,12.98,149.27,36.7
ORD-102273,CUST-0146,17-03-2023,2023,3,March,Q1,East,Maryland,Frozen Foods,Lean Cuisine,Online,Premium,15,6.49,97.35,7.79,89.56,22.71
ORD-102671,CUST-0607,17-03-2023,2023,3,March,Q1,Central,Ohio,International Foods,Maggi,Retail,Mass Market,15,4.29,64.35,5.15,59.2,17.69
ORD-103735,CUST-0339,17-03-2023,2023,3,March,Q1,West,Colorado,International Foods,Maggi,Retail,Mass Market,15,4.29,64.35,0,64.35,17.66
ORD-104933,CUST-0790,17-03-2023,2023,3,March,Q1,South,North Carolina,Baking,La Lechera,Supermarket,Health & Wellness,25,4.49,112.25,0,112.25,31.35
ORD-100255,CUST-0345,18-03-2023,2023,3,March,Q1,West,California,Baking,Carnation,Wholesale,Health & Wellness,15,3.99,59.85,2.99,56.86,18.95
ORD-101164,CUST-0046,18-03-2023,2023,3,March,Q1,Central,Minnesota,Coffee & Creamers,Nescafé,Retail,Family,20,8.99,179.8,17.98,161.82,45.1
ORD-101771,CUST-0393,18-03-2023,2023,3,March,Q1,East,Massachusetts,Drinks,Nesquik,Wholesale,Mass Market,20,6.49,129.8,0,129.8,29.89
ORD-102872,CUST-0596,18-03-2023,2023,3,March,Q1,South,Louisiana,Frozen Pizza,Tombstone,Online,Family,100,6.99,699,34.95,664.05,147.82
ORD-100316,CUST-0558,19-03-2023,2023,3,March,Q1,Central,Illinois,Frozen Foods,Hot Pockets,Convenience,Mass Market,30,5.99,179.7,8.99,170.72,39.55
ORD-100577,CUST-0736,19-03-2023,2023,3,March,Q1,West,Washington,International Foods,Abuelita,Retail,Family,5,5.49,27.45,4.12,23.33,7.64
ORD-101457,CUST-0483,19-03-2023,2023,3,March,Q1,Central,Michigan,Frozen Foods,Stouffer's,Online,Mass Market,75,8.99,674.25,0,674.25,152.47
ORD-102559,CUST-0164,19-03-2023,2023,3,March,Q1,West,Nevada,Drinks,Milo,Supermarket,Health & Wellness,10,5.99,59.9,5.99,53.91,13.98
ORD-102852,CUST-0172,19-03-2023,2023,3,March,Q1,West,Nevada,Frozen Foods,Hot Pockets,Convenience,Mass Market,15,5.99,89.85,8.99,80.87,15.68
ORD-104876,CUST-0385,19-03-2023,2023,3,March,Q1,Central,Michigan,Drinks,Nido,Online,Health & Wellness,10,10.99,109.9,0,109.9,24.51
ORD-100114,CUST-0111,20-03-2023,2023,3,March,Q1,South,North Carolina,International Foods,Maggi,Retail,Mass Market,10,4.29,42.9,8.58,34.32,9.93
ORD-100660,CUST-0698,20-03-2023,2023,3,March,Q1,Central,Missouri,Drinks,Nido,Retail,Mass Market,15,10.99,164.85,0,164.85,43.67
ORD-101160,CUST-0027,20-03-2023,2023,3,March,Q1,West,Nevada,Baking,Nestlé Toll House,Supermarket,Mass Market,15,4.99,74.85,3.74,71.11,22.08
ORD-104844,CUST-0779,20-03-2023,2023,3,March,Q1,West,California,Frozen Foods,Hot Pockets,Supermarket,Family,25,5.99,149.75,0,149.75,40.11
ORD-100807,CUST-0123,21-03-2023,2023,3,March,Q1,South,North Carolina,Baking,Carnation,Online,Family,75,3.99,299.25,29.92,269.32,66.13
ORD-102511,CUST-0780,21-03-2023,2023,3,March,Q1,West,Nevada,Drinks,Nido,Online,Family,15,10.99,164.85,24.73,140.12,30.38
ORD-102630,CUST-0230,21-03-2023,2023,3,March,Q1,East,Pennsylvania,Frozen Pizza,DiGiorno,Online,Mass Market,30,7.99,239.7,35.96,203.74,44.81
ORD-102803,CUST-0533,21-03-2023,2023,3,March,Q1,South,Tennessee,Frozen Pizza,Jack's Pizza,Online,Family,5,5.99,29.95,0,29.95,8.54
ORD-100217,CUST-0568,22-03-2023,2023,3,March,Q1,East,Virginia,Coffee & Creamers,Nescafé CLASICO,Wholesale,Health & Wellness,15,9.49,142.35,7.12,135.23,38.96
ORD-100627,CUST-0283,22-03-2023,2023,3,March,Q1,East,New York,Coffee & Creamers,Nescafé,Retail,Health & Wellness,50,8.99,449.5,22.48,427.02,115.6
ORD-101792,CUST-0060,22-03-2023,2023,3,March,Q1,Central,Missouri,Coffee & Creamers,Nescafé,Supermarket,Family,20,8.99,179.8,8.99,170.81,51.68
ORD-102945,CUST-0195,22-03-2023,2023,3,March,Q1,Central,Michigan,Frozen Pizza,DiGiorno,Wholesale,Premium,10,7.99,79.9,1.6,78.3,21.85
ORD-100211,CUST-0165,23-03-2023,2023,3,March,Q1,Central,Ohio,Coffee & Creamers,Nescafé CLASICO,Retail,Health & Wellness,30,9.49,284.7,14.24,270.46,77.81
ORD-101414,CUST-0761,23-03-2023,2023,3,March,Q1,West,California,Frozen Foods,Lean Cuisine,Supermarket,Premium,20,6.49,129.8,10.38,119.42,28.48
ORD-103783,CUST-0651,23-03-2023,2023,3,March,Q1,West,California,Baking,La Lechera,Supermarket,Premium,20,4.49,89.8,8.98,80.82,24.62
ORD-104336,CUST-0535,23-03-2023,2023,3,March,Q1,West,Nevada,Frozen Foods,Lean Cuisine,Convenience,Premium,75,6.49,486.75,48.68,438.08,93.64
ORD-104868,CUST-0692,23-03-2023,2023,3,March,Q1,West,Arizona,Coffee & Creamers,Nescafé,Supermarket,Family,25,8.99,224.75,4.5,220.26,60.84
ORD-103199,CUST-0627,24-03-2023,2023,3,March,Q1,West,California,Baking,La Lechera,Supermarket,Mass Market,20,4.49,89.8,4.49,85.31,28.37
ORD-101396,CUST-0463,25-03-2023,2023,3,March,Q1,South,Louisiana,Coffee & Creamers,Coffee mate,Online,Mass Market,20,7.49,149.8,11.98,137.82,37.51
ORD-101964,CUST-0424,26-03-2023,2023,3,March,Q1,East,Pennsylvania,Baking,Nestlé Toll House,Wholesale,Premium,25,4.99,124.75,18.71,106.04,33.99
ORD-103666,CUST-0740,26-03-2023,2023,3,March,Q1,East,Massachusetts,Baking,La Lechera,Retail,Health & Wellness,75,4.49,336.75,16.84,319.91,96.93
ORD-104965,CUST-0546,26-03-2023,2023,3,March,Q1,East,Virginia,Drinks,Nesquik,Retail,Premium,40,6.49,259.6,0,259.6,50.39
ORD-100464,CUST-0288,27-03-2023,2023,3,March,Q1,Central,Ohio,Frozen Pizza,DiGiorno,Online,Mass Market,5,7.99,39.95,2,37.95,9.91
ORD-102533,CUST-0593,27-03-2023,2023,3,March,Q1,East,Maryland,Frozen Foods,Hot Pockets,Online,Mass Market,25,5.99,149.75,7.49,142.26,30.65
ORD-100079,CUST-0670,28-03-2023,2023,3,March,Q1,East,New Jersey,Coffee & Creamers,Nescafé,Online,Premium,15,8.99,134.85,0,134.85,37.7
ORD-102387,CUST-0166,28-03-2023,2023,3,March,Q1,East,Virginia,International Foods,Maggi,Retail,Family,15,4.29,64.35,9.65,54.7,15.27
ORD-103571,CUST-0320,28-03-2023,2023,3,March,Q1,East,Virginia,Drinks,Nesquik,Supermarket,Premium,15,6.49,97.35,7.79,89.56,24.26
ORD-104564,CUST-0737,28-03-2023,2023,3,March,Q1,West,California,International Foods,Maggi,Retail,Family,50,4.29,214.5,42.9,171.6,46.41
ORD-101145,CUST-0545,29-03-2023,2023,3,March,Q1,West,Oregon,Frozen Pizza,DiGiorno,Supermarket,Mass Market,40,7.99,319.6,25.57,294.03,80.49
ORD-101440,CUST-0678,30-03-2023,2023,3,March,Q1,Central,Ohio,Baking,Nestlé Toll House,Retail,Family,50,4.99,249.5,0,249.5,80.11
ORD-101665,CUST-0075,30-03-2023,2023,3,March,Q1,South,North Carolina,Frozen Pizza,Tombstone,Online,Family,30,6.99,209.7,0,209.7,52.23
ORD-102943,CUST-0339,30-03-2023,2023,3,March,Q1,East,New Jersey,International Foods,Maggi,Wholesale,Premium,50,4.29,214.5,0,214.5,60.72
ORD-103127,CUST-0462,30-03-2023,2023,3,March,Q1,Central,Wisconsin,Frozen Foods,Hot Pockets,Supermarket,Mass Market,50,5.99,299.5,44.92,254.58,49.08
ORD-100189,CUST-0645,31-03-2023,2023,3,March,Q1,Central,Missouri,Frozen Pizza,DiGiorno,Retail,Health & Wellness,25,7.99,199.75,0,199.75,50.75
ORD-100425,CUST-0580,31-03-2023,2023,3,March,Q1,West,Arizona,Frozen Pizza,Tombstone,Convenience,Mass Market,50,6.99,349.5,0,349.5,81.55
ORD-103424,CUST-0155,31-03-2023,2023,3,March,Q1,West,Washington,Drinks,Nido,Supermarket,Health & Wellness,15,10.99,164.85,3.3,161.55,42.25
ORD-104204,CUST-0413,31-03-2023,2023,3,March,Q1,South,Tennessee,Frozen Pizza,Tombstone,Supermarket,Family,15,6.99,104.85,5.24,99.61,30.52
ORD-101352,CUST-0401,01-04-2023,2023,4,April,Q2,Central,Missouri,Frozen Foods,Lean Cuisine,Wholesale,Premium,20,6.49,129.8,12.98,116.82,26.2
ORD-103316,CUST-0308,01-04-2023,2023,4,April,Q2,Central,Missouri,Frozen Foods,Stouffer's,Supermarket,Mass Market,5,8.99,44.95,2.25,42.7,8.7
ORD-103849,CUST-0493,01-04-2023,2023,4,April,Q2,Central,Ohio,Coffee & Creamers,Coffee mate,Convenience,Premium,75,7.49,561.75,0,561.75,144.17
ORD-100563,CUST-0604,02-04-2023,2023,4,April,Q2,West,Oregon,Coffee & Creamers,Nescafé,Online,Mass Market,20,8.99,179.8,8.99,170.81,48.5
ORD-101264,CUST-0062,02-04-2023,2023,4,April,Q2,East,Pennsylvania,Baking,La Lechera,Wholesale,Health & Wellness,100,4.49,449,35.92,413.08,123.58
ORD-102109,CUST-0354,02-04-2023,2023,4,April,Q2,East,New York,Baking,Nestlé Toll House,Convenience,Mass Market,40,4.99,199.6,9.98,189.62,66.55
ORD-102392,CUST-0104,02-04-2023,2023,4,April,Q2,West,Nevada,Baking,Nestlé Toll House,Retail,Premium,30,4.99,149.7,2.99,146.71,44.22
ORD-103191,CUST-0035,02-04-2023,2023,4,April,Q2,East,New Jersey,International Foods,Maggi,Retail,Health & Wellness,20,4.29,85.8,0,85.8,27.63
ORD-100584,CUST-0677,03-04-2023,2023,4,April,Q2,East,Massachusetts,Baking,Nestlé Toll House,Supermarket,Family,5,4.99,24.95,3.74,21.21,5.86
ORD-101516,CUST-0623,03-04-2023,2023,4,April,Q2,West,California,Frozen Foods,Stouffer's,Wholesale,Mass Market,50,8.99,449.5,0,449.5,105.61
ORD-102306,CUST-0433,03-04-2023,2023,4,April,Q2,East,Massachusetts,Coffee & Creamers,Nescafé,Online,Health & Wellness,25,8.99,224.75,0,224.75,54.82
ORD-104962,CUST-0438,03-04-2023,2023,4,April,Q2,West,Washington,Baking,Carnation,Supermarket,Mass Market,20,3.99,79.8,7.98,71.82,22.5
ORD-100759,CUST-0475,04-04-2023,2023,4,April,Q2,South,Georgia,Drinks,Nesquik,Retail,Family,15,6.49,97.35,4.87,92.48,23.29
ORD-102097,CUST-0150,04-04-2023,2023,4,April,Q2,Central,Minnesota,Baking,Nestlé Toll House,Supermarket,Mass Market,5,4.99,24.95,3.74,21.21,5.82
ORD-102834,CUST-0445,04-04-2023,2023,4,April,Q2,East,New York,Baking,Nestlé Toll House,Wholesale,Mass Market,40,4.99,199.6,39.92,159.68,50.2
ORD-103548,CUST-0179,04-04-2023,2023,4,April,Q2,East,Maryland,Coffee & Creamers,Nescafé CLASICO,Online,Premium,25,9.49,237.25,11.86,225.39,60.74
ORD-103961,CUST-0108,04-04-2023,2023,4,April,Q2,Central,Missouri,Frozen Foods,Hot Pockets,Supermarket,Premium,40,5.99,239.6,0,239.6,44.38
ORD-100454,CUST-0417,05-04-2023,2023,4,April,Q2,South,Louisiana,Coffee & Creamers,Nescafé,Retail,Family,20,8.99,179.8,8.99,170.81,46.53
ORD-102316,CUST-0042,05-04-2023,2023,4,April,Q2,West,Washington,Frozen Pizza,DiGiorno,Supermarket,Family,20,7.99,159.8,12.78,147.02,35.17
ORD-103700,CUST-0048,05-04-2023,2023,4,April,Q2,West,Colorado,Frozen Foods,Hot Pockets,Supermarket,Mass Market,5,5.99,29.95,0,29.95,6.35
ORD-100248,CUST-0228,06-04-2023,2023,4,April,Q2,South,Texas,Frozen Foods,Stouffer's,Retail,Mass Market,5,8.99,44.95,0.9,44.05,8.33
ORD-104669,CUST-0538,06-04-2023,2023,4,April,Q2,Central,Minnesota,Drinks,Milo,Convenience,Health & Wellness,15,5.99,89.85,7.19,82.66,21.17
ORD-103174,CUST-0383,07-04-2023,2023,4,April,Q2,West,Nevada,Coffee & Creamers,Nescafé CLASICO,Supermarket,Mass Market,30,9.49,284.7,0,284.7,69.76
ORD-103264,CUST-0011,07-04-2023,2023,4,April,Q2,West,Colorado,Frozen Pizza,Jack's Pizza,Online,Premium,100,5.99,599,59.9,539.1,140.12
ORD-100806,CUST-0130,08-04-2023,2023,4,April,Q2,Central,Michigan,Baking,Nestlé Toll House,Online,Family,40,4.99,199.6,0,199.6,64.92
ORD-103567,CUST-0053,08-04-2023,2023,4,April,Q2,Central,Missouri,Coffee & Creamers,Nescafé,Wholesale,Premium,25,8.99,224.75,17.98,206.77,60.02
ORD-100819,CUST-0775,09-04-2023,2023,4,April,Q2,West,Arizona,Coffee & Creamers,Nescafé CLASICO,Wholesale,Family,20,9.49,189.8,15.18,174.62,52.78
ORD-101459,CUST-0435,09-04-2023,2023,4,April,Q2,West,Nevada,Baking,Carnation,Wholesale,Mass Market,10,3.99,39.9,2,37.91,12.73
ORD-102118,CUST-0625,09-04-2023,2023,4,April,Q2,Central,Wisconsin,Frozen Pizza,DiGiorno,Retail,Health & Wellness,15,7.99,119.85,9.59,110.26,21.05
ORD-103284,CUST-0218,09-04-2023,2023,4,April,Q2,South,Tennessee,Baking,Nestlé Toll House,Online,Family,5,4.99,24.95,1.25,23.7,5.9
ORD-104083,CUST-0529,09-04-2023,2023,4,April,Q2,Central,Ohio,Drinks,Nesquik,Online,Family,75,6.49,486.75,0,486.75,108.29
ORD-104407,CUST-0453,09-04-2023,2023,4,April,Q2,South,Texas,Coffee & Creamers,Coffee mate,Supermarket,Premium,25,7.49,187.25,37.45,149.8,40.71
ORD-101841,CUST-0430,10-04-2023,2023,4,April,Q2,East,Maryland,Frozen Foods,Lean Cuisine,Online,Mass Market,10,6.49,64.9,5.19,59.71,18.24
ORD-101852,CUST-0387,10-04-2023,2023,4,April,Q2,South,North Carolina,Drinks,Nido,Supermarket,Family,40,10.99,439.6,35.17,404.43,103.37
ORD-104613,CUST-0170,10-04-2023,2023,4,April,Q2,East,Virginia,Coffee & Creamers,Nescafé CLASICO,Retail,Mass Market,20,9.49,189.8,0,189.8,57.09
ORD-100436,CUST-0173,11-04-2023,2023,4,April,Q2,Central,Minnesota,Baking,La Lechera,Retail,Premium,30,4.49,134.7,10.78,123.92,41.34
ORD-100986,CUST-0039,11-04-2023,2023,4,April,Q2,East,New York,Drinks,Milo,Retail,Mass Market,40,5.99,239.6,19.17,220.43,55.91
ORD-101191,CUST-0620,11-04-2023,2023,4,April,Q2,West,Nevada,Frozen Pizza,Tombstone,Wholesale,Mass Market,30,6.99,209.7,0,209.7,49.53
ORD-102488,CUST-0225,11-04-2023,2023,4,April,Q2,South,North Carolina,Frozen Foods,Lean Cuisine,Online,Premium,30,6.49,194.7,0,194.7,42.2
ORD-102642,CUST-0353,11-04-2023,2023,4,April,Q2,West,Colorado,Baking,Carnation,Supermarket,Health & Wellness,40,3.99,159.6,12.77,146.83,42.58
ORD-102682,CUST-0465,11-04-2023,2023,4,April,Q2,South,Florida,Baking,Carnation,Online,Premium,25,3.99,99.75,9.98,89.78,24.83
ORD-102706,CUST-0030,11-04-2023,2023,4,April,Q2,South,North Carolina,Baking,Carnation,Retail,Premium,30,3.99,119.7,0,119.7,36.3
ORD-103815,CUST-0451,11-04-2023,2023,4,April,Q2,West,Colorado,Frozen Pizza,Tombstone,Convenience,Health & Wellness,10,6.99,69.9,1.4,68.5,16.72
ORD-104553,CUST-0651,11-04-2023,2023,4,April,Q2,West,Oregon,Coffee & Creamers,Nescafé,Supermarket,Family,15,8.99,134.85,10.79,124.06,35.23
ORD-100999,CUST-0747,12-04-2023,2023,4,April,Q2,South,Texas,International Foods,Abuelita,Wholesale,Mass Market,40,5.49,219.6,21.96,197.64,54.31
ORD-101337,CUST-0627,12-04-2023,2023,4,April,Q2,West,Colorado,Coffee & Creamers,Nescafé CLASICO,Wholesale,Premium,5,9.49,47.45,2.37,45.08,14.21
ORD-101681,CUST-0379,12-04-2023,2023,4,April,Q2,East,Pennsylvania,Coffee & Creamers,Coffee mate,Retail,Premium,5,7.49,37.45,3.75,33.71,9.37
ORD-102644,CUST-0175,12-04-2023,2023,4,April,Q2,Central,Ohio,Frozen Pizza,DiGiorno,Online,Mass Market,20,7.99,159.8,12.78,147.02,53.22
ORD-101739,CUST-0392,13-04-2023,2023,4,April,Q2,East,New Jersey,Frozen Pizza,DiGiorno,Supermarket,Premium,30,7.99,239.7,0,239.7,56.74
ORD-102581,CUST-0528,13-04-2023,2023,4,April,Q2,West,Colorado,Drinks,Milo,Retail,Family,40,5.99,239.6,4.79,234.81,59.59
ORD-102670,CUST-0599,13-04-2023,2023,4,April,Q2,East,New York,Drinks,Milo,Wholesale,Family,20,5.99,119.8,11.98,107.82,24.02
ORD-100072,CUST-0034,14-04-2023,2023,4,April,Q2,West,Oregon,International Foods,Maggi,Wholesale,Premium,100,4.29,429,0,429,113.53
ORD-102065,CUST-0079,14-04-2023,2023,4,April,Q2,West,Arizona,Frozen Pizza,DiGiorno,Retail,Family,20,7.99,159.8,15.98,143.82,36.38
ORD-103280,CUST-0679,14-04-2023,2023,4,April,Q2,South,Tennessee,Frozen Foods,Stouffer's,Retail,Mass Market,5,8.99,44.95,3.6,41.35,8.09
ORD-104007,CUST-0604,14-04-2023,2023,4,April,Q2,East,Maryland,Drinks,Nido,Retail,Health & Wellness,15,10.99,164.85,8.24,156.61,32.59
ORD-104516,CUST-0095,14-04-2023,2023,4,April,Q2,East,Pennsylvania,Frozen Pizza,Tombstone,Supermarket,Premium,100,6.99,699,104.85,594.15,174.6
ORD-100537,CUST-0163,15-04-2023,2023,4,April,Q2,South,Louisiana,Baking,Nestlé Toll House,Retail,Family,10,4.99,49.9,1,48.9,15
ORD-101526,CUST-0476,15-04-2023,2023,4,April,Q2,West,Oregon,Frozen Pizza,DiGiorno,Wholesale,Premium,5,7.99,39.95,3.2,36.75,7.53
ORD-101713,CUST-0789,15-04-2023,2023,4,April,Q2,South,Georgia,Drinks,Nido,Supermarket,Mass Market,10,10.99,109.9,8.79,101.11,20.75
ORD-102433,CUST-0212,15-04-2023,2023,4,April,Q2,South,Tennessee,Frozen Foods,Hot Pockets,Supermarket,Premium,15,5.99,89.85,8.99,80.87,20.62
ORD-103890,CUST-0756,15-04-2023,2023,4,April,Q2,East,Massachusetts,International Foods,El Mejor Nido,Retail,Mass Market,20,8.49,169.8,16.98,152.82,44.73
ORD-104366,CUST-0237,15-04-2023,2023,4,April,Q2,Central,Ohio,Frozen Pizza,DiGiorno,Online,Health & Wellness,40,7.99,319.6,25.57,294.03,82.93
ORD-104165,CUST-0595,16-04-2023,2023,4,April,Q2,Central,Michigan,Frozen Pizza,Tombstone,Supermarket,Mass Market,50,6.99,349.5,17.48,332.02,83.4
ORD-104197,CUST-0398,16-04-2023,2023,4,April,Q2,West,Colorado,Coffee & Creamers,Nescafé,Online,Premium,30,8.99,269.7,26.97,242.73,72.74
ORD-104504,CUST-0593,16-04-2023,2023,4,April,Q2,West,Colorado,Drinks,Nesquik,Wholesale,Mass Market,10,6.49,64.9,5.19,59.71,16.45
ORD-100602,CUST-0721,17-04-2023,2023,4,April,Q2,East,New Jersey,Drinks,Nesquik,Convenience,Family,5,6.49,32.45,3.25,29.2,5.59
ORD-101125,CUST-0617,18-04-2023,2023,4,April,Q2,Central,Missouri,Coffee & Creamers,Nescafé CLASICO,Online,Mass Market,100,9.49,949,47.45,901.55,229.92
ORD-101566,CUST-0481,18-04-2023,2023,4,April,Q2,East,Virginia,Coffee & Creamers,Nescafé,Retail,Mass Market,20,8.99,179.8,0,179.8,48.43
ORD-101855,CUST-0721,18-04-2023,2023,4,April,Q2,South,North Carolina,Frozen Foods,Hot Pockets,Online,Premium,30,5.99,179.7,0,179.7,33.8
ORD-100922,CUST-0209,19-04-2023,2023,4,April,Q2,East,Virginia,Coffee & Creamers,Coffee mate,Retail,Family,50,7.49,374.5,56.18,318.32,80.07
ORD-101564,CUST-0440,19-04-2023,2023,4,April,Q2,East,Maryland,International Foods,El Mejor Nido,Wholesale,Health & Wellness,15,8.49,127.35,0,127.35,32.87
ORD-102009,CUST-0519,19-04-2023,2023,4,April,Q2,West,Oregon,Coffee & Creamers,Nescafé CLASICO,Retail,Family,5,9.49,47.45,4.74,42.71,12.49
ORD-102283,CUST-0257,19-04-2023,2023,4,April,Q2,East,New Jersey,Drinks,Nesquik,Retail,Family,50,6.49,324.5,32.45,292.05,65.37
ORD-102367,CUST-0545,19-04-2023,2023,4,April,Q2,West,Nevada,Frozen Foods,Hot Pockets,Online,Mass Market,40,5.99,239.6,11.98,227.62,60.34
ORD-102487,CUST-0243,19-04-2023,2023,4,April,Q2,East,Maryland,Frozen Foods,Hot Pockets,Online,Premium,25,5.99,149.75,0,149.75,29.82
ORD-102731,CUST-0769,19-04-2023,2023,4,April,Q2,Central,Illinois,Frozen Foods,Stouffer's,Wholesale,Mass Market,15,8.99,134.85,6.74,128.11,29.04
ORD-104346,CUST-0232,19-04-2023,2023,4,April,Q2,East,Massachusetts,Coffee & Creamers,Coffee mate,Online,Family,20,7.49,149.8,0,149.8,42.65
ORD-104522,CUST-0674,19-04-2023,2023,4,April,Q2,Central,Wisconsin,Coffee & Creamers,Coffee mate,Retail,Mass Market,25,7.49,187.25,0,187.25,45.79
ORD-104848,CUST-0169,19-04-2023,2023,4,April,Q2,West,Colorado,Coffee & Creamers,Coffee mate,Retail,Health & Wellness,5,7.49,37.45,0,37.45,9.34
ORD-102257,CUST-0051,20-04-2023,2023,4,April,Q2,East,Massachusetts,Baking,Carnation,Supermarket,Mass Market,75,3.99,299.25,14.96,284.29,92.74
ORD-100129,CUST-0699,21-04-2023,2023,4,April,Q2,West,California,Coffee & Creamers,Nescafé,Wholesale,Health & Wellness,30,8.99,269.7,40.46,229.24,69.36
ORD-101493,CUST-0458,21-04-2023,2023,4,April,Q2,West,Washington,Frozen Foods,Lean Cuisine,Supermarket,Family,30,6.49,194.7,9.74,184.96,40.6
ORD-102915,CUST-0657,21-04-2023,2023,4,April,Q2,West,Oregon,Drinks,Nesquik,Retail,Mass Market,20,6.49,129.8,6.49,123.31,29.26
ORD-103729,CUST-0772,21-04-2023,2023,4,April,Q2,West,Nevada,Drinks,Nido,Online,Health & Wellness,75,10.99,824.25,41.21,783.04,197.81
ORD-103965,CUST-0780,21-04-2023,2023,4,April,Q2,West,Nevada,Baking,Carnation,Supermarket,Mass Market,30,3.99,119.7,11.97,107.73,32.44
ORD-104271,CUST-0569,21-04-2023,2023,4,April,Q2,Central,Michigan,Coffee & Creamers,Nescafé CLASICO,Retail,Family,25,9.49,237.25,11.86,225.39,59.45
ORD-100519,CUST-0627,23-04-2023,2023,4,April,Q2,South,Texas,Drinks,Nido,Retail,Health & Wellness,10,10.99,109.9,21.98,87.92,24.22
ORD-101316,CUST-0267,23-04-2023,2023,4,April,Q2,Central,Illinois,International Foods,Maggi,Convenience,Family,30,4.29,128.7,6.44,122.26,32.49
ORD-101099,CUST-0166,24-04-2023,2023,4,April,Q2,South,Texas,Frozen Pizza,Tombstone,Retail,Health & Wellness,10,6.99,69.9,3.5,66.4,19.25
ORD-100245,CUST-0426,25-04-2023,2023,4,April,Q2,West,Arizona,Frozen Foods,Hot Pockets,Retail,Health & Wellness,10,5.99,59.9,5.99,53.91,11.58
ORD-100318,CUST-0353,25-04-2023,2023,4,April,Q2,West,Colorado,Frozen Foods,Stouffer's,Retail,Premium,20,8.99,179.8,0,179.8,40.39
ORD-101863,CUST-0282,25-04-2023,2023,4,April,Q2,West,Arizona,Baking,La Lechera,Supermarket,Premium,75,4.49,336.75,26.94,309.81,87.79
ORD-103088,CUST-0578,25-04-2023,2023,4,April,Q2,West,Colorado,Baking,La Lechera,Wholesale,Mass Market,30,4.49,134.7,6.74,127.97,39.55
ORD-101289,CUST-0202,26-04-2023,2023,4,April,Q2,West,Oregon,International Foods,Abuelita,Retail,Mass Market,40,5.49,219.6,0,219.6,62.81
ORD-101985,CUST-0708,26-04-2023,2023,4,April,Q2,West,Colorado,Frozen Foods,Hot Pockets,Retail,Premium,50,5.99,299.5,23.96,275.54,57.2
ORD-103812,CUST-0214,26-04-2023,2023,4,April,Q2,East,Massachusetts,Frozen Pizza,Tombstone,Retail,Health & Wellness,5,6.99,34.95,0,34.95,9.07
ORD-103906,CUST-0435,26-04-2023,2023,4,April,Q2,East,Maryland,Frozen Foods,Stouffer's,Convenience,Family,20,8.99,179.8,14.38,165.42,39.81
ORD-104004,CUST-0371,26-04-2023,2023,4,April,Q2,West,Oregon,Frozen Foods,Hot Pockets,Supermarket,Mass Market,40,5.99,239.6,47.92,191.68,50.31
ORD-100907,CUST-0521,27-04-2023,2023,4,April,Q2,South,North Carolina,Frozen Foods,Hot Pockets,Wholesale,Premium,40,5.99,239.6,11.98,227.62,54.93
ORD-102522,CUST-0337,27-04-2023,2023,4,April,Q2,West,Arizona,Baking,Carnation,Supermarket,Health & Wellness,15,3.99,59.85,8.98,50.87,16.52
ORD-104883,CUST-0117,27-04-2023,2023,4,April,Q2,South,Texas,Frozen Pizza,Tombstone,Supermarket,Mass Market,10,6.99,69.9,0,69.9,16.36
ORD-100045,CUST-0295,28-04-2023,2023,4,April,Q2,West,Washington,Coffee & Creamers,Nescafé,Retail,Health & Wellness,15,8.99,134.85,0,134.85,32.13
ORD-100065,CUST-0650,28-04-2023,2023,4,April,Q2,East,New Jersey,Frozen Pizza,DiGiorno,Supermarket,Family,5,7.99,39.95,2,37.95,8.87
ORD-101496,CUST-0425,28-04-2023,2023,4,April,Q2,Central,Illinois,Baking,Nestlé Toll House,Supermarket,Family,10,4.99,49.9,0,49.9,16.25
ORD-101630,CUST-0778,28-04-2023,2023,4,April,Q2,East,Maryland,Frozen Foods,Hot Pockets,Retail,Mass Market,100,5.99,599,89.85,509.15,137.73
ORD-101835,CUST-0725,28-04-2023,2023,4,April,Q2,South,North Carolina,Frozen Pizza,DiGiorno,Supermarket,Mass Market,30,7.99,239.7,19.18,220.52,53.93
ORD-103468,CUST-0557,28-04-2023,2023,4,April,Q2,Central,Minnesota,Baking,Nestlé Toll House,Convenience,Mass Market,30,4.99,149.7,0,149.7,48.71
ORD-101241,CUST-0303,29-04-2023,2023,4,April,Q2,South,Louisiana,Frozen Pizza,DiGiorno,Retail,Family,10,7.99,79.9,1.6,78.3,18.66
ORD-101537,CUST-0716,29-04-2023,2023,4,April,Q2,West,Washington,Baking,Carnation,Supermarket,Mass Market,15,3.99,59.85,0,59.85,16.36
ORD-102081,CUST-0536,29-04-2023,2023,4,April,Q2,West,California,Frozen Foods,Hot Pockets,Convenience,Health & Wellness,10,5.99,59.9,1.2,58.7,14.05
ORD-102410,CUST-0313,29-04-2023,2023,4,April,Q2,East,Massachusetts,International Foods,Maggi,Retail,Family,15,4.29,64.35,1.29,63.06,15.36
ORD-103252,CUST-0705,29-04-2023,2023,4,April,Q2,West,California,Drinks,Milo,Retail,Health & Wellness,20,5.99,119.8,5.99,113.81,31.31
ORD-104089,CUST-0209,29-04-2023,2023,4,April,Q2,South,Georgia,Coffee & Creamers,Nescafé CLASICO,Convenience,Family,40,9.49,379.6,18.98,360.62,83.47
ORD-100169,CUST-0134,30-04-2023,2023,4,April,Q2,West,Washington,Coffee & Creamers,Nescafé,Wholesale,Family,20,8.99,179.8,14.38,165.42,42.21
ORD-100324,CUST-0384,30-04-2023,2023,4,April,Q2,East,New York,Frozen Pizza,Jack's Pizza,Supermarket,Family,40,5.99,239.6,19.17,220.43,57.07
ORD-101575,CUST-0768,30-04-2023,2023,4,April,Q2,West,Arizona,Baking,La Lechera,Convenience,Mass Market,100,4.49,449,22.45,426.55,133.69
ORD-101745,CUST-0311,30-04-2023,2023,4,April,Q2,East,New Jersey,International Foods,Abuelita,Online,Family,40,5.49,219.6,0,219.6,63.01
ORD-103679,CUST-0140,30-04-2023,2023,4,April,Q2,South,Louisiana,Frozen Foods,Hot Pockets,Supermarket,Family,75,5.99,449.25,44.92,404.32,91.17
ORD-100959,CUST-0145,01-05-2023,2023,5,May,Q2,West,California,Coffee & Creamers,Nescafé CLASICO,Retail,Premium,100,9.49,949,47.45,901.55,283.78
ORD-102726,CUST-0100,01-05-2023,2023,5,May,Q2,East,Virginia,Drinks,Nido,Supermarket,Premium,15,10.99,164.85,8.24,156.61,38.93
ORD-102753,CUST-0736,01-05-2023,2023,5,May,Q2,West,Nevada,International Foods,Abuelita,Retail,Family,30,5.49,164.7,8.24,156.46,40.38
ORD-100797,CUST-0596,02-05-2023,2023,5,May,Q2,South,Texas,Drinks,Nido,Online,Family,25,10.99,274.75,5.5,269.26,64.17
ORD-101382,CUST-0099,02-05-2023,2023,5,May,Q2,East,Maryland,International Foods,El Mejor Nido,Retail,Family,10,8.49,84.9,8.49,76.41,24.81
ORD-103780,CUST-0183,02-05-2023,2023,5,May,Q2,South,Florida,Frozen Foods,Hot Pockets,Retail,Premium,40,5.99,239.6,19.17,220.43,54.43
ORD-103928,CUST-0727,02-05-2023,2023,5,May,Q2,Central,Missouri,Coffee & Creamers,Nescafé,Online,Mass Market,40,8.99,359.6,7.19,352.41,92.15
ORD-104275,CUST-0793,02-05-2023,2023,5,May,Q2,Central,Ohio,Baking,La Lechera,Retail,Mass Market,40,4.49,179.6,0,179.6,56.13
ORD-100423,CUST-0668,03-05-2023,2023,5,May,Q2,West,Nevada,Frozen Pizza,Tombstone,Retail,Family,50,6.99,349.5,6.99,342.51,91.52
ORD-101642,CUST-0119,03-05-2023,2023,5,May,Q2,South,Georgia,International Foods,Maggi,Convenience,Mass Market,15,4.29,64.35,6.44,57.91,16.96
ORD-101823,CUST-0212,03-05-2023,2023,5,May,Q2,Central,Minnesota,Frozen Foods,Hot Pockets,Online,Family,40,5.99,239.6,0,239.6,49.43
ORD-102371,CUST-0733,03-05-2023,2023,5,May,Q2,Central,Wisconsin,Frozen Foods,Stouffer's,Online,Family,25,8.99,224.75,4.5,220.26,58.73
ORD-104498,CUST-0603,03-05-2023,2023,5,May,Q2,West,California,Drinks,Nesquik,Wholesale,Mass Market,10,6.49,64.9,3.25,61.66,14.94
ORD-104778,CUST-0333,03-05-2023,2023,5,May,Q2,East,Pennsylvania,Coffee & Creamers,Nescafé CLASICO,Online,Mass Market,20,9.49,189.8,18.98,170.82,48.74
ORD-104867,CUST-0512,03-05-2023,2023,5,May,Q2,East,Virginia,International Foods,El Mejor Nido,Online,Family,100,8.49,849,0,849,242.71
ORD-101011,CUST-0517,04-05-2023,2023,5,May,Q2,West,Oregon,International Foods,Maggi,Retail,Family,25,4.29,107.25,5.36,101.89,29.81
ORD-101708,CUST-0293,04-05-2023,2023,5,May,Q2,West,California,Frozen Pizza,DiGiorno,Retail,Family,75,7.99,599.25,11.98,587.26,163.37
ORD-101717,CUST-0334,04-05-2023,2023,5,May,Q2,West,Washington,Coffee & Creamers,Nescafé CLASICO,Online,Health & Wellness,20,9.49,189.8,3.8,186,46.22
ORD-101719,CUST-0682,04-05-2023,2023,5,May,Q2,South,Tennessee,Baking,La Lechera,Supermarket,Family,15,4.49,67.35,1.35,66,21.02
ORD-103383,CUST-0101,04-05-2023,2023,5,May,Q2,West,Colorado,Baking,Carnation,Wholesale,Family,15,3.99,59.85,0,59.85,17.09
ORD-103730,CUST-0102,04-05-2023,2023,5,May,Q2,Central,Illinois,Coffee & Creamers,Nescafé CLASICO,Online,Family,75,9.49,711.75,56.94,654.81,176
ORD-101016,CUST-0757,05-05-2023,2023,5,May,Q2,South,North Carolina,International Foods,Abuelita,Supermarket,Health & Wellness,20,5.49,109.8,16.47,93.33,29.47
ORD-101196,CUST-0663,05-05-2023,2023,5,May,Q2,South,Louisiana,Baking,Nestlé Toll House,Wholesale,Mass Market,25,4.99,124.75,6.24,118.51,37.59
ORD-103381,CUST-0597,05-05-2023,2023,5,May,Q2,East,Massachusetts,Frozen Foods,Hot Pockets,Retail,Family,25,5.99,149.75,0,149.75,32.84
ORD-100334,CUST-0023,06-05-2023,2023,5,May,Q2,West,Washington,International Foods,Abuelita,Supermarket,Family,25,5.49,137.25,13.73,123.52,32.37
ORD-100621,CUST-0630,06-05-2023,2023,5,May,Q2,West,Washington,Baking,La Lechera,Wholesale,Family,25,4.49,112.25,11.23,101.02,31.5
ORD-102082,CUST-0625,06-05-2023,2023,5,May,Q2,West,Colorado,Baking,La Lechera,Convenience,Family,10,4.49,44.9,3.59,41.31,11.92
ORD-103543,CUST-0290,06-05-2023,2023,5,May,Q2,West,Oregon,Drinks,Milo,Supermarket,Family,15,5.99,89.85,0,89.85,18.92
ORD-103639,CUST-0179,06-05-2023,2023,5,May,Q2,East,Pennsylvania,Drinks,Nido,Convenience,Family,15,10.99,164.85,13.19,151.66,32.35
ORD-103478,CUST-0022,07-05-2023,2023,5,May,Q2,Central,Illinois,Frozen Pizza,Tombstone,Convenience,Mass Market,20,6.99,139.8,0,139.8,31.94
ORD-104917,CUST-0673,07-05-2023,2023,5,May,Q2,East,Massachusetts,International Foods,Maggi,Retail,Health & Wellness,15,4.29,64.35,12.87,51.48,14.7
ORD-100388,CUST-0370,08-05-2023,2023,5,May,Q2,West,Washington,International Foods,Maggi,Supermarket,Mass Market,15,4.29,64.35,3.22,61.13,17.11
ORD-100710,CUST-0462,09-05-2023,2023,5,May,Q2,Central,Missouri,International Foods,Maggi,Supermarket,Mass Market,40,4.29,171.6,13.73,157.87,39.1
ORD-100834,CUST-0103,09-05-2023,2023,5,May,Q2,West,Colorado,Baking,Carnation,Retail,Premium,30,3.99,119.7,23.94,95.76,29.9
ORD-101923,CUST-0525,09-05-2023,2023,5,May,Q2,Central,Wisconsin,Frozen Pizza,DiGiorno,Retail,Family,5,7.99,39.95,2,37.95,9.43
ORD-102676,CUST-0769,09-05-2023,2023,5,May,Q2,East,Massachusetts,Frozen Foods,Hot Pockets,Supermarket,Mass Market,40,5.99,239.6,23.96,215.64,42.41
ORD-104187,CUST-0449,09-05-2023,2023,5,May,Q2,West,Nevada,Coffee & Creamers,Coffee mate,Retail,Family,100,7.49,749,0,749,211.39
ORD-104212,CUST-0619,09-05-2023,2023,5,May,Q2,Central,Michigan,Baking,La Lechera,Retail,Premium,100,4.49,449,0,449,144
ORD-101233,CUST-0071,11-05-2023,2023,5,May,Q2,West,Oregon,International Foods,Maggi,Retail,Health & Wellness,15,4.29,64.35,1.29,63.06,14.07
ORD-102269,CUST-0663,11-05-2023,2023,5,May,Q2,West,Washington,Frozen Pizza,Tombstone,Wholesale,Family,40,6.99,279.6,13.98,265.62,62.2
ORD-102378,CUST-0013,11-05-2023,2023,5,May,Q2,South,North Carolina,Frozen Pizza,Jack's Pizza,Supermarket,Premium,20,5.99,119.8,2.4,117.4,23.44
ORD-102821,CUST-0195,11-05-2023,2023,5,May,Q2,South,Tennessee,Frozen Foods,Stouffer's,Retail,Family,10,8.99,89.9,0,89.9,17.77
ORD-103171,CUST-0438,11-05-2023,2023,5,May,Q2,Central,Missouri,Coffee & Creamers,Coffee mate,Supermarket,Premium,25,7.49,187.25,18.73,168.52,48.15
ORD-103868,CUST-0447,11-05-2023,2023,5,May,Q2,Central,Michigan,International Foods,El Mejor Nido,Supermarket,Mass Market,25,8.49,212.25,4.24,208,63.22
ORD-104519,CUST-0139,11-05-2023,2023,5,May,Q2,West,Colorado,Baking,La Lechera,Online,Family,20,4.49,89.8,0,89.8,30.89
ORD-102994,CUST-0770,12-05-2023,2023,5,May,Q2,East,New York,International Foods,Abuelita,Retail,Family,25,5.49,137.25,0,137.25,37.72
ORD-103541,CUST-0371,12-05-2023,2023,5,May,Q2,West,Arizona,Frozen Pizza,Tombstone,Retail,Family,10,6.99,69.9,3.5,66.4,16.9
ORD-102718,CUST-0623,13-05-2023,2023,5,May,Q2,South,Texas,Drinks,Nesquik,Wholesale,Family,30,6.49,194.7,0,194.7,54.04
ORD-100280,CUST-0437,14-05-2023,2023,5,May,Q2,South,Florida,Baking,La Lechera,Online,Mass Market,30,4.49,134.7,10.78,123.92,28.07
ORD-101259,CUST-0134,14-05-2023,2023,5,May,Q2,West,California,Coffee & Creamers,Coffee mate,Supermarket,Mass Market,20,7.49,149.8,11.98,137.82,36.09
ORD-102166,CUST-0279,14-05-2023,2023,5,May,Q2,South,Florida,Frozen Foods,Hot Pockets,Supermarket,Mass Market,75,5.99,449.25,89.85,359.4,71.33
ORD-103226,CUST-0350,14-05-2023,2023,5,May,Q2,South,North Carolina,Frozen Pizza,Tombstone,Wholesale,Family,20,6.99,139.8,20.97,118.83,29.64
ORD-104904,CUST-0183,14-05-2023,2023,5,May,Q2,East,Pennsylvania,Frozen Pizza,Jack's Pizza,Convenience,Premium,40,5.99,239.6,0,239.6,60.76
ORD-100719,CUST-0477,15-05-2023,2023,5,May,Q2,West,Washington,Frozen Foods,Hot Pockets,Supermarket,Family,10,5.99,59.9,1.2,58.7,11.31
ORD-101790,CUST-0265,15-05-2023,2023,5,May,Q2,East,New Jersey,Frozen Foods,Lean Cuisine,Wholesale,Mass Market,5,6.49,32.45,1.62,30.83,7.62
ORD-103214,CUST-0433,15-05-2023,2023,5,May,Q2,Central,Illinois,Drinks,Nesquik,Supermarket,Mass Market,10,6.49,64.9,0,64.9,14.42
ORD-103609,CUST-0773,15-05-2023,2023,5,May,Q2,South,North Carolina,Coffee & Creamers,Nescafé,Online,Mass Market,15,8.99,134.85,0,134.85,36.35
ORD-101702,CUST-0390,16-05-2023,2023,5,May,Q2,East,New York,International Foods,Abuelita,Supermarket,Mass Market,40,5.49,219.6,43.92,175.68,53.65
ORD-104291,CUST-0339,16-05-2023,2023,5,May,Q2,Central,Wisconsin,International Foods,Abuelita,Supermarket,Health & Wellness,40,5.49,219.6,0,219.6,63.46
ORD-100099,CUST-0335,17-05-2023,2023,5,May,Q2,West,Washington,Baking,La Lechera,Supermarket,Mass Market,25,4.49,112.25,8.98,103.27,31.94
ORD-100124,CUST-0030,17-05-2023,2023,5,May,Q2,West,Arizona,Coffee & Creamers,Nescafé,Retail,Family,10,8.99,89.9,13.49,76.42,27.01
ORD-100896,CUST-0130,17-05-2023,2023,5,May,Q2,West,Arizona,Frozen Foods,Stouffer's,Convenience,Mass Market,100,8.99,899,17.98,881.02,195.13
ORD-101015,CUST-0188,17-05-2023,2023,5,May,Q2,Central,Wisconsin,Frozen Foods,Stouffer's,Retail,Premium,75,8.99,674.25,33.71,640.54,135.65
ORD-102364,CUST-0152,17-05-2023,2023,5,May,Q2,East,New York,Coffee & Creamers,Nescafé CLASICO,Wholesale,Family,20,9.49,189.8,9.49,180.31,56.91
ORD-103027,CUST-0400,17-05-2023,2023,5,May,Q2,South,Georgia,Drinks,Nido,Retail,Mass Market,40,10.99,439.6,8.79,430.81,99.82
ORD-100793,CUST-0103,18-05-2023,2023,5,May,Q2,East,New Jersey,Frozen Pizza,DiGiorno,Retail,Premium,10,7.99,79.9,4,75.9,20.32
ORD-103881,CUST-0347,18-05-2023,2023,5,May,Q2,East,Massachusetts,Baking,La Lechera,Convenience,Premium,40,4.49,179.6,14.37,165.23,55.89
ORD-104307,CUST-0662,18-05-2023,2023,5,May,Q2,East,Maryland,Drinks,Milo,Retail,Family,25,5.99,149.75,7.49,142.26,29.66
ORD-104480,CUST-0587,18-05-2023,2023,5,May,Q2,Central,Illinois,Frozen Foods,Stouffer's,Online,Family,75,8.99,674.25,134.85,539.4,143.98
ORD-104887,CUST-0569,18-05-2023,2023,5,May,Q2,East,Massachusetts,Frozen Pizza,Jack's Pizza,Convenience,Mass Market,30,5.99,179.7,35.94,143.76,36.94
ORD-102418,CUST-0176,19-05-2023,2023,5,May,Q2,West,Oregon,Drinks,Nido,Online,Mass Market,75,10.99,824.25,65.94,758.31,182.55
ORD-103037,CUST-0478,19-05-2023,2023,5,May,Q2,East,New York,Drinks,Nesquik,Convenience,Family,30,6.49,194.7,0,194.7,49.62
ORD-103741,CUST-0451,19-05-2023,2023,5,May,Q2,South,Florida,Coffee & Creamers,Nescafé CLASICO,Convenience,Premium,15,9.49,142.35,2.85,139.5,35.45
ORD-104229,CUST-0561,19-05-2023,2023,5,May,Q2,East,New Jersey,Drinks,Milo,Wholesale,Mass Market,30,5.99,179.7,3.59,176.11,45.22
ORD-100612,CUST-0655,20-05-2023,2023,5,May,Q2,South,Louisiana,Coffee & Creamers,Coffee mate,Supermarket,Mass Market,15,7.49,112.35,5.62,106.73,29.66
ORD-101021,CUST-0560,20-05-2023,2023,5,May,Q2,Central,Ohio,Drinks,Milo,Retail,Health & Wellness,20,5.99,119.8,9.58,110.22,31.6
ORD-101606,CUST-0278,20-05-2023,2023,5,May,Q2,East,Massachusetts,Frozen Pizza,Tombstone,Online,Mass Market,40,6.99,279.6,27.96,251.64,61.53
ORD-101127,CUST-0242,21-05-2023,2023,5,May,Q2,West,Oregon,Drinks,Nesquik,Supermarket,Mass Market,75,6.49,486.75,0,486.75,109.06
ORD-104563,CUST-0120,21-05-2023,2023,5,May,Q2,South,Tennessee,Baking,Nestlé Toll House,Retail,Health & Wellness,20,4.99,99.8,0,99.8,26.96
ORD-102760,CUST-0009,22-05-2023,2023,5,May,Q2,West,Washington,Frozen Pizza,DiGiorno,Retail,Health & Wellness,20,7.99,159.8,3.2,156.6,38.2
ORD-103144,CUST-0541,22-05-2023,2023,5,May,Q2,Central,Michigan,Drinks,Nesquik,Online,Health & Wellness,20,6.49,129.8,10.38,119.42,32.51
ORD-104923,CUST-0196,22-05-2023,2023,5,May,Q2,Central,Wisconsin,Frozen Pizza,DiGiorno,Retail,Mass Market,5,7.99,39.95,4,35.96,6.65
ORD-100699,CUST-0157,23-05-2023,2023,5,May,Q2,West,Arizona,International Foods,Maggi,Online,Premium,10,4.29,42.9,6.44,36.46,11.33
ORD-102143,CUST-0324,23-05-2023,2023,5,May,Q2,Central,Missouri,Coffee & Creamers,Coffee mate,Retail,Family,25,7.49,187.25,28.09,159.16,42.3
ORD-102804,CUST-0053,23-05-2023,2023,5,May,Q2,South,Louisiana,Coffee & Creamers,Nescafé CLASICO,Supermarket,Family,40,9.49,379.6,0,379.6,105.71
ORD-103739,CUST-0133,23-05-2023,2023,5,May,Q2,Central,Missouri,Drinks,Nesquik,Retail,Mass Market,5,6.49,32.45,0,32.45,6.42
ORD-104008,CUST-0425,23-05-2023,2023,5,May,Q2,East,Massachusetts,Coffee & Creamers,Coffee mate,Wholesale,Mass Market,50,7.49,374.5,18.73,355.78,99.67
ORD-100527,CUST-0765,24-05-2023,2023,5,May,Q2,East,Pennsylvania,Drinks,Nido,Convenience,Premium,25,10.99,274.75,27.48,247.28,69.17
ORD-100712,CUST-0791,24-05-2023,2023,5,May,Q2,Central,Michigan,Frozen Pizza,Tombstone,Supermarket,Family,15,6.99,104.85,10.49,94.36,23.12
ORD-102876,CUST-0769,24-05-2023,2023,5,May,Q2,East,Maryland,International Foods,Abuelita,Supermarket,Mass Market,20,5.49,109.8,5.49,104.31,32.36
ORD-102991,CUST-0124,24-05-2023,2023,5,May,Q2,West,California,Frozen Pizza,Tombstone,Supermarket,Premium,20,6.99,139.8,0,139.8,30.96
ORD-104433,CUST-0357,24-05-2023,2023,5,May,Q2,East,Virginia,Baking,Nestlé Toll House,Retail,Mass Market,40,4.99,199.6,0,199.6,55.92
ORD-104605,CUST-0347,24-05-2023,2023,5,May,Q2,Central,Michigan,Drinks,Milo,Supermarket,Mass Market,20,5.99,119.8,5.99,113.81,26.03
ORD-103075,CUST-0792,25-05-2023,2023,5,May,Q2,Central,Ohio,Baking,La Lechera,Supermarket,Premium,20,4.49,89.8,13.47,76.33,25.19
ORD-100073,CUST-0032,26-05-2023,2023,5,May,Q2,West,Nevada,Frozen Foods,Hot Pockets,Supermarket,Mass Market,25,5.99,149.75,3,146.76,30.39
ORD-100506,CUST-0768,26-05-2023,2023,5,May,Q2,West,Washington,Frozen Foods,Hot Pockets,Online,Mass Market,15,5.99,89.85,8.99,80.87,17.09
ORD-100653,CUST-0746,26-05-2023,2023,5,May,Q2,Central,Ohio,Coffee & Creamers,Coffee mate,Retail,Mass Market,25,7.49,187.25,9.36,177.89,44.54
ORD-101038,CUST-0055,26-05-2023,2023,5,May,Q2,Central,Minnesota,Drinks,Milo,Online,Family,50,5.99,299.5,5.99,293.51,70.21
ORD-101216,CUST-0636,26-05-2023,2023,5,May,Q2,West,Arizona,Coffee & Creamers,Nescafé CLASICO,Online,Family,15,9.49,142.35,14.24,128.12,36.01
ORD-102284,CUST-0464,26-05-2023,2023,5,May,Q2,West,Arizona,Frozen Foods,Hot Pockets,Wholesale,Mass Market,15,5.99,89.85,4.49,85.36,17.46
ORD-103605,CUST-0019,26-05-2023,2023,5,May,Q2,West,Nevada,Frozen Pizza,DiGiorno,Supermarket,Health & Wellness,50,7.99,399.5,59.92,339.58,77.14
ORD-104471,CUST-0473,26-05-2023,2023,5,May,Q2,South,Louisiana,Coffee & Creamers,Coffee mate,Convenience,Family,30,7.49,224.7,0,224.7,64.37
ORD-104624,CUST-0616,26-05-2023,2023,5,May,Q2,Central,Ohio,International Foods,El Mejor Nido,Retail,Mass Market,15,8.49,127.35,12.74,114.62,31.42
ORD-100097,CUST-0055,27-05-2023,2023,5,May,Q2,Central,Illinois,Frozen Foods,Lean Cuisine,Online,Mass Market,15,6.49,97.35,1.95,95.4,22.05
ORD-100532,CUST-0752,27-05-2023,2023,5,May,Q2,South,North Carolina,Coffee & Creamers,Nescafé CLASICO,Supermarket,Mass Market,5,9.49,47.45,0,47.45,13.09
ORD-100744,CUST-0787,27-05-2023,2023,5,May,Q2,East,Massachusetts,Baking,La Lechera,Wholesale,Health & Wellness,15,4.49,67.35,0,67.35,18.45
ORD-101060,CUST-0528,27-05-2023,2023,5,May,Q2,Central,Michigan,International Foods,Abuelita,Retail,Premium,10,5.49,54.9,1.1,53.8,15.63
ORD-102797,CUST-0580,27-05-2023,2023,5,May,Q2,West,Washington,Frozen Foods,Hot Pockets,Supermarket,Premium,30,5.99,179.7,0,179.7,41.75
ORD-104548,CUST-0438,27-05-2023,2023,5,May,Q2,Central,Ohio,Drinks,Milo,Retail,Family,5,5.99,29.95,4.49,25.46,7.2
ORD-104743,CUST-0587,27-05-2023,2023,5,May,Q2,West,Oregon,Frozen Foods,Stouffer's,Retail,Premium,15,8.99,134.85,0,134.85,23.14
ORD-100775,CUST-0662,28-05-2023,2023,5,May,Q2,South,North Carolina,Baking,Carnation,Online,Health & Wellness,75,3.99,299.25,14.96,284.29,79.2
ORD-104028,CUST-0252,28-05-2023,2023,5,May,Q2,West,Arizona,International Foods,Maggi,Online,Mass Market,20,4.29,85.8,6.86,78.94,27.31
ORD-104537,CUST-0235,28-05-2023,2023,5,May,Q2,East,New Jersey,Coffee & Creamers,Coffee mate,Convenience,Premium,10,7.49,74.9,7.49,67.41,18.68
ORD-101134,CUST-0096,29-05-2023,2023,5,May,Q2,West,Oregon,Frozen Foods,Lean Cuisine,Online,Mass Market,100,6.49,649,64.9,584.1,131.09
ORD-103263,CUST-0554,29-05-2023,2023,5,May,Q2,East,Maryland,Frozen Pizza,DiGiorno,Online,Mass Market,20,7.99,159.8,7.99,151.81,41.17
ORD-103990,CUST-0432,29-05-2023,2023,5,May,Q2,South,Texas,Frozen Foods,Stouffer's,Online,Mass Market,25,8.99,224.75,4.5,220.26,52.95
ORD-103025,CUST-0046,30-05-2023,2023,5,May,Q2,West,Colorado,International Foods,Maggi,Retail,Health & Wellness,40,4.29,171.6,8.58,163.02,41.63
ORD-104927,CUST-0055,30-05-2023,2023,5,May,Q2,East,Pennsylvania,Baking,La Lechera,Retail,Mass Market,50,4.49,224.5,22.45,202.05,52.76
ORD-100912,CUST-0152,31-05-2023,2023,5,May,Q2,West,California,Frozen Foods,Stouffer's,Retail,Mass Market,5,8.99,44.95,0.9,44.05,9
ORD-102219,CUST-0096,31-05-2023,2023,5,May,Q2,South,Tennessee,Drinks,Milo,Wholesale,Mass Market,30,5.99,179.7,35.94,143.76,38.49
ORD-102482,CUST-0558,31-05-2023,2023,5,May,Q2,South,Florida,Drinks,Nido,Retail,Premium,10,10.99,109.9,5.5,104.4,24.76
ORD-104959,CUST-0294,31-05-2023,2023,5,May,Q2,West,Arizona,Baking,La Lechera,Retail,Mass Market,10,4.49,44.9,4.49,40.41,10.7
ORD-101793,CUST-0029,01-06-2023,2023,6,June,Q2,East,New Jersey,Baking,Nestlé Toll House,Online,Family,25,4.99,124.75,24.95,99.8,31.63
ORD-104405,CUST-0766,01-06-2023,2023,6,June,Q2,South,Texas,International Foods,Maggi,Retail,Mass Market,30,4.29,128.7,0,128.7,36.16
ORD-100538,CUST-0571,04-06-2023,2023,6,June,Q2,West,Colorado,Coffee & Creamers,Nescafé CLASICO,Wholesale,Health & Wellness,10,9.49,94.9,7.59,87.31,20.39
ORD-100548,CUST-0420,04-06-2023,2023,6,June,Q2,Central,Ohio,Coffee & Creamers,Nescafé CLASICO,Online,Premium,5,9.49,47.45,4.74,42.71,11.91
ORD-101762,CUST-0781,04-06-2023,2023,6,June,Q2,South,Tennessee,Frozen Foods,Stouffer's,Supermarket,Mass Market,30,8.99,269.7,5.39,264.31,62.48
ORD-102195,CUST-0019,04-06-2023,2023,6,June,Q2,West,Colorado,Drinks,Nido,Retail,Mass Market,15,10.99,164.85,8.24,156.61,31.85
ORD-102505,CUST-0039,04-06-2023,2023,6,June,Q2,West,Colorado,Coffee & Creamers,Nescafé CLASICO,Convenience,Family,5,9.49,47.45,7.12,40.33,11.49
ORD-103867,CUST-0786,04-06-2023,2023,6,June,Q2,East,Massachusetts,Drinks,Nido,Retail,Premium,40,10.99,439.6,43.96,395.64,95.88
ORD-104342,CUST-0430,04-06-2023,2023,6,June,Q2,West,California,Baking,La Lechera,Online,Family,25,4.49,112.25,5.61,106.64,33.4
ORD-104472,CUST-0491,04-06-2023,2023,6,June,Q2,South,North Carolina,Frozen Foods,Stouffer's,Supermarket,Family,50,8.99,449.5,0,449.5,89.19
ORD-101113,CUST-0115,05-06-2023,2023,6,June,Q2,West,Nevada,International Foods,El Mejor Nido,Retail,Mass Market,50,8.49,424.5,42.45,382.05,111.41
ORD-101612,CUST-0332,05-06-2023,2023,6,June,Q2,Central,Michigan,International Foods,El Mejor Nido,Supermarket,Premium,30,8.49,254.7,12.74,241.96,57.41
ORD-101733,CUST-0052,05-06-2023,2023,6,June,Q2,Central,Illinois,Coffee & Creamers,Coffee mate,Online,Mass Market,25,7.49,187.25,18.73,168.52,50.79
ORD-102554,CUST-0054,05-06-2023,2023,6,June,Q2,South,Tennessee,Coffee & Creamers,Nescafé,Wholesale,Mass Market,40,8.99,359.6,35.96,323.64,95.3
ORD-103361,CUST-0265,05-06-2023,2023,6,June,Q2,South,Florida,Frozen Foods,Stouffer's,Online,Family,20,8.99,179.8,8.99,170.81,41.82
ORD-104802,CUST-0436,05-06-2023,2023,6,June,Q2,West,Arizona,Baking,La Lechera,Retail,Mass Market,40,4.49,179.6,14.37,165.23,47.27
ORD-100510,CUST-0725,06-06-2023,2023,6,June,Q2,Central,Minnesota,Frozen Foods,Lean Cuisine,Retail,Premium,10,6.49,64.9,3.25,61.66,14.35
ORD-102910,CUST-0067,06-06-2023,2023,6,June,Q2,East,Virginia,Frozen Pizza,Jack's Pizza,Supermarket,Mass Market,10,5.99,59.9,3,56.91,13.63
ORD-104174,CUST-0782,06-06-2023,2023,6,June,Q2,Central,Missouri,Drinks,Milo,Wholesale,Health & Wellness,50,5.99,299.5,23.96,275.54,63.71
ORD-101429,CUST-0172,07-06-2023,2023,6,June,Q2,Central,Wisconsin,International Foods,El Mejor Nido,Supermarket,Family,10,8.49,84.9,6.79,78.11,18.48
ORD-103443,CUST-0211,07-06-2023,2023,6,June,Q2,West,Washington,Baking,Carnation,Convenience,Premium,10,3.99,39.9,0,39.9,13.31
ORD-104019,CUST-0580,07-06-2023,2023,6,June,Q2,East,Virginia,Frozen Pizza,Tombstone,Supermarket,Family,15,6.99,104.85,20.97,83.88,21.14
ORD-102796,CUST-0476,08-06-2023,2023,6,June,Q2,Central,Michigan,Coffee & Creamers,Nescafé CLASICO,Wholesale,Premium,40,9.49,379.6,0,379.6,130.38
ORD-104542,CUST-0791,08-06-2023,2023,6,June,Q2,East,Maryland,Frozen Pizza,Jack's Pizza,Supermarket,Family,30,5.99,179.7,26.96,152.74,42.31
ORD-104836,CUST-0233,08-06-2023,2023,6,June,Q2,West,Oregon,Drinks,Nido,Retail,Family,30,10.99,329.7,0,329.7,86.07
ORD-101174,CUST-0616,09-06-2023,2023,6,June,Q2,West,Colorado,Frozen Foods,Lean Cuisine,Retail,Premium,30,6.49,194.7,29.2,165.5,34.21
ORD-102441,CUST-0553,09-06-2023,2023,6,June,Q2,Central,Michigan,Coffee & Creamers,Nescafé CLASICO,Retail,Family,15,9.49,142.35,14.24,128.12,37.46
ORD-103962,CUST-0734,09-06-2023,2023,6,June,Q2,East,New Jersey,Baking,Nestlé Toll House,Wholesale,Family,15,4.99,74.85,0,74.85,20.96
ORD-101469,CUST-0412,10-06-2023,2023,6,June,Q2,South,Texas,Coffee & Creamers,Nescafé CLASICO,Wholesale,Premium,25,9.49,237.25,23.72,213.52,60.43
ORD-101597,CUST-0085,10-06-2023,2023,6,June,Q2,East,New Jersey,Coffee & Creamers,Nescafé CLASICO,Supermarket,Health & Wellness,20,9.49,189.8,9.49,180.31,51.54
ORD-102986,CUST-0576,10-06-2023,2023,6,June,Q2,South,Georgia,Frozen Foods,Lean Cuisine,Retail,Mass Market,25,6.49,162.25,3.24,159,38.57
ORD-103418,CUST-0740,10-06-2023,2023,6,June,Q2,Central,Illinois,Frozen Foods,Hot Pockets,Convenience,Mass Market,5,5.99,29.95,2.4,27.55,6.95
ORD-100085,CUST-0790,11-06-2023,2023,6,June,Q2,East,Massachusetts,International Foods,El Mejor Nido,Retail,Mass Market,30,8.49,254.7,20.38,234.32,72.03
ORD-101588,CUST-0100,11-06-2023,2023,6,June,Q2,East,New York,Baking,Carnation,Convenience,Mass Market,75,3.99,299.25,29.92,269.32,76.34
ORD-102586,CUST-0026,11-06-2023,2023,6,June,Q2,Central,Missouri,Baking,Nestlé Toll House,Supermarket,Premium,40,4.99,199.6,9.98,189.62,53.38
ORD-103114,CUST-0410,11-06-2023,2023,6,June,Q2,West,Nevada,Drinks,Nesquik,Online,Premium,5,6.49,32.45,1.62,30.83,7.64
ORD-103440,CUST-0605,11-06-2023,2023,6,June,Q2,South,Georgia,Drinks,Nesquik,Wholesale,Mass Market,40,6.49,259.6,5.19,254.41,65.71
ORD-102840,CUST-0580,12-06-2023,2023,6,June,Q2,East,Pennsylvania,International Foods,Maggi,Convenience,Premium,50,4.29,214.5,42.9,171.6,47.33
ORD-100081,CUST-0073,13-06-2023,2023,6,June,Q2,South,Texas,International Foods,Maggi,Online,Family,40,4.29,171.6,17.16,154.44,43.26
ORD-102523,CUST-0659,13-06-2023,2023,6,June,Q2,East,New Jersey,Frozen Foods,Lean Cuisine,Wholesale,Family,40,6.49,259.6,0,259.6,53.89
ORD-104826,CUST-0464,13-06-2023,2023,6,June,Q2,West,Colorado,Coffee & Creamers,Nescafé,Wholesale,Health & Wellness,75,8.99,674.25,0,674.25,213.54
ORD-102047,CUST-0539,14-06-2023,2023,6,June,Q2,West,California,Coffee & Creamers,Coffee mate,Supermarket,Mass Market,25,7.49,187.25,0,187.25,55.21
ORD-102234,CUST-0031,14-06-2023,2023,6,June,Q2,South,Georgia,Frozen Foods,Hot Pockets,Supermarket,Premium,50,5.99,299.5,44.92,254.58,56.77
ORD-100808,CUST-0483,15-06-2023,2023,6,June,Q2,South,Georgia,Frozen Pizza,Tombstone,Supermarket,Mass Market,10,6.99,69.9,3.5,66.4,15.72
ORD-101252,CUST-0589,15-06-2023,2023,6,June,Q2,East,Virginia,Frozen Foods,Lean Cuisine,Online,Health & Wellness,75,6.49,486.75,0,486.75,128.8
ORD-102575,CUST-0671,15-06-2023,2023,6,June,Q2,West,Arizona,International Foods,Maggi,Retail,Family,5,4.29,21.45,0.43,21.02,5.5
ORD-103132,CUST-0654,15-06-2023,2023,6,June,Q2,South,Louisiana,Coffee & Creamers,Nescafé,Retail,Mass Market,40,8.99,359.6,17.98,341.62,82.46
ORD-100021,CUST-0598,16-06-2023,2023,6,June,Q2,Central,Missouri,Drinks,Nesquik,Convenience,Premium,30,6.49,194.7,3.89,190.81,53.95
ORD-101218,CUST-0526,16-06-2023,2023,6,June,Q2,Central,Illinois,Coffee & Creamers,Coffee mate,Supermarket,Mass Market,15,7.49,112.35,0,112.35,29.36
ORD-101834,CUST-0726,16-06-2023,2023,6,June,Q2,Central,Michigan,Frozen Foods,Hot Pockets,Retail,Family,30,5.99,179.7,26.96,152.74,41.76
ORD-102366,CUST-0281,16-06-2023,2023,6,June,Q2,West,Oregon,Coffee & Creamers,Coffee mate,Online,Mass Market,25,7.49,187.25,14.98,172.27,51.56
ORD-102909,CUST-0463,16-06-2023,2023,6,June,Q2,East,Maryland,Baking,La Lechera,Retail,Premium,15,4.49,67.35,5.39,61.96,17.99
ORD-102927,CUST-0063,17-06-2023,2023,6,June,Q2,South,Tennessee,Coffee & Creamers,Nescafé,Wholesale,Health & Wellness,5,8.99,44.95,2.25,42.7,12.24
ORD-102113,CUST-0339,18-06-2023,2023,6,June,Q2,West,Washington,International Foods,Abuelita,Online,Premium,15,5.49,82.35,6.59,75.76,22.23
ORD-103801,CUST-0279,18-06-2023,2023,6,June,Q2,East,Maryland,Frozen Foods,Stouffer's,Online,Mass Market,15,8.99,134.85,2.7,132.15,29.31
ORD-104223,CUST-0433,18-06-2023,2023,6,June,Q2,South,Texas,Coffee & Creamers,Nescafé,Supermarket,Mass Market,40,8.99,359.6,0,359.6,85.17
ORD-104908,CUST-0098,18-06-2023,2023,6,June,Q2,West,Nevada,Frozen Foods,Hot Pockets,Convenience,Mass Market,75,5.99,449.25,35.94,413.31,89.59
ORD-101203,CUST-0559,19-06-2023,2023,6,June,Q2,West,California,Coffee & Creamers,Nescafé CLASICO,Wholesale,Family,30,9.49,284.7,22.78,261.92,80.36
ORD-102793,CUST-0629,19-06-2023,2023,6,June,Q2,Central,Minnesota,Frozen Pizza,DiGiorno,Online,Family,15,7.99,119.85,0,119.85,27.46
ORD-103740,CUST-0112,19-06-2023,2023,6,June,Q2,Central,Wisconsin,Frozen Foods,Stouffer's,Wholesale,Premium,20,8.99,179.8,14.38,165.42,36.07
ORD-103920,CUST-0190,19-06-2023,2023,6,June,Q2,South,Tennessee,Coffee & Creamers,Coffee mate,Retail,Family,15,7.49,112.35,0,112.35,30.23
ORD-103847,CUST-0767,20-06-2023,2023,6,June,Q2,South,Texas,Coffee & Creamers,Coffee mate,Retail,Family,15,7.49,112.35,0,112.35,36.27
ORD-102494,CUST-0259,21-06-2023,2023,6,June,Q2,East,Virginia,Coffee & Creamers,Coffee mate,Online,Family,15,7.49,112.35,5.62,106.73,31.31
ORD-104986,CUST-0320,21-06-2023,2023,6,June,Q2,West,Washington,Drinks,Nido,Retail,Mass Market,20,10.99,219.8,17.58,202.22,49.19
ORD-100441,CUST-0013,22-06-2023,2023,6,June,Q2,West,Nevada,International Foods,Maggi,Online,Premium,40,4.29,171.6,17.16,154.44,41.15
ORD-100594,CUST-0439,22-06-2023,2023,6,June,Q2,East,Pennsylvania,Baking,La Lechera,Convenience,Mass Market,30,4.49,134.7,0,134.7,43.24
ORD-103219,CUST-0645,22-06-2023,2023,6,June,Q2,Central,Ohio,Baking,Nestlé Toll House,Online,Premium,30,4.99,149.7,0,149.7,50.07
ORD-104721,CUST-0670,22-06-2023,2023,6,June,Q2,East,New Jersey,Baking,Nestlé Toll House,Supermarket,Mass Market,20,4.99,99.8,7.98,91.82,27.26
ORD-100133,CUST-0689,23-06-2023,2023,6,June,Q2,West,California,Baking,Nestlé Toll House,Supermarket,Family,50,4.99,249.5,12.48,237.02,62.87
ORD-100646,CUST-0160,23-06-2023,2023,6,June,Q2,South,Florida,International Foods,Abuelita,Retail,Family,25,5.49,137.25,0,137.25,40.77
ORD-101430,CUST-0610,23-06-2023,2023,6,June,Q2,South,North Carolina,Drinks,Nesquik,Retail,Family,30,6.49,194.7,0,194.7,44.59
ORD-101957,CUST-0327,23-06-2023,2023,6,June,Q2,Central,Ohio,Baking,La Lechera,Retail,Health & Wellness,25,4.49,112.25,0,112.25,34.52
ORD-102131,CUST-0550,23-06-2023,2023,6,June,Q2,West,Colorado,Baking,Nestlé Toll House,Retail,Mass Market,75,4.99,374.25,18.71,355.54,107.54
ORD-103318,CUST-0458,23-06-2023,2023,6,June,Q2,West,Washington,International Foods,Abuelita,Supermarket,Health & Wellness,75,5.49,411.75,41.18,370.58,106.76
ORD-103767,CUST-0622,23-06-2023,2023,6,June,Q2,Central,Illinois,Coffee & Creamers,Nescafé,Wholesale,Family,10,8.99,89.9,8.99,80.91,24.94
ORD-103790,CUST-0212,23-06-2023,2023,6,June,Q2,South,North Carolina,Coffee & Creamers,Coffee mate,Wholesale,Mass Market,40,7.49,299.6,29.96,269.64,75.92
ORD-104147,CUST-0060,23-06-2023,2023,6,June,Q2,West,Oregon,Coffee & Creamers,Nescafé,Wholesale,Mass Market,30,8.99,269.7,40.46,229.24,54.18
ORD-101030,CUST-0623,24-06-2023,2023,6,June,Q2,South,Louisiana,International Foods,Maggi,Supermarket,Family,25,4.29,107.25,0,107.25,26.44
ORD-101033,CUST-0146,24-06-2023,2023,6,June,Q2,West,Washington,Drinks,Nido,Online,Health & Wellness,5,10.99,54.95,2.75,52.2,11.03
ORD-101096,CUST-0529,24-06-2023,2023,6,June,Q2,West,Nevada,Frozen Foods,Stouffer's,Supermarket,Premium,20,8.99,179.8,0,179.8,38.47
ORD-101471,CUST-0149,24-06-2023,2023,6,June,Q2,Central,Minnesota,Baking,Nestlé Toll House,Online,Premium,10,4.99,49.9,3.99,45.91,13.29
ORD-102085,CUST-0545,24-06-2023,2023,6,June,Q2,Central,Minnesota,Drinks,Nido,Supermarket,Health & Wellness,15,10.99,164.85,8.24,156.61,33.52
ORD-103042,CUST-0716,24-06-2023,2023,6,June,Q2,South,Tennessee,International Foods,Maggi,Retail,Health & Wellness,40,4.29,171.6,0,171.6,45.89
ORD-103118,CUST-0237,24-06-2023,2023,6,June,Q2,West,Washington,Frozen Pizza,DiGiorno,Retail,Health & Wellness,50,7.99,399.5,39.95,359.55,93.49
ORD-103153,CUST-0562,24-06-2023,2023,6,June,Q2,Central,Ohio,Baking,Carnation,Wholesale,Premium,15,3.99,59.85,2.99,56.86,15.53
ORD-103198,CUST-0320,24-06-2023,2023,6,June,Q2,South,Florida,Drinks,Nesquik,Online,Mass Market,10,6.49,64.9,6.49,58.41,14.48
ORD-103759,CUST-0278,24-06-2023,2023,6,June,Q2,East,New Jersey,Drinks,Nido,Retail,Mass Market,20,10.99,219.8,10.99,208.81,48.5
ORD-103814,CUST-0245,24-06-2023,2023,6,June,Q2,Central,Missouri,International Foods,El Mejor Nido,Retail,Mass Market,10,8.49,84.9,6.79,78.11,20.98
ORD-102431,CUST-0071,25-06-2023,2023,6,June,Q2,Central,Missouri,Drinks,Milo,Supermarket,Premium,15,5.99,89.85,0,89.85,25.3
ORD-104211,CUST-0382,25-06-2023,2023,6,June,Q2,West,Oregon,Frozen Pizza,DiGiorno,Convenience,Mass Market,75,7.99,599.25,0,599.25,172.23
ORD-104583,CUST-0229,25-06-2023,2023,6,June,Q2,South,North Carolina,International Foods,Maggi,Convenience,Family,40,4.29,171.6,0,171.6,44.98
ORD-100567,CUST-0298,26-06-2023,2023,6,June,Q2,East,Pennsylvania,Drinks,Nesquik,Retail,Mass Market,30,6.49,194.7,9.74,184.96,45.92
ORD-101925,CUST-0631,26-06-2023,2023,6,June,Q2,South,Georgia,Frozen Foods,Hot Pockets,Convenience,Mass Market,15,5.99,89.85,8.99,80.87,16.5
ORD-102744,CUST-0468,26-06-2023,2023,6,June,Q2,West,Arizona,Frozen Foods,Lean Cuisine,Convenience,Premium,5,6.49,32.45,4.87,27.58,5.03
ORD-100263,CUST-0329,27-06-2023,2023,6,June,Q2,West,Washington,Frozen Foods,Hot Pockets,Supermarket,Family,30,5.99,179.7,0,179.7,31.97
ORD-100894,CUST-0709,27-06-2023,2023,6,June,Q2,East,New York,Frozen Pizza,DiGiorno,Supermarket,Mass Market,20,7.99,159.8,3.2,156.6,33.29
ORD-101019,CUST-0018,27-06-2023,2023,6,June,Q2,South,Texas,Frozen Pizza,Tombstone,Supermarket,Health & Wellness,50,6.99,349.5,27.96,321.54,82.35
ORD-101598,CUST-0343,27-06-2023,2023,6,June,Q2,West,Oregon,Frozen Foods,Lean Cuisine,Wholesale,Family,20,6.49,129.8,19.47,110.33,27.98
ORD-102292,CUST-0126,27-06-2023,2023,6,June,Q2,East,Massachusetts,Coffee & Creamers,Nescafé,Supermarket,Health & Wellness,20,8.99,179.8,14.38,165.42,45.5
ORD-102954,CUST-0119,27-06-2023,2023,6,June,Q2,East,Maryland,Baking,Nestlé Toll House,Retail,Health & Wellness,30,4.99,149.7,0,149.7,38.72
ORD-100647,CUST-0525,28-06-2023,2023,6,June,Q2,Central,Illinois,Frozen Pizza,Tombstone,Supermarket,Family,40,6.99,279.6,0,279.6,73.72
ORD-102495,CUST-0486,28-06-2023,2023,6,June,Q2,East,Pennsylvania,Frozen Foods,Hot Pockets,Supermarket,Mass Market,30,5.99,179.7,26.96,152.74,38.76
ORD-104251,CUST-0006,28-06-2023,2023,6,June,Q2,East,New Jersey,Frozen Foods,Hot Pockets,Retail,Family,75,5.99,449.25,0,449.25,98.09
ORD-100159,CUST-0435,29-06-2023,2023,6,June,Q2,West,Oregon,Frozen Pizza,Tombstone,Retail,Mass Market,15,6.99,104.85,5.24,99.61,26.24
ORD-100716,CUST-0556,29-06-2023,2023,6,June,Q2,South,North Carolina,Drinks,Nido,Supermarket,Health & Wellness,15,10.99,164.85,0,164.85,39.22
ORD-101487,CUST-0360,29-06-2023,2023,6,June,Q2,East,Pennsylvania,Frozen Foods,Stouffer's,Retail,Premium,15,8.99,134.85,13.48,121.36,21.74
ORD-101661,CUST-0674,29-06-2023,2023,6,June,Q2,Central,Missouri,International Foods,Abuelita,Wholesale,Mass Market,10,5.49,54.9,0,54.9,12.75
ORD-101807,CUST-0135,29-06-2023,2023,6,June,Q2,Central,Missouri,Coffee & Creamers,Coffee mate,Wholesale,Premium,100,7.49,749,37.45,711.55,202.4
ORD-102898,CUST-0066,29-06-2023,2023,6,June,Q2,East,New York,Baking,Nestlé Toll House,Online,Mass Market,5,4.99,24.95,4.99,19.96,6.11
ORD-103416,CUST-0778,29-06-2023,2023,6,June,Q2,Central,Missouri,Coffee & Creamers,Coffee mate,Online,Mass Market,30,7.49,224.7,11.24,213.46,63.38
ORD-103421,CUST-0003,29-06-2023,2023,6,June,Q2,South,Georgia,Baking,La Lechera,Wholesale,Mass Market,10,4.49,44.9,2.25,42.66,13.47
ORD-104794,CUST-0374,29-06-2023,2023,6,June,Q2,East,Massachusetts,Frozen Pizza,Jack's Pizza,Online,Mass Market,15,5.99,89.85,7.19,82.66,22.32
ORD-100141,CUST-0232,30-06-2023,2023,6,June,Q2,South,Louisiana,Frozen Foods,Stouffer's,Wholesale,Health & Wellness,25,8.99,224.75,17.98,206.77,43.1
ORD-102056,CUST-0209,30-06-2023,2023,6,June,Q2,Central,Ohio,Baking,Carnation,Supermarket,Family,50,3.99,199.5,0,199.5,48.7
ORD-102188,CUST-0296,30-06-2023,2023,6,June,Q2,South,Tennessee,Drinks,Milo,Convenience,Health & Wellness,50,5.99,299.5,23.96,275.54,66.12
ORD-102214,CUST-0739,30-06-2023,2023,6,June,Q2,South,Tennessee,Frozen Pizza,Tombstone,Supermarket,Mass Market,30,6.99,209.7,10.49,199.22,53.42
ORD-103312,CUST-0227,30-06-2023,2023,6,June,Q2,Central,Wisconsin,Frozen Foods,Lean Cuisine,Retail,Premium,10,6.49,64.9,0,64.9,15
ORD-101666,CUST-0744,01-07-2023,2023,7,July,Q3,South,Texas,Frozen Pizza,DiGiorno,Wholesale,Mass Market,10,7.99,79.9,0,79.9,17.72
ORD-104061,CUST-0691,01-07-2023,2023,7,July,Q3,East,Virginia,Drinks,Milo,Wholesale,Mass Market,50,5.99,299.5,14.98,284.52,68.65
ORD-104635,CUST-0576,01-07-2023,2023,7,July,Q3,West,Oregon,International Foods,El Mejor Nido,Wholesale,Health & Wellness,30,8.49,254.7,38.2,216.5,59.07
ORD-101008,CUST-0522,02-07-2023,2023,7,July,Q3,South,Tennessee,Drinks,Nido,Convenience,Family,100,10.99,1099,54.95,1044.05,260.76
ORD-102133,CUST-0273,02-07-2023,2023,7,July,Q3,Central,Ohio,Frozen Foods,Lean Cuisine,Retail,Health & Wellness,15,6.49,97.35,7.79,89.56,15.07
ORD-103353,CUST-0593,02-07-2023,2023,7,July,Q3,South,North Carolina,Coffee & Creamers,Coffee mate,Online,Mass Market,25,7.49,187.25,3.74,183.5,54.13
ORD-100174,CUST-0421,03-07-2023,2023,7,July,Q3,West,Nevada,Drinks,Milo,Retail,Family,75,5.99,449.25,44.92,404.32,98.72
ORD-100502,CUST-0603,03-07-2023,2023,7,July,Q3,Central,Missouri,Frozen Pizza,Tombstone,Wholesale,Health & Wellness,5,6.99,34.95,0,34.95,9.11
ORD-100523,CUST-0038,03-07-2023,2023,7,July,Q3,South,Georgia,Frozen Foods,Lean Cuisine,Retail,Family,10,6.49,64.9,1.3,63.6,17.31
ORD-103406,CUST-0164,03-07-2023,2023,7,July,Q3,South,North Carolina,Coffee & Creamers,Nescafé,Supermarket,Mass Market,30,8.99,269.7,21.58,248.12,78.97
ORD-100434,CUST-0321,04-07-2023,2023,7,July,Q3,West,California,Baking,La Lechera,Wholesale,Health & Wellness,20,4.49,89.8,4.49,85.31,24.53
ORD-102434,CUST-0737,04-07-2023,2023,7,July,Q3,East,Maryland,Baking,Carnation,Supermarket,Mass Market,10,3.99,39.9,3.99,35.91,10.73
ORD-103863,CUST-0544,04-07-2023,2023,7,July,Q3,East,Massachusetts,Frozen Foods,Hot Pockets,Supermarket,Mass Market,30,5.99,179.7,14.38,165.32,36
ORD-104575,CUST-0351,04-07-2023,2023,7,July,Q3,South,Tennessee,Baking,Nestlé Toll House,Convenience,Premium,10,4.99,49.9,1,48.9,13.56
ORD-100287,CUST-0516,05-07-2023,2023,7,July,Q3,East,Maryland,Coffee & Creamers,Coffee mate,Supermarket,Family,5,7.49,37.45,0.75,36.7,9.57
ORD-101650,CUST-0197,05-07-2023,2023,7,July,Q3,Central,Illinois,Baking,Nestlé Toll House,Convenience,Mass Market,40,4.99,199.6,0,199.6,60.66
ORD-103483,CUST-0524,05-07-2023,2023,7,July,Q3,East,Maryland,Coffee & Creamers,Nescafé,Supermarket,Premium,40,8.99,359.6,7.19,352.41,91.16
ORD-104144,CUST-0699,05-07-2023,2023,7,July,Q3,South,Florida,Coffee & Creamers,Coffee mate,Wholesale,Mass Market,100,7.49,749,14.98,734.02,218.82
ORD-100541,CUST-0570,06-07-2023,2023,7,July,Q3,South,Texas,Drinks,Nido,Supermarket,Premium,100,10.99,1099,54.95,1044.05,283.69
ORD-100788,CUST-0701,06-07-2023,2023,7,July,Q3,East,New Jersey,Baking,La Lechera,Online,Health & Wellness,10,4.49,44.9,0,44.9,13.88
ORD-101180,CUST-0201,06-07-2023,2023,7,July,Q3,Central,Minnesota,Frozen Foods,Hot Pockets,Supermarket,Family,30,5.99,179.7,3.59,176.11,35.79
ORD-102193,CUST-0337,06-07-2023,2023,7,July,Q3,Central,Ohio,Coffee & Creamers,Nescafé,Supermarket,Family,20,8.99,179.8,17.98,161.82,42.11
ORD-104096,CUST-0540,06-07-2023,2023,7,July,Q3,East,Maryland,Frozen Foods,Stouffer's,Retail,Premium,30,8.99,269.7,21.58,248.12,64.12
ORD-101150,CUST-0475,07-07-2023,2023,7,July,Q3,South,Georgia,Frozen Foods,Lean Cuisine,Retail,Premium,10,6.49,64.9,0,64.9,13.7
ORD-102850,CUST-0708,07-07-2023,2023,7,July,Q3,East,Pennsylvania,Baking,Nestlé Toll House,Retail,Premium,50,4.99,249.5,12.48,237.02,78.33
ORD-103528,CUST-0726,07-07-2023,2023,7,July,Q3,Central,Ohio,Baking,Carnation,Convenience,Family,50,3.99,199.5,0,199.5,57.05
ORD-103663,CUST-0280,07-07-2023,2023,7,July,Q3,West,Colorado,International Foods,El Mejor Nido,Online,Family,15,8.49,127.35,0,127.35,34.94
ORD-104961,CUST-0167,07-07-2023,2023,7,July,Q3,Central,Ohio,International Foods,Abuelita,Online,Mass Market,25,5.49,137.25,0,137.25,37.31
ORD-101938,CUST-0278,08-07-2023,2023,7,July,Q3,South,Tennessee,Coffee & Creamers,Coffee mate,Convenience,Health & Wellness,25,7.49,187.25,0,187.25,51.79
ORD-103788,CUST-0493,08-07-2023,2023,7,July,Q3,East,Maryland,International Foods,El Mejor Nido,Supermarket,Family,5,8.49,42.45,2.12,40.33,12.27
ORD-101623,CUST-0728,10-07-2023,2023,7,July,Q3,Central,Michigan,Frozen Foods,Hot Pockets,Retail,Premium,25,5.99,149.75,14.98,134.78,28.86
ORD-102473,CUST-0349,10-07-2023,2023,7,July,Q3,South,Tennessee,Frozen Foods,Lean Cuisine,Convenience,Mass Market,50,6.49,324.5,16.23,308.27,58.75
ORD-104077,CUST-0788,10-07-2023,2023,7,July,Q3,East,Massachusetts,Frozen Foods,Lean Cuisine,Convenience,Family,10,6.49,64.9,0,64.9,13.2
ORD-104716,CUST-0290,10-07-2023,2023,7,July,Q3,East,Pennsylvania,Frozen Foods,Hot Pockets,Wholesale,Health & Wellness,30,5.99,179.7,17.97,161.73,43.4
ORD-104722,CUST-0225,10-07-2023,2023,7,July,Q3,West,California,Baking,Carnation,Wholesale,Premium,10,3.99,39.9,0,39.9,12.19
ORD-103041,CUST-0756,11-07-2023,2023,7,July,Q3,West,Nevada,Frozen Foods,Stouffer's,Supermarket,Mass Market,25,8.99,224.75,4.5,220.26,57.79
ORD-104297,CUST-0781,11-07-2023,2023,7,July,Q3,West,Nevada,International Foods,El Mejor Nido,Retail,Family,5,8.49,42.45,2.12,40.33,11.55
ORD-100382,CUST-0549,12-07-2023,2023,7,July,Q3,Central,Missouri,Frozen Pizza,DiGiorno,Retail,Mass Market,25,7.99,199.75,0,199.75,47.61
ORD-102717,CUST-0686,12-07-2023,2023,7,July,Q3,Central,Ohio,Baking,Nestlé Toll House,Retail,Family,5,4.99,24.95,0,24.95,8.06
ORD-102274,CUST-0209,13-07-2023,2023,7,July,Q3,Central,Minnesota,Frozen Foods,Stouffer's,Wholesale,Mass Market,25,8.99,224.75,22.48,202.28,43.33
ORD-103887,CUST-0587,13-07-2023,2023,7,July,Q3,South,Texas,Drinks,Milo,Supermarket,Health & Wellness,15,5.99,89.85,1.8,88.05,17.63
ORD-102723,CUST-0254,14-07-2023,2023,7,July,Q3,South,North Carolina,Frozen Pizza,DiGiorno,Online,Health & Wellness,100,7.99,799,119.85,679.15,171.4
ORD-102937,CUST-0673,14-07-2023,2023,7,July,Q3,South,Georgia,Frozen Foods,Stouffer's,Convenience,Premium,5,8.99,44.95,4.5,40.46,8.57
ORD-103784,CUST-0743,14-07-2023,2023,7,July,Q3,South,Louisiana,International Foods,Maggi,Online,Mass Market,15,4.29,64.35,1.29,63.06,16.82
ORD-100715,CUST-0162,15-07-2023,2023,7,July,Q3,East,New Jersey,Frozen Foods,Hot Pockets,Retail,Mass Market,25,5.99,149.75,3,146.76,25.07
ORD-103073,CUST-0036,15-07-2023,2023,7,July,Q3,East,Pennsylvania,Drinks,Nesquik,Online,Family,10,6.49,64.9,5.19,59.71,13.8
ORD-103447,CUST-0300,15-07-2023,2023,7,July,Q3,South,North Carolina,Coffee & Creamers,Nescafé CLASICO,Online,Family,50,9.49,474.5,37.96,436.54,120.69
ORD-101161,CUST-0478,16-07-2023,2023,7,July,Q3,South,Florida,International Foods,Abuelita,Supermarket,Mass Market,5,5.49,27.45,2.2,25.25,7.52
ORD-100310,CUST-0406,17-07-2023,2023,7,July,Q3,East,Virginia,International Foods,El Mejor Nido,Retail,Family,40,8.49,339.6,50.94,288.66,91.2
ORD-100976,CUST-0501,17-07-2023,2023,7,July,Q3,West,Oregon,Coffee & Creamers,Coffee mate,Online,Premium,50,7.49,374.5,7.49,367.01,92.18
ORD-101282,CUST-0642,17-07-2023,2023,7,July,Q3,Central,Wisconsin,Drinks,Nido,Convenience,Premium,5,10.99,54.95,2.75,52.2,13.69
ORD-103772,CUST-0063,17-07-2023,2023,7,July,Q3,South,North Carolina,Drinks,Nido,Supermarket,Family,100,10.99,1099,54.95,1044.05,254.54
ORD-100711,CUST-0456,18-07-2023,2023,7,July,Q3,South,Georgia,Frozen Foods,Hot Pockets,Wholesale,Premium,100,5.99,599,11.98,587.02,132.43
ORD-100848,CUST-0158,18-07-2023,2023,7,July,Q3,South,Tennessee,Baking,Carnation,Supermarket,Health & Wellness,5,3.99,19.95,0.4,19.55,5.73
ORD-103668,CUST-0555,18-07-2023,2023,7,July,Q3,West,California,Coffee & Creamers,Coffee mate,Retail,Family,15,7.49,112.35,5.62,106.73,34.34
ORD-103671,CUST-0728,18-07-2023,2023,7,July,Q3,West,Washington,Coffee & Creamers,Nescafé,Online,Family,10,8.99,89.9,8.99,80.91,19.73
ORD-100676,CUST-0033,19-07-2023,2023,7,July,Q3,South,Florida,Frozen Foods,Lean Cuisine,Supermarket,Premium,30,6.49,194.7,15.58,179.12,36.56
ORD-100833,CUST-0708,19-07-2023,2023,7,July,Q3,West,Colorado,Baking,La Lechera,Retail,Family,15,4.49,67.35,5.39,61.96,20.21
ORD-101540,CUST-0723,19-07-2023,2023,7,July,Q3,Central,Missouri,Frozen Foods,Lean Cuisine,Online,Family,30,6.49,194.7,3.89,190.81,32.79
ORD-104574,CUST-0251,19-07-2023,2023,7,July,Q3,Central,Ohio,Frozen Foods,Hot Pockets,Wholesale,Health & Wellness,15,5.99,89.85,0,89.85,20.17
ORD-104032,CUST-0175,20-07-2023,2023,7,July,Q3,East,Maryland,Frozen Pizza,DiGiorno,Retail,Health & Wellness,40,7.99,319.6,0,319.6,69.46
ORD-104098,CUST-0473,20-07-2023,2023,7,July,Q3,West,California,Baking,La Lechera,Supermarket,Mass Market,20,4.49,89.8,0,89.8,26.28
ORD-100528,CUST-0676,21-07-2023,2023,7,July,Q3,East,Massachusetts,International Foods,Maggi,Online,Mass Market,100,4.29,429,42.9,386.1,109.79
ORD-101181,CUST-0691,21-07-2023,2023,7,July,Q3,South,Florida,Frozen Foods,Stouffer's,Online,Family,5,8.99,44.95,2.25,42.7,7.78
ORD-104260,CUST-0320,21-07-2023,2023,7,July,Q3,East,New York,Coffee & Creamers,Nescafé CLASICO,Supermarket,Health & Wellness,30,9.49,284.7,28.47,256.23,77.54
ORD-104538,CUST-0447,21-07-2023,2023,7,July,Q3,Central,Ohio,Baking,Carnation,Retail,Family,20,3.99,79.8,0,79.8,25.24
ORD-100680,CUST-0754,22-07-2023,2023,7,July,Q3,South,Tennessee,Baking,Carnation,Retail,Family,50,3.99,199.5,19.95,179.55,58.93
ORD-100769,CUST-0386,22-07-2023,2023,7,July,Q3,East,Pennsylvania,Baking,Nestlé Toll House,Retail,Mass Market,20,4.99,99.8,7.98,91.82,31
ORD-100942,CUST-0186,22-07-2023,2023,7,July,Q3,Central,Michigan,Frozen Pizza,DiGiorno,Wholesale,Mass Market,5,7.99,39.95,2,37.95,9.61
ORD-104444,CUST-0029,22-07-2023,2023,7,July,Q3,East,Pennsylvania,Frozen Foods,Lean Cuisine,Retail,Mass Market,30,6.49,194.7,15.58,179.12,35.56
ORD-104753,CUST-0094,23-07-2023,2023,7,July,Q3,Central,Missouri,Frozen Pizza,DiGiorno,Online,Health & Wellness,30,7.99,239.7,4.79,234.91,57.87
ORD-100156,CUST-0761,24-07-2023,2023,7,July,Q3,West,Oregon,Drinks,Nesquik,Wholesale,Health & Wellness,25,6.49,162.25,3.24,159,32.87
ORD-102206,CUST-0163,24-07-2023,2023,7,July,Q3,South,Florida,Baking,La Lechera,Supermarket,Health & Wellness,25,4.49,112.25,8.98,103.27,25.78
ORD-102643,CUST-0260,24-07-2023,2023,7,July,Q3,South,Louisiana,Coffee & Creamers,Nescafé,Retail,Health & Wellness,25,8.99,224.75,0,224.75,59.17
ORD-102564,CUST-0011,25-07-2023,2023,7,July,Q3,West,Washington,Frozen Foods,Stouffer's,Online,Premium,10,8.99,89.9,17.98,71.92,17.32
ORD-100991,CUST-0387,26-07-2023,2023,7,July,Q3,South,Tennessee,Baking,Nestlé Toll House,Retail,Mass Market,10,4.99,49.9,3.99,45.91,14.58
ORD-101880,CUST-0637,26-07-2023,2023,7,July,Q3,Central,Wisconsin,Coffee & Creamers,Nescafé,Wholesale,Family,5,8.99,44.95,0,44.95,14.78
ORD-103177,CUST-0582,26-07-2023,2023,7,July,Q3,Central,Missouri,Frozen Pizza,DiGiorno,Retail,Family,5,7.99,39.95,0,39.95,8.5
ORD-104894,CUST-0610,26-07-2023,2023,7,July,Q3,West,California,Baking,Carnation,Online,Family,5,3.99,19.95,2.99,16.96,4.81
ORD-100969,CUST-0007,27-07-2023,2023,7,July,Q3,Central,Michigan,Baking,Carnation,Retail,Mass Market,15,3.99,59.85,0,59.85,15.99
ORD-103411,CUST-0336,27-07-2023,2023,7,July,Q3,East,Massachusetts,International Foods,Maggi,Retail,Mass Market,15,4.29,64.35,5.15,59.2,15.62
ORD-103738,CUST-0240,27-07-2023,2023,7,July,Q3,Central,Missouri,Drinks,Nido,Wholesale,Premium,25,10.99,274.75,13.74,261.01,51.4
ORD-102035,CUST-0239,28-07-2023,2023,7,July,Q3,Central,Ohio,Drinks,Nesquik,Wholesale,Family,25,6.49,162.25,24.34,137.91,32.12
ORD-102882,CUST-0561,28-07-2023,2023,7,July,Q3,South,Georgia,Coffee & Creamers,Coffee mate,Supermarket,Family,30,7.49,224.7,22.47,202.23,57.08
ORD-102950,CUST-0099,28-07-2023,2023,7,July,Q3,South,Tennessee,Coffee & Creamers,Coffee mate,Online,Premium,25,7.49,187.25,9.36,177.89,52.16
ORD-101120,CUST-0549,29-07-2023,2023,7,July,Q3,West,Arizona,Baking,Nestlé Toll House,Supermarket,Premium,10,4.99,49.9,4.99,44.91,12.23
ORD-101211,CUST-0288,29-07-2023,2023,7,July,Q3,East,Maryland,Frozen Pizza,Tombstone,Convenience,Family,25,6.99,174.75,26.21,148.54,36.59
ORD-100220,CUST-0307,30-07-2023,2023,7,July,Q3,South,Texas,Baking,Nestlé Toll House,Supermarket,Mass Market,10,4.99,49.9,0,49.9,14.96
ORD-101660,CUST-0637,30-07-2023,2023,7,July,Q3,East,New Jersey,Drinks,Nesquik,Online,Family,20,6.49,129.8,19.47,110.33,24.35
ORD-102021,CUST-0021,31-07-2023,2023,7,July,Q3,South,Florida,Frozen Pizza,DiGiorno,Supermarket,Family,15,7.99,119.85,2.4,117.45,30.44
ORD-103231,CUST-0683,31-07-2023,2023,7,July,Q3,East,Virginia,International Foods,Abuelita,Online,Family,75,5.49,411.75,20.59,391.16,109.07
ORD-101208,CUST-0692,01-08-2023,2023,8,August,Q3,East,New York,International Foods,Abuelita,Convenience,Family,40,5.49,219.6,0,219.6,64.6
ORD-103173,CUST-0570,01-08-2023,2023,8,August,Q3,West,Oregon,Drinks,Nesquik,Convenience,Premium,25,6.49,162.25,12.98,149.27,39.5
ORD-103496,CUST-0016,01-08-2023,2023,8,August,Q3,West,Nevada,Frozen Foods,Lean Cuisine,Supermarket,Premium,50,6.49,324.5,32.45,292.05,65.63
ORD-102967,CUST-0773,02-08-2023,2023,8,August,Q3,Central,Missouri,Baking,Nestlé Toll House,Wholesale,Family,20,4.99,99.8,4.99,94.81,29.83
ORD-100319,CUST-0466,03-08-2023,2023,8,August,Q3,West,Arizona,International Foods,Maggi,Retail,Family,30,4.29,128.7,25.74,102.96,21.68
ORD-101152,CUST-0479,03-08-2023,2023,8,August,Q3,South,Texas,Coffee & Creamers,Coffee mate,Online,Mass Market,15,7.49,112.35,16.85,95.5,26.87
ORD-103595,CUST-0508,03-08-2023,2023,8,August,Q3,East,Pennsylvania,Frozen Foods,Stouffer's,Retail,Health & Wellness,40,8.99,359.6,71.92,287.68,63.73
ORD-101556,CUST-0152,04-08-2023,2023,8,August,Q3,West,California,Coffee & Creamers,Coffee mate,Convenience,Family,40,7.49,299.6,29.96,269.64,71.61
ORD-102060,CUST-0536,04-08-2023,2023,8,August,Q3,Central,Ohio,Frozen Foods,Stouffer's,Supermarket,Mass Market,10,8.99,89.9,4.5,85.4,18.37
ORD-104851,CUST-0603,04-08-2023,2023,8,August,Q3,South,Texas,Coffee & Creamers,Nescafé CLASICO,Online,Family,25,9.49,237.25,11.86,225.39,56.75
ORD-101187,CUST-0464,05-08-2023,2023,8,August,Q3,Central,Missouri,Coffee & Creamers,Coffee mate,Retail,Family,15,7.49,112.35,8.99,103.36,28.99
ORD-101511,CUST-0705,05-08-2023,2023,8,August,Q3,South,North Carolina,Frozen Pizza,Tombstone,Supermarket,Premium,75,6.99,524.25,41.94,482.31,137.58
ORD-103650,CUST-0526,05-08-2023,2023,8,August,Q3,South,Florida,Coffee & Creamers,Nescafé CLASICO,Wholesale,Mass Market,40,9.49,379.6,18.98,360.62,102.62
ORD-100482,CUST-0762,06-08-2023,2023,8,August,Q3,Central,Missouri,International Foods,Maggi,Supermarket,Premium,40,4.29,171.6,0,171.6,48.13
ORD-100683,CUST-0379,06-08-2023,2023,8,August,Q3,West,Arizona,Baking,Nestlé Toll House,Retail,Premium,40,4.99,199.6,9.98,189.62,55.05
ORD-101254,CUST-0221,06-08-2023,2023,8,August,Q3,West,Oregon,Frozen Foods,Lean Cuisine,Online,Mass Market,30,6.49,194.7,0,194.7,40.09
ORD-101827,CUST-0213,06-08-2023,2023,8,August,Q3,West,Colorado,Drinks,Nesquik,Retail,Health & Wellness,5,6.49,32.45,1.62,30.83,6.82
ORD-103362,CUST-0070,06-08-2023,2023,8,August,Q3,East,Pennsylvania,Frozen Pizza,Tombstone,Retail,Mass Market,100,6.99,699,69.9,629.1,182.93
ORD-103514,CUST-0343,06-08-2023,2023,8,August,Q3,South,Louisiana,Frozen Foods,Hot Pockets,Retail,Health & Wellness,15,5.99,89.85,4.49,85.36,17.39
ORD-100996,CUST-0008,07-08-2023,2023,8,August,Q3,West,Nevada,Frozen Pizza,DiGiorno,Online,Mass Market,30,7.99,239.7,11.99,227.72,55.73
ORD-101417,CUST-0641,07-08-2023,2023,8,August,Q3,West,Arizona,International Foods,Maggi,Supermarket,Mass Market,50,4.29,214.5,10.73,203.78,62.5
ORD-101980,CUST-0510,07-08-2023,2023,8,August,Q3,South,Texas,Frozen Foods,Hot Pockets,Supermarket,Mass Market,20,5.99,119.8,0,119.8,25.31
ORD-102614,CUST-0368,07-08-2023,2023,8,August,Q3,Central,Minnesota,Frozen Pizza,Jack's Pizza,Supermarket,Premium,20,5.99,119.8,11.98,107.82,29.66
ORD-104402,CUST-0242,07-08-2023,2023,8,August,Q3,East,New York,International Foods,Maggi,Retail,Health & Wellness,25,4.29,107.25,8.58,98.67,27.47
ORD-103201,CUST-0260,08-08-2023,2023,8,August,Q3,Central,Ohio,International Foods,El Mejor Nido,Retail,Family,10,8.49,84.9,1.7,83.2,23.69
ORD-103916,CUST-0329,08-08-2023,2023,8,August,Q3,East,Maryland,Frozen Foods,Hot Pockets,Supermarket,Health & Wellness,25,5.99,149.75,11.98,137.77,32.12
ORD-102288,CUST-0190,09-08-2023,2023,8,August,Q3,East,Massachusetts,Frozen Foods,Hot Pockets,Supermarket,Premium,25,5.99,149.75,0,149.75,31.71
ORD-102742,CUST-0329,09-08-2023,2023,8,August,Q3,West,California,Baking,Carnation,Supermarket,Family,15,3.99,59.85,5.98,53.86,16.19
ORD-102826,CUST-0609,09-08-2023,2023,8,August,Q3,South,Louisiana,Frozen Foods,Hot Pockets,Online,Family,40,5.99,239.6,35.94,203.66,45.53
ORD-103351,CUST-0667,09-08-2023,2023,8,August,Q3,West,Arizona,International Foods,Maggi,Retail,Mass Market,15,4.29,64.35,1.29,63.06,15.43
ORD-104622,CUST-0072,09-08-2023,2023,8,August,Q3,South,Florida,International Foods,Maggi,Online,Family,25,4.29,107.25,5.36,101.89,23.53
ORD-100943,CUST-0356,11-08-2023,2023,8,August,Q3,Central,Missouri,Frozen Pizza,Tombstone,Wholesale,Premium,20,6.99,139.8,6.99,132.81,31.24
ORD-101753,CUST-0308,11-08-2023,2023,8,August,Q3,West,Washington,Drinks,Nesquik,Supermarket,Mass Market,20,6.49,129.8,19.47,110.33,28.15
ORD-101830,CUST-0589,11-08-2023,2023,8,August,Q3,East,Massachusetts,Baking,Nestlé Toll House,Supermarket,Mass Market,25,4.99,124.75,18.71,106.04,29.19
ORD-104665,CUST-0206,11-08-2023,2023,8,August,Q3,South,North Carolina,Frozen Pizza,DiGiorno,Supermarket,Family,100,7.99,799,15.98,783.02,230.32
ORD-104501,CUST-0190,12-08-2023,2023,8,August,Q3,Central,Missouri,International Foods,Abuelita,Online,Mass Market,15,5.49,82.35,8.24,74.12,19.2
ORD-101035,CUST-0474,13-08-2023,2023,8,August,Q3,West,Colorado,Coffee & Creamers,Coffee mate,Retail,Premium,20,7.49,149.8,7.49,142.31,45.28
ORD-101726,CUST-0498,13-08-2023,2023,8,August,Q3,West,Oregon,Coffee & Creamers,Coffee mate,Supermarket,Premium,5,7.49,37.45,0.75,36.7,10.8
ORD-102286,CUST-0386,13-08-2023,2023,8,August,Q3,East,Pennsylvania,Baking,La Lechera,Retail,Health & Wellness,40,4.49,179.6,17.96,161.64,48.55
ORD-103611,CUST-0052,13-08-2023,2023,8,August,Q3,Central,Illinois,Drinks,Nido,Wholesale,Mass Market,10,10.99,109.9,2.2,107.7,29.98
ORD-100335,CUST-0222,14-08-2023,2023,8,August,Q3,West,Nevada,Frozen Pizza,DiGiorno,Supermarket,Mass Market,40,7.99,319.6,31.96,287.64,50.88
ORD-102964,CUST-0594,14-08-2023,2023,8,August,Q3,South,North Carolina,Frozen Foods,Lean Cuisine,Supermarket,Family,40,6.49,259.6,12.98,246.62,51.74
ORD-104643,CUST-0025,14-08-2023,2023,8,August,Q3,South,North Carolina,International Foods,Maggi,Supermarket,Mass Market,40,4.29,171.6,13.73,157.87,46.32
ORD-100842,CUST-0103,15-08-2023,2023,8,August,Q3,Central,Illinois,Coffee & Creamers,Nescafé,Convenience,Family,15,8.99,134.85,13.48,121.36,36.01
ORD-102125,CUST-0052,15-08-2023,2023,8,August,Q3,South,Florida,Drinks,Milo,Supermarket,Family,10,5.99,59.9,0,59.9,14.83
ORD-102388,CUST-0679,15-08-2023,2023,8,August,Q3,Central,Missouri,Frozen Pizza,DiGiorno,Online,Health & Wellness,5,7.99,39.95,3.2,36.75,9.82
ORD-104824,CUST-0095,15-08-2023,2023,8,August,Q3,East,Pennsylvania,Frozen Pizza,DiGiorno,Retail,Premium,75,7.99,599.25,29.96,569.29,142.35
ORD-102240,CUST-0297,16-08-2023,2023,8,August,Q3,West,Nevada,Frozen Foods,Stouffer's,Supermarket,Mass Market,50,8.99,449.5,0,449.5,88.63
ORD-104349,CUST-0469,16-08-2023,2023,8,August,Q3,South,Texas,International Foods,Abuelita,Online,Family,15,5.49,82.35,6.59,75.76,19.22
ORD-100526,CUST-0470,17-08-2023,2023,8,August,Q3,East,New Jersey,Drinks,Nido,Supermarket,Premium,75,10.99,824.25,16.48,807.76,239.87
ORD-100736,CUST-0346,17-08-2023,2023,8,August,Q3,South,Tennessee,Coffee & Creamers,Coffee mate,Online,Family,30,7.49,224.7,17.98,206.72,50.99
ORD-100791,CUST-0271,17-08-2023,2023,8,August,Q3,West,Washington,Frozen Foods,Hot Pockets,Retail,Mass Market,40,5.99,239.6,4.79,234.81,52.33
ORD-102935,CUST-0331,17-08-2023,2023,8,August,Q3,Central,Missouri,Frozen Pizza,DiGiorno,Convenience,Mass Market,15,7.99,119.85,9.59,110.26,31.23
ORD-100901,CUST-0525,18-08-2023,2023,8,August,Q3,West,Nevada,Frozen Foods,Lean Cuisine,Convenience,Mass Market,15,6.49,97.35,7.79,89.56,15.47
ORD-101359,CUST-0346,18-08-2023,2023,8,August,Q3,East,New Jersey,Frozen Foods,Stouffer's,Online,Mass Market,10,8.99,89.9,13.49,76.42,15.84
ORD-101754,CUST-0114,18-08-2023,2023,8,August,Q3,West,California,Frozen Foods,Hot Pockets,Wholesale,Mass Market,15,5.99,89.85,7.19,82.66,17.37
ORD-102733,CUST-0666,18-08-2023,2023,8,August,Q3,West,Colorado,International Foods,El Mejor Nido,Online,Family,40,8.49,339.6,16.98,322.62,76.3
ORD-102789,CUST-0377,18-08-2023,2023,8,August,Q3,South,Tennessee,Frozen Foods,Lean Cuisine,Online,Mass Market,50,6.49,324.5,6.49,318.01,72.09
ORD-103756,CUST-0154,18-08-2023,2023,8,August,Q3,West,Colorado,Frozen Foods,Stouffer's,Wholesale,Family,20,8.99,179.8,26.97,152.83,38.71
ORD-103919,CUST-0753,18-08-2023,2023,8,August,Q3,Central,Michigan,Frozen Foods,Hot Pockets,Wholesale,Health & Wellness,30,5.99,179.7,8.99,170.72,41.28
ORD-101765,CUST-0032,19-08-2023,2023,8,August,Q3,West,Colorado,Frozen Pizza,Jack's Pizza,Supermarket,Family,20,5.99,119.8,11.98,107.82,27.44
ORD-102636,CUST-0062,19-08-2023,2023,8,August,Q3,Central,Ohio,Frozen Foods,Stouffer's,Wholesale,Mass Market,10,8.99,89.9,7.19,82.71,15.8
ORD-104300,CUST-0269,19-08-2023,2023,8,August,Q3,Central,Michigan,Frozen Foods,Stouffer's,Convenience,Premium,30,8.99,269.7,21.58,248.12,54.79
ORD-100002,CUST-0199,20-08-2023,2023,8,August,Q3,South,Louisiana,Coffee & Creamers,Nescafé,Retail,Premium,20,8.99,179.8,8.99,170.81,42.27
ORD-103988,CUST-0386,20-08-2023,2023,8,August,Q3,East,Maryland,Frozen Foods,Hot Pockets,Wholesale,Family,40,5.99,239.6,0,239.6,47.83
ORD-100026,CUST-0031,21-08-2023,2023,8,August,Q3,South,Texas,Coffee & Creamers,Nescafé,Supermarket,Family,25,8.99,224.75,11.24,213.51,61.93
ORD-100268,CUST-0084,21-08-2023,2023,8,August,Q3,Central,Minnesota,Frozen Foods,Stouffer's,Online,Mass Market,10,8.99,89.9,0,89.9,19.03
ORD-100669,CUST-0613,21-08-2023,2023,8,August,Q3,West,Colorado,Frozen Foods,Hot Pockets,Retail,Premium,25,5.99,149.75,29.95,119.8,25.66
ORD-104946,CUST-0440,21-08-2023,2023,8,August,Q3,South,Georgia,Coffee & Creamers,Coffee mate,Supermarket,Family,25,7.49,187.25,3.74,183.5,50.5
ORD-100720,CUST-0106,22-08-2023,2023,8,August,Q3,Central,Ohio,Drinks,Nesquik,Online,Premium,10,6.49,64.9,3.25,61.66,15.01
ORD-100802,CUST-0618,22-08-2023,2023,8,August,Q3,West,Colorado,Coffee & Creamers,Nescafé CLASICO,Supermarket,Mass Market,40,9.49,379.6,0,379.6,128.86
ORD-101238,CUST-0544,22-08-2023,2023,8,August,Q3,East,Maryland,Frozen Foods,Stouffer's,Convenience,Premium,25,8.99,224.75,17.98,206.77,45.19
ORD-101833,CUST-0458,22-08-2023,2023,8,August,Q3,Central,Missouri,Baking,Nestlé Toll House,Supermarket,Health & Wellness,20,4.99,99.8,4.99,94.81,25.21
ORD-102536,CUST-0303,22-08-2023,2023,8,August,Q3,South,Louisiana,Coffee & Creamers,Nescafé CLASICO,Online,Family,10,9.49,94.9,4.74,90.16,23.33
ORD-104396,CUST-0052,22-08-2023,2023,8,August,Q3,South,Florida,Frozen Foods,Hot Pockets,Retail,Mass Market,15,5.99,89.85,0,89.85,22.64
ORD-100214,CUST-0194,24-08-2023,2023,8,August,Q3,West,Colorado,Drinks,Nesquik,Supermarket,Family,40,6.49,259.6,0,259.6,59.92
ORD-101137,CUST-0001,24-08-2023,2023,8,August,Q3,South,Tennessee,Baking,Carnation,Online,Family,25,3.99,99.75,4.99,94.76,29.52
ORD-101328,CUST-0148,24-08-2023,2023,8,August,Q3,South,North Carolina,Frozen Foods,Lean Cuisine,Supermarket,Mass Market,20,6.49,129.8,2.6,127.2,24.58
ORD-102346,CUST-0011,24-08-2023,2023,8,August,Q3,Central,Missouri,Coffee & Creamers,Coffee mate,Supermarket,Premium,75,7.49,561.75,112.35,449.4,118.78
ORD-100702,CUST-0380,25-08-2023,2023,8,August,Q3,West,Oregon,Coffee & Creamers,Nescafé CLASICO,Retail,Mass Market,15,9.49,142.35,2.85,139.5,40.78
ORD-101064,CUST-0254,25-08-2023,2023,8,August,Q3,East,New Jersey,Frozen Foods,Stouffer's,Retail,Mass Market,50,8.99,449.5,0,449.5,111.23
ORD-102567,CUST-0244,25-08-2023,2023,8,August,Q3,West,Nevada,International Foods,Abuelita,Retail,Family,20,5.49,109.8,2.2,107.6,26.4
ORD-102921,CUST-0420,25-08-2023,2023,8,August,Q3,East,Maryland,Baking,La Lechera,Supermarket,Health & Wellness,30,4.49,134.7,13.47,121.23,34.18
ORD-104146,CUST-0576,25-08-2023,2023,8,August,Q3,Central,Wisconsin,Coffee & Creamers,Nescafé,Online,Family,20,8.99,179.8,14.38,165.42,55.43
ORD-104249,CUST-0677,25-08-2023,2023,8,August,Q3,Central,Wisconsin,Coffee & Creamers,Nescafé CLASICO,Supermarket,Mass Market,15,9.49,142.35,0,142.35,40.73
ORD-104900,CUST-0473,25-08-2023,2023,8,August,Q3,South,Georgia,Frozen Foods,Hot Pockets,Retail,Health & Wellness,50,5.99,299.5,44.92,254.58,49.22
ORD-100348,CUST-0185,26-08-2023,2023,8,August,Q3,West,Oregon,Frozen Foods,Stouffer's,Online,Premium,30,8.99,269.7,21.58,248.12,57.41
ORD-103055,CUST-0289,26-08-2023,2023,8,August,Q3,Central,Illinois,Coffee & Creamers,Coffee mate,Supermarket,Family,40,7.49,299.6,23.97,275.63,80.41
ORD-104710,CUST-0402,26-08-2023,2023,8,August,Q3,Central,Wisconsin,International Foods,Abuelita,Supermarket,Family,25,5.49,137.25,13.73,123.52,32.78
ORD-103490,CUST-0628,27-08-2023,2023,8,August,Q3,East,New Jersey,International Foods,Maggi,Retail,Mass Market,15,4.29,64.35,5.15,59.2,15.02
ORD-103761,CUST-0500,27-08-2023,2023,8,August,Q3,West,Washington,Drinks,Nido,Online,Family,40,10.99,439.6,21.98,417.62,99.72
ORD-100361,CUST-0089,28-08-2023,2023,8,August,Q3,East,Pennsylvania,Drinks,Milo,Retail,Mass Market,5,5.99,29.95,0,29.95,8.8
ORD-101169,CUST-0763,28-08-2023,2023,8,August,Q3,West,Arizona,Coffee & Creamers,Coffee mate,Supermarket,Mass Market,10,7.49,74.9,5.99,68.91,20.53
ORD-102203,CUST-0690,28-08-2023,2023,8,August,Q3,East,Maryland,International Foods,Abuelita,Supermarket,Family,10,5.49,54.9,5.49,49.41,13.52
ORD-103368,CUST-0524,28-08-2023,2023,8,August,Q3,West,Oregon,International Foods,Abuelita,Wholesale,Family,25,5.49,137.25,13.73,123.52,38.15
ORD-103373,CUST-0626,28-08-2023,2023,8,August,Q3,West,Nevada,Frozen Foods,Stouffer's,Convenience,Family,50,8.99,449.5,0,449.5,98.21
ORD-103552,CUST-0346,28-08-2023,2023,8,August,Q3,West,Oregon,Drinks,Nido,Wholesale,Health & Wellness,20,10.99,219.8,4.4,215.4,52.57
ORD-104594,CUST-0384,28-08-2023,2023,8,August,Q3,East,Virginia,Frozen Pizza,Jack's Pizza,Supermarket,Mass Market,25,5.99,149.75,29.95,119.8,33.13
ORD-101617,CUST-0226,29-08-2023,2023,8,August,Q3,South,North Carolina,Coffee & Creamers,Nescafé,Retail,Family,10,8.99,89.9,7.19,82.71,22.48
ORD-101732,CUST-0643,29-08-2023,2023,8,August,Q3,Central,Missouri,Frozen Foods,Stouffer's,Convenience,Family,40,8.99,359.6,17.98,341.62,69.78
ORD-102738,CUST-0292,29-08-2023,2023,8,August,Q3,Central,Michigan,Frozen Pizza,DiGiorno,Retail,Family,40,7.99,319.6,15.98,303.62,88.2
ORD-103110,CUST-0107,29-08-2023,2023,8,August,Q3,Central,Missouri,Drinks,Nesquik,Retail,Family,10,6.49,64.9,3.25,61.66,15.53
ORD-103465,CUST-0505,29-08-2023,2023,8,August,Q3,West,Nevada,Frozen Pizza,Tombstone,Online,Mass Market,15,6.99,104.85,5.24,99.61,23.37
ORD-103924,CUST-0044,29-08-2023,2023,8,August,Q3,West,Nevada,Drinks,Nido,Wholesale,Premium,50,10.99,549.5,43.96,505.54,103.47
ORD-104432,CUST-0463,29-08-2023,2023,8,August,Q3,Central,Missouri,Frozen Pizza,Tombstone,Wholesale,Family,40,6.99,279.6,0,279.6,58.55
ORD-104159,CUST-0113,30-08-2023,2023,8,August,Q3,South,Tennessee,Coffee & Creamers,Coffee mate,Retail,Premium,40,7.49,299.6,44.94,254.66,66.24
ORD-100993,CUST-0031,31-08-2023,2023,8,August,Q3,East,Massachusetts,Frozen Foods,Stouffer's,Wholesale,Premium,25,8.99,224.75,22.48,202.28,40.61
ORD-101907,CUST-0779,31-08-2023,2023,8,August,Q3,South,Georgia,Baking,Nestlé Toll House,Supermarket,Premium,20,4.99,99.8,4.99,94.81,26.04
ORD-103569,CUST-0088,31-08-2023,2023,8,August,Q3,South,Texas,Frozen Pizza,DiGiorno,Supermarket,Family,15,7.99,119.85,9.59,110.26,29.34
ORD-104697,CUST-0075,31-08-2023,2023,8,August,Q3,East,Virginia,Frozen Foods,Lean Cuisine,Supermarket,Family,20,6.49,129.8,6.49,123.31,30.37
ORD-103745,CUST-0289,01-09-2023,2023,9,September,Q3,West,Colorado,Drinks,Nesquik,Retail,Premium,20,6.49,129.8,0,129.8,32.45
ORD-100816,CUST-0305,02-09-2023,2023,9,September,Q3,East,New Jersey,International Foods,Maggi,Retail,Mass Market,30,4.29,128.7,19.3,109.4,29.06
ORD-101243,CUST-0548,02-09-2023,2023,9,September,Q3,South,Georgia,Baking,Nestlé Toll House,Online,Family,5,4.99,24.95,2.5,22.46,6.86
ORD-103202,CUST-0667,02-09-2023,2023,9,September,Q3,East,Maryland,International Foods,Abuelita,Convenience,Family,5,5.49,27.45,0,27.45,7.49
ORD-100755,CUST-0476,03-09-2023,2023,9,September,Q3,West,Nevada,Drinks,Nido,Retail,Mass Market,20,10.99,219.8,32.97,186.83,44.06
ORD-100914,CUST-0332,03-09-2023,2023,9,September,Q3,East,Virginia,Drinks,Nido,Supermarket,Family,20,10.99,219.8,4.4,215.4,51.25
ORD-101225,CUST-0005,03-09-2023,2023,9,September,Q3,East,Massachusetts,Frozen Pizza,Tombstone,Online,Premium,20,6.99,139.8,13.98,125.82,32.42
ORD-102373,CUST-0055,03-09-2023,2023,9,September,Q3,Central,Wisconsin,Drinks,Nido,Wholesale,Family,75,10.99,824.25,123.64,700.61,155.57
ORD-104861,CUST-0513,03-09-2023,2023,9,September,Q3,Central,Michigan,Drinks,Nido,Wholesale,Premium,50,10.99,549.5,27.48,522.02,124.86
ORD-100671,CUST-0099,05-09-2023,2023,9,September,Q3,West,Nevada,International Foods,Abuelita,Wholesale,Mass Market,15,5.49,82.35,8.24,74.12,19.71
ORD-102400,CUST-0791,05-09-2023,2023,9,September,Q3,Central,Wisconsin,Baking,Carnation,Online,Family,75,3.99,299.25,29.92,269.32,88.89
ORD-103043,CUST-0436,05-09-2023,2023,9,September,Q3,West,Arizona,Coffee & Creamers,Nescafé CLASICO,Supermarket,Premium,40,9.49,379.6,56.94,322.66,85.06
ORD-103722,CUST-0011,05-09-2023,2023,9,September,Q3,South,Texas,Frozen Pizza,DiGiorno,Supermarket,Health & Wellness,40,7.99,319.6,31.96,287.64,78.32
ORD-104764,CUST-0186,05-09-2023,2023,9,September,Q3,West,Arizona,Frozen Foods,Stouffer's,Retail,Family,75,8.99,674.25,101.14,573.11,135.32
ORD-104994,CUST-0360,05-09-2023,2023,9,September,Q3,Central,Minnesota,Baking,Carnation,Retail,Premium,40,3.99,159.6,23.94,135.66,35.36
ORD-102185,CUST-0495,06-09-2023,2023,9,September,Q3,Central,Illinois,Baking,La Lechera,Online,Mass Market,30,4.49,134.7,2.69,132.01,40.64
ORD-102593,CUST-0519,06-09-2023,2023,9,September,Q3,Central,Michigan,Baking,Nestlé Toll House,Convenience,Health & Wellness,20,4.99,99.8,9.98,89.82,23.78
ORD-103674,CUST-0589,06-09-2023,2023,9,September,Q3,West,Colorado,Drinks,Nesquik,Wholesale,Mass Market,25,6.49,162.25,16.23,146.02,35.8
ORD-103659,CUST-0481,08-09-2023,2023,9,September,Q3,Central,Missouri,Frozen Pizza,Tombstone,Wholesale,Mass Market,25,6.99,174.75,8.74,166.01,40.26
ORD-101097,CUST-0116,09-09-2023,2023,9,September,Q3,West,California,Frozen Foods,Lean Cuisine,Retail,Health & Wellness,10,6.49,64.9,0,64.9,15.12
ORD-101645,CUST-0405,09-09-2023,2023,9,September,Q3,West,Nevada,Frozen Pizza,Tombstone,Supermarket,Mass Market,15,6.99,104.85,0,104.85,24.75
ORD-102914,CUST-0029,09-09-2023,2023,9,September,Q3,South,Georgia,International Foods,El Mejor Nido,Retail,Mass Market,25,8.49,212.25,0,212.25,53.44
ORD-103298,CUST-0349,09-09-2023,2023,9,September,Q3,West,Arizona,Frozen Pizza,DiGiorno,Online,Mass Market,15,7.99,119.85,2.4,117.45,23.59
ORD-100274,CUST-0788,10-09-2023,2023,9,September,Q3,South,Georgia,International Foods,Maggi,Online,Mass Market,30,4.29,128.7,19.3,109.4,30.28
ORD-102603,CUST-0422,10-09-2023,2023,9,September,Q3,Central,Illinois,Frozen Foods,Hot Pockets,Supermarket,Mass Market,50,5.99,299.5,29.95,269.55,57.26
ORD-104485,CUST-0164,10-09-2023,2023,9,September,Q3,West,Colorado,Frozen Foods,Stouffer's,Online,Mass Market,10,8.99,89.9,0,89.9,17.47
ORD-101859,CUST-0019,11-09-2023,2023,9,September,Q3,South,Florida,Coffee & Creamers,Nescafé CLASICO,Wholesale,Family,40,9.49,379.6,56.94,322.66,98.59
ORD-103334,CUST-0047,11-09-2023,2023,9,September,Q3,West,Oregon,Frozen Pizza,Tombstone,Wholesale,Mass Market,20,6.99,139.8,2.8,137,39.51
ORD-103436,CUST-0135,11-09-2023,2023,9,September,Q3,East,Massachusetts,International Foods,Maggi,Retail,Premium,20,4.29,85.8,8.58,77.22,22.33
ORD-103613,CUST-0178,12-09-2023,2023,9,September,Q3,East,Maryland,Frozen Pizza,Tombstone,Online,Family,40,6.99,279.6,27.96,251.64,65.98
ORD-104761,CUST-0189,12-09-2023,2023,9,September,Q3,East,Maryland,Frozen Foods,Lean Cuisine,Online,Health & Wellness,50,6.49,324.5,32.45,292.05,74.32
ORD-100201,CUST-0132,13-09-2023,2023,9,September,Q3,Central,Michigan,Frozen Foods,Hot Pockets,Wholesale,Mass Market,100,5.99,599,59.9,539.1,123.4
ORD-104578,CUST-0579,13-09-2023,2023,9,September,Q3,West,Colorado,Baking,La Lechera,Supermarket,Family,30,4.49,134.7,2.69,132.01,38
ORD-100497,CUST-0006,14-09-2023,2023,9,September,Q3,Central,Michigan,Baking,Carnation,Online,Premium,15,3.99,59.85,5.98,53.86,17.48
ORD-103147,CUST-0550,14-09-2023,2023,9,September,Q3,South,Louisiana,Drinks,Nesquik,Supermarket,Mass Market,5,6.49,32.45,0,32.45,11.15
ORD-103481,CUST-0517,14-09-2023,2023,9,September,Q3,West,Nevada,Frozen Foods,Stouffer's,Supermarket,Mass Market,25,8.99,224.75,17.98,206.77,45.05
ORD-102409,CUST-0429,15-09-2023,2023,9,September,Q3,South,Texas,Coffee & Creamers,Coffee mate,Online,Mass Market,100,7.49,749,0,749,224.2
ORD-104316,CUST-0445,15-09-2023,2023,9,September,Q3,West,Washington,Frozen Foods,Lean Cuisine,Wholesale,Mass Market,50,6.49,324.5,6.49,318.01,61.5
ORD-102061,CUST-0566,16-09-2023,2023,9,September,Q3,West,Colorado,Frozen Foods,Lean Cuisine,Supermarket,Health & Wellness,25,6.49,162.25,0,162.25,34.09
ORD-102067,CUST-0656,16-09-2023,2023,9,September,Q3,West,Colorado,Frozen Foods,Lean Cuisine,Wholesale,Family,10,6.49,64.9,3.25,61.66,13.44
ORD-102197,CUST-0352,17-09-2023,2023,9,September,Q3,East,Pennsylvania,Frozen Foods,Hot Pockets,Convenience,Premium,15,5.99,89.85,4.49,85.36,17.49
ORD-103253,CUST-0114,17-09-2023,2023,9,September,Q3,Central,Missouri,Coffee & Creamers,Coffee mate,Supermarket,Premium,20,7.49,149.8,7.49,142.31,42.28
ORD-100148,CUST-0245,18-09-2023,2023,9,September,Q3,East,Maryland,Baking,Nestlé Toll House,Supermarket,Family,5,4.99,24.95,0,24.95,8.47
ORD-100626,CUST-0259,18-09-2023,2023,9,September,Q3,East,Virginia,Baking,Nestlé Toll House,Retail,Mass Market,10,4.99,49.9,3.99,45.91,15.09
ORD-100652,CUST-0673,18-09-2023,2023,9,September,Q3,Central,Ohio,Frozen Pizza,DiGiorno,Supermarket,Health & Wellness,5,7.99,39.95,2,37.95,10.31
ORD-101554,CUST-0479,18-09-2023,2023,9,September,Q3,South,Georgia,International Foods,Maggi,Supermarket,Premium,40,4.29,171.6,34.32,137.28,37.84
ORD-104880,CUST-0138,18-09-2023,2023,9,September,Q3,South,Tennessee,Baking,La Lechera,Retail,Family,25,4.49,112.25,11.23,101.02,27.87
ORD-100283,CUST-0544,19-09-2023,2023,9,September,Q3,East,New York,Frozen Foods,Hot Pockets,Retail,Health & Wellness,5,5.99,29.95,4.49,25.46,5.9
ORD-103502,CUST-0094,20-09-2023,2023,9,September,Q3,South,Tennessee,Coffee & Creamers,Nescafé,Retail,Family,25,8.99,224.75,4.5,220.26,61.42
ORD-100044,CUST-0639,21-09-2023,2023,9,September,Q3,South,North Carolina,International Foods,Abuelita,Supermarket,Mass Market,10,5.49,54.9,2.75,52.16,14.16
ORD-103486,CUST-0482,21-09-2023,2023,9,September,Q3,Central,Ohio,Drinks,Nesquik,Wholesale,Family,75,6.49,486.75,24.34,462.41,118.62
ORD-100624,CUST-0711,22-09-2023,2023,9,September,Q3,East,New York,Frozen Foods,Stouffer's,Online,Premium,40,8.99,359.6,0,359.6,96.38
ORD-101993,CUST-0387,22-09-2023,2023,9,September,Q3,Central,Missouri,Drinks,Milo,Retail,Health & Wellness,25,5.99,149.75,3,146.76,38.02
ORD-104479,CUST-0352,22-09-2023,2023,9,September,Q3,Central,Illinois,Frozen Pizza,Jack's Pizza,Convenience,Mass Market,20,5.99,119.8,17.97,101.83,20.33
ORD-104532,CUST-0018,22-09-2023,2023,9,September,Q3,West,Oregon,Baking,Nestlé Toll House,Retail,Mass Market,50,4.99,249.5,4.99,244.51,66.62
ORD-104720,CUST-0297,22-09-2023,2023,9,September,Q3,South,Georgia,Frozen Pizza,DiGiorno,Wholesale,Mass Market,10,7.99,79.9,7.99,71.91,16.76
ORD-104967,CUST-0579,22-09-2023,2023,9,September,Q3,South,Tennessee,Coffee & Creamers,Nescafé CLASICO,Online,Mass Market,20,9.49,189.8,15.18,174.62,42.93
ORD-101146,CUST-0737,23-09-2023,2023,9,September,Q3,South,North Carolina,International Foods,Maggi,Supermarket,Health & Wellness,25,4.29,107.25,10.73,96.52,25.63
ORD-101515,CUST-0782,23-09-2023,2023,9,September,Q3,West,Nevada,International Foods,Abuelita,Convenience,Family,25,5.49,137.25,0,137.25,39.92
ORD-102598,CUST-0430,24-09-2023,2023,9,September,Q3,East,New York,Coffee & Creamers,Nescafé,Supermarket,Family,100,8.99,899,44.95,854.05,253.21
ORD-100625,CUST-0359,25-09-2023,2023,9,September,Q3,Central,Ohio,Coffee & Creamers,Nescafé CLASICO,Convenience,Mass Market,10,9.49,94.9,4.74,90.16,22.74
ORD-100708,CUST-0702,25-09-2023,2023,9,September,Q3,South,North Carolina,Coffee & Creamers,Nescafé,Retail,Family,30,8.99,269.7,26.97,242.73,58.7
ORD-101532,CUST-0350,25-09-2023,2023,9,September,Q3,Central,Ohio,Baking,Nestlé Toll House,Convenience,Mass Market,10,4.99,49.9,0,49.9,14.58
ORD-102548,CUST-0041,25-09-2023,2023,9,September,Q3,East,Pennsylvania,Baking,La Lechera,Supermarket,Family,15,4.49,67.35,3.37,63.98,20.2
ORD-103681,CUST-0210,25-09-2023,2023,9,September,Q3,Central,Ohio,Baking,Carnation,Retail,Family,25,3.99,99.75,9.98,89.78,27.98
ORD-104702,CUST-0080,25-09-2023,2023,9,September,Q3,West,Nevada,Coffee & Creamers,Nescafé CLASICO,Retail,Family,20,9.49,189.8,18.98,170.82,51.4
ORD-102320,CUST-0519,26-09-2023,2023,9,September,Q3,East,New Jersey,Coffee & Creamers,Nescafé CLASICO,Wholesale,Family,5,9.49,47.45,0,47.45,11.67
ORD-102360,CUST-0484,26-09-2023,2023,9,September,Q3,West,Colorado,Baking,Carnation,Supermarket,Family,25,3.99,99.75,2,97.76,33.97
ORD-104423,CUST-0603,26-09-2023,2023,9,September,Q3,Central,Michigan,International Foods,Maggi,Wholesale,Mass Market,75,4.29,321.75,16.09,305.66,71.05
ORD-104445,CUST-0283,26-09-2023,2023,9,September,Q3,East,Pennsylvania,Frozen Pizza,DiGiorno,Wholesale,Mass Market,5,7.99,39.95,7.99,31.96,7.18
ORD-104507,CUST-0041,26-09-2023,2023,9,September,Q3,Central,Missouri,Drinks,Milo,Supermarket,Family,10,5.99,59.9,3,56.91,11.32
ORD-103285,CUST-0315,27-09-2023,2023,9,September,Q3,East,Massachusetts,Frozen Pizza,DiGiorno,Convenience,Mass Market,40,7.99,319.6,25.57,294.03,73.29
ORD-101214,CUST-0472,28-09-2023,2023,9,September,Q3,South,Texas,Baking,La Lechera,Convenience,Premium,10,4.49,44.9,2.25,42.66,12.56
ORD-101329,CUST-0015,28-09-2023,2023,9,September,Q3,Central,Minnesota,Frozen Foods,Stouffer's,Online,Premium,30,8.99,269.7,13.48,256.21,45.21
ORD-102253,CUST-0245,28-09-2023,2023,9,September,Q3,Central,Wisconsin,Frozen Pizza,DiGiorno,Online,Mass Market,75,7.99,599.25,47.94,551.31,143.89
ORD-104611,CUST-0280,28-09-2023,2023,9,September,Q3,East,Pennsylvania,Frozen Pizza,Jack's Pizza,Supermarket,Mass Market,30,5.99,179.7,26.96,152.74,36.61
ORD-101580,CUST-0702,29-09-2023,2023,9,September,Q3,Central,Michigan,Frozen Pizza,Tombstone,Retail,Family,10,6.99,69.9,3.5,66.4,16.11
ORD-101869,CUST-0512,29-09-2023,2023,9,September,Q3,West,Colorado,Drinks,Nido,Online,Mass Market,25,10.99,274.75,5.5,269.26,72.91
ORD-103089,CUST-0700,29-09-2023,2023,9,September,Q3,Central,Wisconsin,Frozen Foods,Stouffer's,Wholesale,Family,25,8.99,224.75,4.5,220.26,51.48
ORD-101447,CUST-0130,30-09-2023,2023,9,September,Q3,Central,Missouri,International Foods,Abuelita,Convenience,Family,20,5.49,109.8,8.78,101.02,19.89
ORD-102005,CUST-0087,30-09-2023,2023,9,September,Q3,East,Virginia,International Foods,Abuelita,Online,Health & Wellness,20,5.49,109.8,10.98,98.82,28.3
ORD-102105,CUST-0786,30-09-2023,2023,9,September,Q3,South,Louisiana,International Foods,Abuelita,Supermarket,Family,5,5.49,27.45,4.12,23.33,6.67
ORD-102258,CUST-0791,30-09-2023,2023,9,September,Q3,East,New Jersey,Baking,Nestlé Toll House,Retail,Mass Market,20,4.99,99.8,7.98,91.82,28.83
ORD-103192,CUST-0205,30-09-2023,2023,9,September,Q3,South,Texas,Frozen Foods,Stouffer's,Supermarket,Premium,15,8.99,134.85,10.79,124.06,27.46
ORD-104363,CUST-0395,30-09-2023,2023,9,September,Q3,South,Tennessee,Coffee & Creamers,Coffee mate,Supermarket,Family,100,7.49,749,74.9,674.1,186.23
ORD-100034,CUST-0169,01-10-2023,2023,10,October,Q4,South,Florida,International Foods,Abuelita,Supermarket,Premium,20,5.49,109.8,10.98,98.82,27.29
ORD-100412,CUST-0305,01-10-2023,2023,10,October,Q4,South,Georgia,Coffee & Creamers,Coffee mate,Supermarket,Premium,75,7.49,561.75,28.09,533.66,157.83
ORD-100885,CUST-0570,01-10-2023,2023,10,October,Q4,South,North Carolina,Frozen Foods,Hot Pockets,Retail,Mass Market,30,5.99,179.7,26.96,152.74,29.32
ORD-102532,CUST-0417,01-10-2023,2023,10,October,Q4,South,North Carolina,Baking,La Lechera,Supermarket,Mass Market,10,4.49,44.9,4.49,40.41,12.59
ORD-102582,CUST-0117,01-10-2023,2023,10,October,Q4,South,North Carolina,Baking,Carnation,Convenience,Premium,10,3.99,39.9,2,37.91,10.42
ORD-100262,CUST-0494,02-10-2023,2023,10,October,Q4,South,Tennessee,Frozen Foods,Hot Pockets,Wholesale,Mass Market,5,5.99,29.95,4.49,25.46,6.54
ORD-100611,CUST-0268,02-10-2023,2023,10,October,Q4,West,Colorado,Frozen Foods,Stouffer's,Supermarket,Mass Market,15,8.99,134.85,6.74,128.11,21.54
ORD-101868,CUST-0113,02-10-2023,2023,10,October,Q4,West,Oregon,Frozen Foods,Hot Pockets,Online,Mass Market,50,5.99,299.5,23.96,275.54,69.2
ORD-103213,CUST-0793,02-10-2023,2023,10,October,Q4,West,California,Coffee & Creamers,Coffee mate,Retail,Mass Market,10,7.49,74.9,0,74.9,23.27
ORD-101317,CUST-0763,03-10-2023,2023,10,October,Q4,Central,Wisconsin,Frozen Foods,Stouffer's,Convenience,Mass Market,20,8.99,179.8,14.38,165.42,35.71
ORD-101837,CUST-0754,03-10-2023,2023,10,October,Q4,West,Oregon,Coffee & Creamers,Coffee mate,Retail,Premium,15,7.49,112.35,0,112.35,30.9
ORD-102424,CUST-0023,03-10-2023,2023,10,October,Q4,East,New York,International Foods,El Mejor Nido,Online,Premium,15,8.49,127.35,0,127.35,29.25
ORD-101972,CUST-0042,04-10-2023,2023,10,October,Q4,South,Texas,International Foods,Abuelita,Online,Family,10,5.49,54.9,1.1,53.8,15.3
ORD-102317,CUST-0108,04-10-2023,2023,10,October,Q4,East,New Jersey,Coffee & Creamers,Coffee mate,Convenience,Health & Wellness,25,7.49,187.25,37.45,149.8,31.04
ORD-102858,CUST-0349,04-10-2023,2023,10,October,Q4,West,Oregon,Baking,La Lechera,Online,Family,75,4.49,336.75,16.84,319.91,83.88
ORD-104355,CUST-0548,04-10-2023,2023,10,October,Q4,Central,Minnesota,International Foods,Maggi,Retail,Mass Market,25,4.29,107.25,5.36,101.89,26.04
ORD-101476,CUST-0233,05-10-2023,2023,10,October,Q4,Central,Missouri,Baking,Nestlé Toll House,Online,Health & Wellness,20,4.99,99.8,19.96,79.84,25.36
ORD-103161,CUST-0373,05-10-2023,2023,10,October,Q4,East,New York,Drinks,Nesquik,Supermarket,Premium,30,6.49,194.7,0,194.7,44.9
ORD-100076,CUST-0434,06-10-2023,2023,10,October,Q4,Central,Wisconsin,Frozen Foods,Lean Cuisine,Retail,Health & Wellness,30,6.49,194.7,29.2,165.5,38.36
ORD-101271,CUST-0470,06-10-2023,2023,10,October,Q4,Central,Michigan,Baking,Nestlé Toll House,Retail,Family,25,4.99,124.75,0,124.75,42.43
ORD-101100,CUST-0697,07-10-2023,2023,10,October,Q4,East,New York,Frozen Foods,Lean Cuisine,Retail,Family,10,6.49,64.9,3.25,61.66,13.72
ORD-104649,CUST-0478,07-10-2023,2023,10,October,Q4,South,Georgia,Coffee & Creamers,Coffee mate,Retail,Health & Wellness,5,7.49,37.45,1.87,35.58,10.08
ORD-100006,CUST-0064,08-10-2023,2023,10,October,Q4,West,Oregon,Frozen Foods,Stouffer's,Supermarket,Mass Market,10,8.99,89.9,4.5,85.4,17.11
ORD-102412,CUST-0171,08-10-2023,2023,10,October,Q4,West,California,Frozen Pizza,DiGiorno,Wholesale,Health & Wellness,25,7.99,199.75,19.98,179.78,44.15
ORD-102751,CUST-0043,08-10-2023,2023,10,October,Q4,East,New York,International Foods,Abuelita,Online,Premium,40,5.49,219.6,10.98,208.62,58.09
ORD-102851,CUST-0039,08-10-2023,2023,10,October,Q4,Central,Missouri,Frozen Pizza,DiGiorno,Online,Family,40,7.99,319.6,0,319.6,75.79
ORD-103743,CUST-0216,08-10-2023,2023,10,October,Q4,Central,Minnesota,Baking,Carnation,Online,Mass Market,25,3.99,99.75,2,97.76,30.45
ORD-100718,CUST-0703,09-10-2023,2023,10,October,Q4,South,Texas,Frozen Pizza,Jack's Pizza,Online,Premium,25,5.99,149.75,7.49,142.26,38.4
ORD-101818,CUST-0165,09-10-2023,2023,10,October,Q4,South,Tennessee,Frozen Pizza,DiGiorno,Online,Family,20,7.99,159.8,0,159.8,40.34
ORD-102350,CUST-0603,09-10-2023,2023,10,October,Q4,West,Nevada,Baking,Nestlé Toll House,Retail,Family,20,4.99,99.8,0,99.8,32.49
ORD-103346,CUST-0248,09-10-2023,2023,10,October,Q4,Central,Michigan,International Foods,Abuelita,Convenience,Mass Market,20,5.49,109.8,0,109.8,31.61
ORD-103642,CUST-0501,09-10-2023,2023,10,October,Q4,South,Georgia,Baking,Nestlé Toll House,Supermarket,Premium,15,4.99,74.85,7.49,67.37,21.62
ORD-100042,CUST-0484,10-10-2023,2023,10,October,Q4,East,Massachusetts,Drinks,Nesquik,Retail,Family,30,6.49,194.7,0,194.7,51.71
ORD-101170,CUST-0553,10-10-2023,2023,10,October,Q4,East,New Jersey,Frozen Foods,Lean Cuisine,Online,Mass Market,25,6.49,162.25,12.98,149.27,31.97
ORD-104750,CUST-0438,10-10-2023,2023,10,October,Q4,South,Tennessee,Coffee & Creamers,Coffee mate,Convenience,Premium,5,7.49,37.45,0.75,36.7,10.33
ORD-104859,CUST-0628,10-10-2023,2023,10,October,Q4,South,Florida,Drinks,Milo,Retail,Premium,20,5.99,119.8,23.96,95.84,26.68
ORD-101090,CUST-0458,11-10-2023,2023,10,October,Q4,West,Nevada,Baking,Carnation,Retail,Premium,5,3.99,19.95,1,18.95,6.07
ORD-102853,CUST-0296,11-10-2023,2023,10,October,Q4,West,Nevada,Drinks,Nesquik,Supermarket,Health & Wellness,100,6.49,649,97.35,551.65,144.91
ORD-103098,CUST-0182,11-10-2023,2023,10,October,Q4,West,Oregon,Frozen Foods,Hot Pockets,Supermarket,Mass Market,10,5.99,59.9,0,59.9,13.96
ORD-104133,CUST-0099,11-10-2023,2023,10,October,Q4,Central,Missouri,Frozen Pizza,Tombstone,Retail,Premium,5,6.99,34.95,0,34.95,8.97
ORD-104815,CUST-0235,11-10-2023,2023,10,October,Q4,South,Florida,Coffee & Creamers,Coffee mate,Online,Mass Market,40,7.49,299.6,5.99,293.61,82.01
ORD-100437,CUST-0693,12-10-2023,2023,10,October,Q4,West,Oregon,Coffee & Creamers,Nescafé,Retail,Family,25,8.99,224.75,4.5,220.26,58.32
ORD-101406,CUST-0162,12-10-2023,2023,10,October,Q4,East,New York,International Foods,El Mejor Nido,Online,Family,10,8.49,84.9,6.79,78.11,20.17
ORD-101962,CUST-0679,12-10-2023,2023,10,October,Q4,East,Maryland,International Foods,Maggi,Supermarket,Mass Market,50,4.29,214.5,17.16,197.34,61.22
ORD-103422,CUST-0367,12-10-2023,2023,10,October,Q4,Central,Ohio,Coffee & Creamers,Coffee mate,Online,Family,20,7.49,149.8,3,146.8,47.24
ORD-104400,CUST-0602,12-10-2023,2023,10,October,Q4,West,Arizona,Frozen Pizza,Tombstone,Wholesale,Premium,25,6.99,174.75,0,174.75,40.33
ORD-104627,CUST-0175,12-10-2023,2023,10,October,Q4,East,New York,Frozen Foods,Stouffer's,Online,Mass Market,25,8.99,224.75,22.48,202.28,47.73
ORD-101608,CUST-0278,13-10-2023,2023,10,October,Q4,South,North Carolina,Coffee & Creamers,Coffee mate,Wholesale,Health & Wellness,10,7.49,74.9,5.99,68.91,16.63
ORD-101893,CUST-0333,13-10-2023,2023,10,October,Q4,South,Tennessee,Frozen Foods,Lean Cuisine,Wholesale,Premium,25,6.49,162.25,12.98,149.27,33.04
ORD-104240,CUST-0248,13-10-2023,2023,10,October,Q4,East,Maryland,Baking,Carnation,Online,Mass Market,5,3.99,19.95,1.6,18.35,4.88
ORD-102639,CUST-0533,14-10-2023,2023,10,October,Q4,South,Texas,Frozen Pizza,DiGiorno,Retail,Family,75,7.99,599.25,0,599.25,153.64
ORD-102972,CUST-0653,14-10-2023,2023,10,October,Q4,West,Colorado,Coffee & Creamers,Nescafé,Wholesale,Mass Market,30,8.99,269.7,21.58,248.12,59.36
ORD-104167,CUST-0542,14-10-2023,2023,10,October,Q4,West,Washington,International Foods,Abuelita,Online,Family,10,5.49,54.9,0,54.9,15.9
ORD-104793,CUST-0788,14-10-2023,2023,10,October,Q4,West,Colorado,Coffee & Creamers,Nescafé CLASICO,Supermarket,Premium,20,9.49,189.8,15.18,174.62,48.33
ORD-100963,CUST-0458,15-10-2023,2023,10,October,Q4,West,Nevada,Frozen Pizza,DiGiorno,Online,Family,10,7.99,79.9,1.6,78.3,15.3
ORD-101904,CUST-0008,15-10-2023,2023,10,October,Q4,West,Washington,International Foods,Maggi,Supermarket,Health & Wellness,5,4.29,21.45,0,21.45,5.49
ORD-102822,CUST-0273,15-10-2023,2023,10,October,Q4,West,Nevada,Coffee & Creamers,Coffee mate,Supermarket,Health & Wellness,75,7.49,561.75,84.26,477.49,150.16
ORD-104641,CUST-0451,15-10-2023,2023,10,October,Q4,South,North Carolina,Coffee & Creamers,Nescafé CLASICO,Online,Mass Market,75,9.49,711.75,56.94,654.81,171.97
ORD-101492,CUST-0770,16-10-2023,2023,10,October,Q4,East,Maryland,Frozen Pizza,DiGiorno,Retail,Mass Market,20,7.99,159.8,0,159.8,45.42
ORD-102093,CUST-0742,16-10-2023,2023,10,October,Q4,West,Arizona,Baking,Carnation,Online,Family,15,3.99,59.85,0,59.85,18.43
ORD-103297,CUST-0552,16-10-2023,2023,10,October,Q4,Central,Minnesota,Frozen Foods,Hot Pockets,Online,Mass Market,25,5.99,149.75,7.49,142.26,31.77
ORD-104051,CUST-0083,16-10-2023,2023,10,October,Q4,South,North Carolina,Baking,Nestlé Toll House,Retail,Mass Market,40,4.99,199.6,0,199.6,53.86
ORD-100143,CUST-0513,17-10-2023,2023,10,October,Q4,East,New Jersey,Frozen Pizza,Tombstone,Retail,Health & Wellness,40,6.99,279.6,13.98,265.62,63.44
ORD-104345,CUST-0569,17-10-2023,2023,10,October,Q4,Central,Illinois,International Foods,El Mejor Nido,Wholesale,Mass Market,25,8.49,212.25,21.22,191.02,46.54
ORD-103222,CUST-0540,19-10-2023,2023,10,October,Q4,West,Washington,International Foods,Abuelita,Retail,Family,25,5.49,137.25,10.98,126.27,40.46
ORD-103802,CUST-0763,19-10-2023,2023,10,October,Q4,South,Louisiana,Coffee & Creamers,Coffee mate,Supermarket,Family,25,7.49,187.25,3.74,183.5,49.87
ORD-100160,CUST-0324,20-10-2023,2023,10,October,Q4,Central,Minnesota,Frozen Foods,Lean Cuisine,Online,Mass Market,75,6.49,486.75,24.34,462.41,91.34
ORD-100252,CUST-0025,20-10-2023,2023,10,October,Q4,East,Virginia,Frozen Pizza,DiGiorno,Supermarket,Health & Wellness,25,7.99,199.75,19.98,179.78,39.89
ORD-101394,CUST-0372,20-10-2023,2023,10,October,Q4,East,Virginia,Frozen Foods,Lean Cuisine,Supermarket,Mass Market,40,6.49,259.6,5.19,254.41,57.98
ORD-103649,CUST-0737,20-10-2023,2023,10,October,Q4,Central,Ohio,Frozen Foods,Hot Pockets,Online,Mass Market,15,5.99,89.85,4.49,85.36,20.91
ORD-103983,CUST-0075,20-10-2023,2023,10,October,Q4,West,Oregon,Frozen Foods,Stouffer's,Online,Family,50,8.99,449.5,0,449.5,89.69
ORD-100872,CUST-0203,21-10-2023,2023,10,October,Q4,East,Maryland,Drinks,Nesquik,Online,Premium,25,6.49,162.25,0,162.25,41.57
ORD-104071,CUST-0617,21-10-2023,2023,10,October,Q4,East,Pennsylvania,Frozen Foods,Stouffer's,Supermarket,Family,15,8.99,134.85,6.74,128.11,29.94
ORD-104719,CUST-0793,21-10-2023,2023,10,October,Q4,East,Virginia,International Foods,Abuelita,Convenience,Mass Market,100,5.49,549,82.35,466.65,133.74
ORD-100186,CUST-0632,22-10-2023,2023,10,October,Q4,Central,Missouri,International Foods,El Mejor Nido,Online,Mass Market,30,8.49,254.7,0,254.7,70.57
ORD-101086,CUST-0159,22-10-2023,2023,10,October,Q4,East,New York,International Foods,El Mejor Nido,Wholesale,Premium,25,8.49,212.25,0,212.25,66.79
ORD-102040,CUST-0703,22-10-2023,2023,10,October,Q4,West,Arizona,Frozen Foods,Hot Pockets,Convenience,Mass Market,20,5.99,119.8,9.58,110.22,21.27
ORD-100644,CUST-0086,23-10-2023,2023,10,October,Q4,East,Virginia,Frozen Pizza,DiGiorno,Online,Mass Market,25,7.99,199.75,0,199.75,54.55
ORD-101873,CUST-0145,23-10-2023,2023,10,October,Q4,East,Massachusetts,Frozen Foods,Stouffer's,Retail,Mass Market,30,8.99,269.7,0,269.7,56.37
ORD-104600,CUST-0042,23-10-2023,2023,10,October,Q4,West,Washington,International Foods,Maggi,Retail,Health & Wellness,15,4.29,64.35,0,64.35,15.26
ORD-101079,CUST-0266,24-10-2023,2023,10,October,Q4,West,Nevada,Baking,Nestlé Toll House,Retail,Family,30,4.99,149.7,0,149.7,44.34
ORD-102824,CUST-0394,24-10-2023,2023,10,October,Q4,West,Nevada,Frozen Foods,Stouffer's,Supermarket,Family,25,8.99,224.75,4.5,220.26,48.13
ORD-103314,CUST-0265,24-10-2023,2023,10,October,Q4,West,Oregon,International Foods,Maggi,Retail,Mass Market,100,4.29,429,0,429,117.92
ORD-101878,CUST-0080,25-10-2023,2023,10,October,Q4,East,Maryland,Coffee & Creamers,Nescafé,Supermarket,Mass Market,20,8.99,179.8,8.99,170.81,50.95
ORD-103433,CUST-0784,25-10-2023,2023,10,October,Q4,Central,Ohio,Frozen Foods,Stouffer's,Retail,Premium,25,8.99,224.75,11.24,213.51,39.83
ORD-104465,CUST-0490,25-10-2023,2023,10,October,Q4,Central,Michigan,Frozen Foods,Stouffer's,Online,Mass Market,15,8.99,134.85,0,134.85,28.17
ORD-101276,CUST-0238,26-10-2023,2023,10,October,Q4,West,Arizona,Frozen Foods,Hot Pockets,Supermarket,Premium,50,5.99,299.5,59.9,239.6,50.05
ORD-103185,CUST-0624,26-10-2023,2023,10,October,Q4,East,Pennsylvania,International Foods,Abuelita,Online,Mass Market,25,5.49,137.25,10.98,126.27,33.52
ORD-102001,CUST-0282,27-10-2023,2023,10,October,Q4,West,Nevada,Drinks,Nesquik,Online,Family,40,6.49,259.6,38.94,220.66,49.67
ORD-102276,CUST-0316,27-10-2023,2023,10,October,Q4,Central,Wisconsin,Frozen Foods,Lean Cuisine,Wholesale,Family,25,6.49,162.25,8.11,154.14,31.92
ORD-104319,CUST-0644,27-10-2023,2023,10,October,Q4,East,Virginia,Frozen Pizza,Jack's Pizza,Online,Family,10,5.99,59.9,3,56.91,13.23
ORD-102729,CUST-0200,28-10-2023,2023,10,October,Q4,West,Arizona,Frozen Pizza,DiGiorno,Supermarket,Health & Wellness,20,7.99,159.8,3.2,156.6,42.79
ORD-100158,CUST-0376,29-10-2023,2023,10,October,Q4,South,Florida,Frozen Foods,Stouffer's,Online,Family,25,8.99,224.75,11.24,213.51,49.45
ORD-101190,CUST-0611,29-10-2023,2023,10,October,Q4,Central,Illinois,Baking,Nestlé Toll House,Online,Health & Wellness,75,4.99,374.25,7.48,366.76,106.95
ORD-101366,CUST-0761,29-10-2023,2023,10,October,Q4,West,Washington,Baking,La Lechera,Wholesale,Family,75,4.49,336.75,16.84,319.91,99.34
ORD-102588,CUST-0564,29-10-2023,2023,10,October,Q4,Central,Wisconsin,Drinks,Nido,Retail,Health & Wellness,5,10.99,54.95,1.1,53.85,11.39
ORD-102988,CUST-0160,29-10-2023,2023,10,October,Q4,East,Maryland,Frozen Foods,Lean Cuisine,Online,Family,25,6.49,162.25,8.11,154.14,30.64
ORD-103397,CUST-0375,29-10-2023,2023,10,October,Q4,South,Florida,Frozen Foods,Stouffer's,Wholesale,Family,75,8.99,674.25,0,674.25,145.55
ORD-104312,CUST-0663,29-10-2023,2023,10,October,Q4,South,Tennessee,Coffee & Creamers,Nescafé,Supermarket,Mass Market,10,8.99,89.9,4.5,85.4,20.66
ORD-101173,CUST-0226,30-10-2023,2023,10,October,Q4,Central,Illinois,Coffee & Creamers,Nescafé CLASICO,Online,Mass Market,25,9.49,237.25,0,237.25,58.34
ORD-101914,CUST-0397,30-10-2023,2023,10,October,Q4,East,Maryland,Baking,Nestlé Toll House,Retail,Mass Market,20,4.99,99.8,0,99.8,28.49
ORD-102878,CUST-0731,30-10-2023,2023,10,October,Q4,West,Arizona,Frozen Pizza,DiGiorno,Retail,Mass Market,40,7.99,319.6,15.98,303.62,85.58
ORD-103750,CUST-0646,30-10-2023,2023,10,October,Q4,South,Louisiana,International Foods,Abuelita,Online,Family,40,5.49,219.6,10.98,208.62,55.93
ORD-104865,CUST-0436,30-10-2023,2023,10,October,Q4,East,Virginia,Frozen Foods,Stouffer's,Retail,Premium,25,8.99,224.75,17.98,206.77,47.56
ORD-100862,CUST-0601,31-10-2023,2023,10,October,Q4,East,Pennsylvania,Baking,Nestlé Toll House,Online,Family,30,4.99,149.7,7.49,142.22,40.7
ORD-102170,CUST-0193,31-10-2023,2023,10,October,Q4,East,Massachusetts,Frozen Foods,Lean Cuisine,Online,Mass Market,15,6.49,97.35,1.95,95.4,21.88
ORD-102425,CUST-0277,31-10-2023,2023,10,October,Q4,East,Virginia,International Foods,Maggi,Retail,Mass Market,5,4.29,21.45,1.72,19.73,5.65
ORD-102428,CUST-0203,31-10-2023,2023,10,October,Q4,South,Louisiana,Frozen Foods,Hot Pockets,Retail,Mass Market,40,5.99,239.6,47.92,191.68,39.01
ORD-100428,CUST-0733,01-11-2023,2023,11,November,Q4,South,Tennessee,Drinks,Nesquik,Retail,Family,10,6.49,64.9,3.25,61.66,13.8
ORD-100781,CUST-0459,01-11-2023,2023,11,November,Q4,Central,Michigan,Baking,Carnation,Online,Family,100,3.99,399,39.9,359.1,114.81
ORD-100838,CUST-0109,01-11-2023,2023,11,November,Q4,East,Massachusetts,Drinks,Nesquik,Online,Mass Market,20,6.49,129.8,10.38,119.42,31.35
ORD-102601,CUST-0639,01-11-2023,2023,11,November,Q4,Central,Ohio,Coffee & Creamers,Coffee mate,Online,Family,100,7.49,749,37.45,711.55,206.43
ORD-102973,CUST-0369,01-11-2023,2023,11,November,Q4,South,Texas,International Foods,Maggi,Online,Mass Market,40,4.29,171.6,13.73,157.87,46.21
ORD-104327,CUST-0004,01-11-2023,2023,11,November,Q4,West,California,Coffee & Creamers,Coffee mate,Supermarket,Premium,10,7.49,74.9,5.99,68.91,18.97
ORD-104779,CUST-0250,01-11-2023,2023,11,November,Q4,West,California,Baking,La Lechera,Retail,Mass Market,30,4.49,134.7,2.69,132.01,36.56
ORD-100007,CUST-0276,02-11-2023,2023,11,November,Q4,West,California,Frozen Pizza,DiGiorno,Online,Mass Market,10,7.99,79.9,7.99,71.91,18.11
ORD-100675,CUST-0048,02-11-2023,2023,11,November,Q4,East,New Jersey,Baking,La Lechera,Supermarket,Health & Wellness,10,4.49,44.9,2.25,42.66,12.92
ORD-100929,CUST-0497,02-11-2023,2023,11,November,Q4,Central,Missouri,Coffee & Creamers,Nescafé,Retail,Mass Market,25,8.99,224.75,11.24,213.51,57.95
ORD-101513,CUST-0468,02-11-2023,2023,11,November,Q4,South,Louisiana,International Foods,Maggi,Supermarket,Family,10,4.29,42.9,4.29,38.61,10.44
ORD-104031,CUST-0652,02-11-2023,2023,11,November,Q4,Central,Ohio,Baking,Nestlé Toll House,Online,Premium,10,4.99,49.9,2.5,47.41,14.72
ORD-104909,CUST-0100,02-11-2023,2023,11,November,Q4,Central,Ohio,Baking,Nestlé Toll House,Retail,Family,5,4.99,24.95,2,22.95,7.05
ORD-102490,CUST-0345,04-11-2023,2023,11,November,Q4,East,Maryland,International Foods,Maggi,Supermarket,Premium,5,4.29,21.45,1.72,19.73,5.68
ORD-100444,CUST-0306,05-11-2023,2023,11,November,Q4,East,New Jersey,Frozen Foods,Stouffer's,Convenience,Family,30,8.99,269.7,13.48,256.21,59.3
ORD-101819,CUST-0787,05-11-2023,2023,11,November,Q4,Central,Ohio,Baking,Carnation,Retail,Mass Market,25,3.99,99.75,2,97.76,29.52
ORD-103074,CUST-0518,05-11-2023,2023,11,November,Q4,East,New York,Drinks,Nesquik,Retail,Family,5,6.49,32.45,2.6,29.85,7.45
ORD-103641,CUST-0498,05-11-2023,2023,11,November,Q4,West,Washington,Drinks,Nido,Supermarket,Premium,30,10.99,329.7,26.38,303.32,62.24
ORD-102318,CUST-0165,06-11-2023,2023,11,November,Q4,East,Pennsylvania,Baking,Carnation,Supermarket,Premium,10,3.99,39.9,3.19,36.71,9.69
ORD-103665,CUST-0169,06-11-2023,2023,11,November,Q4,Central,Michigan,Drinks,Nesquik,Convenience,Mass Market,15,6.49,97.35,14.6,82.75,19.89
ORD-103848,CUST-0234,06-11-2023,2023,11,November,Q4,Central,Ohio,International Foods,Maggi,Supermarket,Health & Wellness,25,4.29,107.25,0,107.25,29.02
ORD-103871,CUST-0096,06-11-2023,2023,11,November,Q4,East,Virginia,Frozen Foods,Stouffer's,Retail,Mass Market,50,8.99,449.5,22.48,427.02,85.47
ORD-104757,CUST-0520,06-11-2023,2023,11,November,Q4,West,Nevada,Frozen Foods,Hot Pockets,Retail,Premium,5,5.99,29.95,2.4,27.55,6.54
ORD-101816,CUST-0049,07-11-2023,2023,11,November,Q4,South,North Carolina,Baking,Nestlé Toll House,Online,Premium,10,4.99,49.9,9.98,39.92,11.96
ORD-102322,CUST-0717,07-11-2023,2023,11,November,Q4,Central,Ohio,Frozen Foods,Hot Pockets,Supermarket,Family,10,5.99,59.9,3,56.91,11.77
ORD-103295,CUST-0359,07-11-2023,2023,11,November,Q4,South,North Carolina,Frozen Pizza,Jack's Pizza,Retail,Health & Wellness,15,5.99,89.85,0,89.85,22.32
ORD-103719,CUST-0113,07-11-2023,2023,11,November,Q4,East,Maryland,Frozen Foods,Hot Pockets,Supermarket,Health & Wellness,20,5.99,119.8,0,119.8,34.84
ORD-104491,CUST-0203,07-11-2023,2023,11,November,Q4,West,Oregon,Baking,La Lechera,Wholesale,Mass Market,100,4.49,449,0,449,136.23
ORD-104693,CUST-0074,07-11-2023,2023,11,November,Q4,East,Pennsylvania,Frozen Pizza,DiGiorno,Convenience,Mass Market,10,7.99,79.9,0,79.9,19.26
ORD-104708,CUST-0238,07-11-2023,2023,11,November,Q4,West,Nevada,Drinks,Milo,Convenience,Premium,10,5.99,59.9,1.2,58.7,13.91
ORD-101251,CUST-0446,08-11-2023,2023,11,November,Q4,South,Florida,Frozen Pizza,DiGiorno,Retail,Mass Market,25,7.99,199.75,9.99,189.76,48.57
ORD-101905,CUST-0196,08-11-2023,2023,11,November,Q4,Central,Michigan,International Foods,El Mejor Nido,Wholesale,Mass Market,15,8.49,127.35,0,127.35,33.85
ORD-103905,CUST-0697,08-11-2023,2023,11,November,Q4,South,Texas,Drinks,Milo,Wholesale,Family,25,5.99,149.75,3,146.76,36.14
ORD-103238,CUST-0393,09-11-2023,2023,11,November,Q4,South,Louisiana,International Foods,Abuelita,Retail,Mass Market,30,5.49,164.7,8.24,156.46,34.13
ORD-102397,CUST-0662,10-11-2023,2023,11,November,Q4,West,Oregon,Baking,La Lechera,Wholesale,Health & Wellness,30,4.49,134.7,13.47,121.23,34.35
ORD-104991,CUST-0230,10-11-2023,2023,11,November,Q4,South,Louisiana,Coffee & Creamers,Coffee mate,Online,Mass Market,25,7.49,187.25,0,187.25,44.7
ORD-100433,CUST-0264,11-11-2023,2023,11,November,Q4,Central,Illinois,International Foods,Maggi,Online,Premium,15,4.29,64.35,6.44,57.91,13.92
ORD-100447,CUST-0595,11-11-2023,2023,11,November,Q4,South,Texas,Frozen Pizza,Jack's Pizza,Retail,Family,10,5.99,59.9,3,56.91,13.42
ORD-101485,CUST-0771,11-11-2023,2023,11,November,Q4,East,New York,Frozen Foods,Lean Cuisine,Retail,Family,15,6.49,97.35,14.6,82.75,17.02
ORD-101683,CUST-0067,12-11-2023,2023,11,November,Q4,Central,Wisconsin,Frozen Foods,Lean Cuisine,Convenience,Mass Market,10,6.49,64.9,0,64.9,12.41
ORD-100203,CUST-0071,13-11-2023,2023,11,November,Q4,West,Nevada,Coffee & Creamers,Coffee mate,Retail,Premium,50,7.49,374.5,18.73,355.78,87.16
ORD-101794,CUST-0109,14-11-2023,2023,11,November,Q4,Central,Ohio,Drinks,Nesquik,Wholesale,Mass Market,5,6.49,32.45,0.65,31.8,6.36
ORD-102139,CUST-0749,14-11-2023,2023,11,November,Q4,West,Colorado,Coffee & Creamers,Nescafé CLASICO,Convenience,Health & Wellness,30,9.49,284.7,22.78,261.92,66.69
ORD-102783,CUST-0407,14-11-2023,2023,11,November,Q4,South,Georgia,Frozen Foods,Stouffer's,Convenience,Premium,30,8.99,269.7,0,269.7,55.23
ORD-104659,CUST-0479,14-11-2023,2023,11,November,Q4,West,Washington,Drinks,Nesquik,Wholesale,Family,10,6.49,64.9,3.25,61.66,14.23
ORD-102975,CUST-0147,15-11-2023,2023,11,November,Q4,East,New Jersey,Frozen Pizza,Tombstone,Supermarket,Premium,5,6.99,34.95,0.7,34.25,7.52
ORD-103462,CUST-0238,15-11-2023,2023,11,November,Q4,West,Arizona,Frozen Pizza,DiGiorno,Supermarket,Mass Market,15,7.99,119.85,9.59,110.26,24.9
ORD-103714,CUST-0426,15-11-2023,2023,11,November,Q4,Central,Minnesota,Frozen Pizza,Jack's Pizza,Online,Premium,20,5.99,119.8,5.99,113.81,27.31
ORD-104050,CUST-0060,15-11-2023,2023,11,November,Q4,West,Nevada,International Foods,El Mejor Nido,Convenience,Health & Wellness,15,8.49,127.35,0,127.35,32.96
ORD-100900,CUST-0753,16-11-2023,2023,11,November,Q4,West,Arizona,Drinks,Nesquik,Convenience,Mass Market,75,6.49,486.75,48.68,438.08,81.29
ORD-102893,CUST-0404,17-11-2023,2023,11,November,Q4,South,Louisiana,Frozen Pizza,DiGiorno,Supermarket,Family,40,7.99,319.6,31.96,287.64,71.84
ORD-103005,CUST-0193,17-11-2023,2023,11,November,Q4,Central,Ohio,Baking,Carnation,Online,Family,25,3.99,99.75,0,99.75,31.91
ORD-103623,CUST-0703,17-11-2023,2023,11,November,Q4,West,Colorado,Frozen Foods,Hot Pockets,Online,Mass Market,30,5.99,179.7,0,179.7,40.52
ORD-104281,CUST-0783,17-11-2023,2023,11,November,Q4,West,Nevada,Frozen Pizza,DiGiorno,Online,Premium,40,7.99,319.6,15.98,303.62,76.1
ORD-104571,CUST-0107,17-11-2023,2023,11,November,Q4,East,Maryland,Drinks,Nido,Online,Premium,25,10.99,274.75,13.74,261.01,49.01
ORD-101490,CUST-0387,18-11-2023,2023,11,November,Q4,East,Maryland,Coffee & Creamers,Coffee mate,Retail,Mass Market,20,7.49,149.8,0,149.8,40.39
ORD-103575,CUST-0488,18-11-2023,2023,11,November,Q4,South,Tennessee,Frozen Foods,Stouffer's,Online,Mass Market,20,8.99,179.8,8.99,170.81,31.41
ORD-104746,CUST-0215,18-11-2023,2023,11,November,Q4,West,Colorado,Coffee & Creamers,Nescafé,Convenience,Family,25,8.99,224.75,11.24,213.51,63.3
ORD-104100,CUST-0394,19-11-2023,2023,11,November,Q4,West,Nevada,Coffee & Creamers,Coffee mate,Convenience,Health & Wellness,30,7.49,224.7,22.47,202.23,53.19
ORD-102708,CUST-0445,20-11-2023,2023,11,November,Q4,West,California,Coffee & Creamers,Coffee mate,Online,Family,25,7.49,187.25,9.36,177.89,42.51
ORD-102802,CUST-0365,20-11-2023,2023,11,November,Q4,South,Florida,Drinks,Nido,Wholesale,Family,10,10.99,109.9,0,109.9,29.07
ORD-103680,CUST-0390,20-11-2023,2023,11,November,Q4,East,New Jersey,Baking,Nestlé Toll House,Convenience,Family,15,4.99,74.85,5.99,68.86,20.89
ORD-101723,CUST-0581,21-11-2023,2023,11,November,Q4,East,New Jersey,Baking,Nestlé Toll House,Wholesale,Family,75,4.99,374.25,18.71,355.54,102.99
ORD-100372,CUST-0781,22-11-2023,2023,11,November,Q4,West,Arizona,Frozen Pizza,Jack's Pizza,Online,Family,25,5.99,149.75,0,149.75,34.63
ORD-102524,CUST-0031,22-11-2023,2023,11,November,Q4,East,Massachusetts,Frozen Pizza,DiGiorno,Online,Mass Market,40,7.99,319.6,25.57,294.03,87.35
ORD-100478,CUST-0536,23-11-2023,2023,11,November,Q4,Central,Michigan,Baking,Nestlé Toll House,Supermarket,Mass Market,15,4.99,74.85,0,74.85,21.98
ORD-102450,CUST-0146,23-11-2023,2023,11,November,Q4,East,Maryland,Frozen Foods,Stouffer's,Retail,Family,5,8.99,44.95,2.25,42.7,10.29
ORD-104645,CUST-0264,23-11-2023,2023,11,November,Q4,Central,Michigan,Coffee & Creamers,Coffee mate,Retail,Premium,25,7.49,187.25,18.73,168.52,45.35
ORD-100151,CUST-0652,24-11-2023,2023,11,November,Q4,South,Louisiana,Frozen Foods,Stouffer's,Retail,Mass Market,75,8.99,674.25,53.94,620.31,139.09
ORD-101512,CUST-0684,24-11-2023,2023,11,November,Q4,Central,Wisconsin,Coffee & Creamers,Nescafé,Online,Mass Market,40,8.99,359.6,28.77,330.83,92.91
ORD-104080,CUST-0587,24-11-2023,2023,11,November,Q4,West,Nevada,Drinks,Nesquik,Retail,Health & Wellness,50,6.49,324.5,16.23,308.27,62.53
ORD-104705,CUST-0387,25-11-2023,2023,11,November,Q4,East,New York,Drinks,Nido,Supermarket,Family,40,10.99,439.6,0,439.6,94.95
ORD-101842,CUST-0698,26-11-2023,2023,11,November,Q4,East,Massachusetts,Frozen Foods,Lean Cuisine,Supermarket,Mass Market,20,6.49,129.8,0,129.8,23.52
ORD-103369,CUST-0495,26-11-2023,2023,11,November,Q4,West,Nevada,Baking,La Lechera,Supermarket,Mass Market,5,4.49,22.45,1.12,21.33,7.32
ORD-100267,CUST-0713,27-11-2023,2023,11,November,Q4,Central,Missouri,Drinks,Nido,Retail,Family,50,10.99,549.5,82.42,467.08,120.24
ORD-100353,CUST-0447,27-11-2023,2023,11,November,Q4,Central,Missouri,Coffee & Creamers,Coffee mate,Supermarket,Mass Market,40,7.49,299.6,14.98,284.62,71.75
ORD-102429,CUST-0142,27-11-2023,2023,11,November,Q4,East,Maryland,Baking,La Lechera,Online,Premium,20,4.49,89.8,17.96,71.84,23.56
ORD-103019,CUST-0637,27-11-2023,2023,11,November,Q4,West,Nevada,International Foods,Abuelita,Retail,Mass Market,15,5.49,82.35,12.35,70,18.46
ORD-103644,CUST-0450,27-11-2023,2023,11,November,Q4,East,New York,Drinks,Nesquik,Retail,Health & Wellness,15,6.49,97.35,7.79,89.56,23.78
ORD-103923,CUST-0163,27-11-2023,2023,11,November,Q4,South,Louisiana,Baking,Carnation,Convenience,Health & Wellness,15,3.99,59.85,1.2,58.65,15.2
ORD-104924,CUST-0045,27-11-2023,2023,11,November,Q4,South,Texas,Frozen Pizza,Tombstone,Online,Mass Market,5,6.99,34.95,0.7,34.25,8.73
ORD-100210,CUST-0166,28-11-2023,2023,11,November,Q4,West,Nevada,Coffee & Creamers,Coffee mate,Retail,Health & Wellness,20,7.49,149.8,14.98,134.82,38.22
ORD-102176,CUST-0096,28-11-2023,2023,11,November,Q4,South,Texas,Coffee & Creamers,Coffee mate,Retail,Mass Market,25,7.49,187.25,28.09,159.16,46.17
ORD-103414,CUST-0229,28-11-2023,2023,11,November,Q4,East,Massachusetts,Baking,La Lechera,Supermarket,Mass Market,10,4.49,44.9,3.59,41.31,12
ORD-104049,CUST-0352,28-11-2023,2023,11,November,Q4,South,Texas,Drinks,Milo,Wholesale,Premium,10,5.99,59.9,0,59.9,14.55
ORD-101939,CUST-0729,29-11-2023,2023,11,November,Q4,East,Massachusetts,Baking,La Lechera,Retail,Family,100,4.49,449,0,449,151.64
ORD-102983,CUST-0424,29-11-2023,2023,11,November,Q4,Central,Minnesota,Baking,Nestlé Toll House,Wholesale,Mass Market,15,4.99,74.85,7.49,67.37,18.84
ORD-101892,CUST-0553,01-12-2023,2023,12,December,Q4,East,New York,Coffee & Creamers,Nescafé,Supermarket,Family,30,8.99,269.7,26.97,242.73,62.96
ORD-102806,CUST-0367,01-12-2023,2023,12,December,Q4,South,Louisiana,Coffee & Creamers,Coffee mate,Retail,Premium,25,7.49,187.25,3.74,183.5,53.54
ORD-103016,CUST-0406,01-12-2023,2023,12,December,Q4,East,Virginia,Frozen Foods,Stouffer's,Supermarket,Health & Wellness,30,8.99,269.7,21.58,248.12,47.32
ORD-104429,CUST-0100,01-12-2023,2023,12,December,Q4,West,Colorado,Frozen Foods,Stouffer's,Supermarket,Premium,25,8.99,224.75,11.24,213.51,43.44
ORD-101710,CUST-0355,02-12-2023,2023,12,December,Q4,Central,Illinois,Baking,La Lechera,Supermarket,Premium,15,4.49,67.35,1.35,66,19.08
ORD-103748,CUST-0453,02-12-2023,2023,12,December,Q4,East,Maryland,Baking,Carnation,Retail,Mass Market,25,3.99,99.75,4.99,94.76,25.28
ORD-103769,CUST-0154,02-12-2023,2023,12,December,Q4,West,Oregon,Frozen Pizza,DiGiorno,Online,Mass Market,5,7.99,39.95,3.2,36.75,10.62
ORD-104688,CUST-0413,02-12-2023,2023,12,December,Q4,West,Colorado,Drinks,Nido,Online,Health & Wellness,30,10.99,329.7,26.38,303.32,55.66
ORD-101898,CUST-0328,03-12-2023,2023,12,December,Q4,West,Arizona,Baking,Nestlé Toll House,Retail,Family,10,4.99,49.9,4.99,44.91,12.04
ORD-102849,CUST-0700,03-12-2023,2023,12,December,Q4,Central,Missouri,Frozen Foods,Stouffer's,Convenience,Family,15,8.99,134.85,20.23,114.62,25.58
ORD-103480,CUST-0449,03-12-2023,2023,12,December,Q4,East,Massachusetts,Baking,Carnation,Online,Mass Market,10,3.99,39.9,0,39.9,12.24
ORD-101703,CUST-0488,04-12-2023,2023,12,December,Q4,East,Virginia,Coffee & Creamers,Coffee mate,Online,Health & Wellness,10,7.49,74.9,0,74.9,19.27
ORD-104168,CUST-0341,04-12-2023,2023,12,December,Q4,West,California,Baking,Carnation,Online,Health & Wellness,15,3.99,59.85,0,59.85,16.89
ORD-100494,CUST-0638,05-12-2023,2023,12,December,Q4,West,Oregon,Drinks,Nesquik,Supermarket,Premium,15,6.49,97.35,14.6,82.75,16.48
ORD-100682,CUST-0490,05-12-2023,2023,12,December,Q4,West,Arizona,Drinks,Nido,Supermarket,Mass Market,40,10.99,439.6,8.79,430.81,120.25
ORD-101507,CUST-0233,05-12-2023,2023,12,December,Q4,Central,Missouri,International Foods,Abuelita,Online,Premium,30,5.49,164.7,32.94,131.76,34.32
ORD-101759,CUST-0425,05-12-2023,2023,12,December,Q4,West,Colorado,Frozen Foods,Stouffer's,Online,Mass Market,75,8.99,674.25,53.94,620.31,126.91
ORD-104398,CUST-0765,05-12-2023,2023,12,December,Q4,West,Nevada,Baking,La Lechera,Wholesale,Premium,25,4.49,112.25,0,112.25,34.32
ORD-100859,CUST-0627,06-12-2023,2023,12,December,Q4,Central,Wisconsin,Frozen Pizza,Tombstone,Retail,Mass Market,75,6.99,524.25,26.21,498.04,126
ORD-101673,CUST-0165,06-12-2023,2023,12,December,Q4,South,Tennessee,Frozen Foods,Hot Pockets,Supermarket,Premium,40,5.99,239.6,35.94,203.66,41.46
ORD-103354,CUST-0575,06-12-2023,2023,12,December,Q4,East,Virginia,International Foods,El Mejor Nido,Online,Family,15,8.49,127.35,2.55,124.8,37.01
ORD-103606,CUST-0123,06-12-2023,2023,12,December,Q4,West,Nevada,Baking,Nestlé Toll House,Wholesale,Mass Market,40,4.99,199.6,29.94,169.66,52.45
ORD-101025,CUST-0671,07-12-2023,2023,12,December,Q4,South,Texas,Coffee & Creamers,Coffee mate,Retail,Family,75,7.49,561.75,11.24,550.52,144.27
ORD-102172,CUST-0266,07-12-2023,2023,12,December,Q4,West,Oregon,International Foods,Maggi,Online,Premium,10,4.29,42.9,4.29,38.61,11.52
ORD-102327,CUST-0456,07-12-2023,2023,12,December,Q4,South,Tennessee,Baking,La Lechera,Supermarket,Mass Market,10,4.49,44.9,0,44.9,14.15
ORD-102790,CUST-0041,07-12-2023,2023,12,December,Q4,South,Florida,Frozen Foods,Lean Cuisine,Wholesale,Mass Market,30,6.49,194.7,15.58,179.12,36.95
ORD-103121,CUST-0628,07-12-2023,2023,12,December,Q4,East,Maryland,Coffee & Creamers,Nescafé,Retail,Mass Market,30,8.99,269.7,5.39,264.31,71.83
ORD-104951,CUST-0394,07-12-2023,2023,12,December,Q4,East,Massachusetts,Drinks,Nesquik,Online,Family,25,6.49,162.25,0,162.25,39.97
ORD-100933,CUST-0031,08-12-2023,2023,12,December,Q4,South,Texas,Coffee & Creamers,Nescafé,Online,Premium,20,8.99,179.8,17.98,161.82,39.47
ORD-103049,CUST-0555,08-12-2023,2023,12,December,Q4,East,Massachusetts,Baking,Carnation,Supermarket,Premium,100,3.99,399,39.9,359.1,105.46
ORD-100672,CUST-0574,09-12-2023,2023,12,December,Q4,South,North Carolina,International Foods,Abuelita,Retail,Premium,50,5.49,274.5,13.73,260.77,66.34
ORD-100771,CUST-0492,09-12-2023,2023,12,December,Q4,West,California,Baking,La Lechera,Online,Family,20,4.49,89.8,13.47,76.33,22.47
ORD-104384,CUST-0394,09-12-2023,2023,12,December,Q4,Central,Illinois,Frozen Foods,Lean Cuisine,Online,Mass Market,100,6.49,649,51.92,597.08,113.11
ORD-101027,CUST-0738,10-12-2023,2023,12,December,Q4,South,Tennessee,Frozen Foods,Lean Cuisine,Online,Premium,25,6.49,162.25,0,162.25,37.57
ORD-101808,CUST-0717,10-12-2023,2023,12,December,Q4,West,California,Frozen Pizza,Tombstone,Wholesale,Premium,40,6.99,279.6,41.94,237.66,54.69
ORD-103168,CUST-0343,10-12-2023,2023,12,December,Q4,West,Arizona,Frozen Foods,Lean Cuisine,Online,Premium,5,6.49,32.45,6.49,25.96,5.85
ORD-100069,CUST-0789,11-12-2023,2023,12,December,Q4,West,Arizona,Frozen Pizza,DiGiorno,Retail,Mass Market,15,7.99,119.85,5.99,113.86,25.6
ORD-100837,CUST-0668,11-12-2023,2023,12,December,Q4,South,Texas,Frozen Pizza,Jack's Pizza,Supermarket,Family,30,5.99,179.7,26.96,152.74,39.07
ORD-100863,CUST-0387,11-12-2023,2023,12,December,Q4,Central,Minnesota,Baking,La Lechera,Online,Health & Wellness,10,4.49,44.9,8.98,35.92,11.37
ORD-102090,CUST-0575,11-12-2023,2023,12,December,Q4,East,Maryland,International Foods,Maggi,Retail,Mass Market,75,4.29,321.75,16.09,305.66,70.37
ORD-102704,CUST-0762,12-12-2023,2023,12,December,Q4,West,Nevada,Frozen Foods,Stouffer's,Retail,Family,20,8.99,179.8,14.38,165.42,40.08
ORD-103695,CUST-0566,12-12-2023,2023,12,December,Q4,East,Pennsylvania,Coffee & Creamers,Nescafé,Wholesale,Mass Market,50,8.99,449.5,35.96,413.54,117.38
ORD-104434,CUST-0185,13-12-2023,2023,12,December,Q4,South,Georgia,Frozen Foods,Lean Cuisine,Online,Health & Wellness,15,6.49,97.35,4.87,92.48,21.37
ORD-100371,CUST-0694,14-12-2023,2023,12,December,Q4,West,Arizona,Baking,Nestlé Toll House,Online,Mass Market,50,4.99,249.5,24.95,224.55,79.39
ORD-100443,CUST-0409,14-12-2023,2023,12,December,Q4,East,Massachusetts,Drinks,Nesquik,Supermarket,Premium,50,6.49,324.5,16.23,308.27,69.31
ORD-101056,CUST-0522,14-12-2023,2023,12,December,Q4,East,New York,Coffee & Creamers,Nescafé,Retail,Premium,40,8.99,359.6,7.19,352.41,99.65
ORD-101730,CUST-0237,14-12-2023,2023,12,December,Q4,Central,Minnesota,Coffee & Creamers,Nescafé CLASICO,Online,Premium,20,9.49,189.8,28.47,161.33,39.6
ORD-100930,CUST-0575,15-12-2023,2023,12,December,Q4,West,Arizona,International Foods,El Mejor Nido,Wholesale,Family,15,8.49,127.35,0,127.35,33.19
ORD-101061,CUST-0698,15-12-2023,2023,12,December,Q4,South,Florida,Drinks,Nesquik,Online,Family,10,6.49,64.9,0,64.9,13.6
ORD-101646,CUST-0381,15-12-2023,2023,12,December,Q4,Central,Missouri,International Foods,El Mejor Nido,Online,Health & Wellness,15,8.49,127.35,10.19,117.16,36.27
ORD-102509,CUST-0102,15-12-2023,2023,12,December,Q4,South,Louisiana,Frozen Foods,Stouffer's,Retail,Health & Wellness,40,8.99,359.6,35.96,323.64,72.88
ORD-100075,CUST-0389,16-12-2023,2023,12,December,Q4,Central,Minnesota,International Foods,El Mejor Nido,Supermarket,Family,10,8.49,84.9,8.49,76.41,19.04
ORD-101984,CUST-0598,16-12-2023,2023,12,December,Q4,East,Massachusetts,Frozen Pizza,DiGiorno,Convenience,Health & Wellness,30,7.99,239.7,0,239.7,55.62
ORD-101354,CUST-0594,17-12-2023,2023,12,December,Q4,Central,Ohio,Coffee & Creamers,Coffee mate,Online,Mass Market,5,7.49,37.45,1.87,35.58,9.78
ORD-101552,CUST-0666,17-12-2023,2023,12,December,Q4,Central,Ohio,Frozen Pizza,Tombstone,Convenience,Health & Wellness,20,6.99,139.8,13.98,125.82,30.87
ORD-101983,CUST-0420,17-12-2023,2023,12,December,Q4,East,Virginia,Coffee & Creamers,Nescafé CLASICO,Wholesale,Family,25,9.49,237.25,35.59,201.66,55.78
ORD-105009,CUST-0166,17-12-2023,2023,12,December,Q4,West,Washington,International Foods,Maggi,Retail,Premium,40,4.29,171.6,17.16,154.44,45.73
ORD-102000,CUST-0016,18-12-2023,2023,12,December,Q4,East,Virginia,Frozen Pizza,Tombstone,Wholesale,Mass Market,15,6.99,104.85,2.1,102.75,24.64
ORD-102008,CUST-0208,18-12-2023,2023,12,December,Q4,South,Tennessee,Frozen Foods,Stouffer's,Supermarket,Health & Wellness,20,8.99,179.8,8.99,170.81,31.42
ORD-103178,CUST-0484,18-12-2023,2023,12,December,Q4,South,Florida,Frozen Pizza,DiGiorno,Online,Premium,15,7.99,119.85,0,119.85,31.44
ORD-100419,CUST-0691,19-12-2023,2023,12,December,Q4,Central,Ohio,Frozen Pizza,Tombstone,Online,Premium,25,6.99,174.75,17.48,157.28,35.46
ORD-100453,CUST-0775,19-12-2023,2023,12,December,Q4,East,New Jersey,Baking,La Lechera,Online,Mass Market,30,4.49,134.7,6.74,127.97,42.84
ORD-102161,CUST-0100,19-12-2023,2023,12,December,Q4,Central,Minnesota,Baking,Carnation,Supermarket,Family,10,3.99,39.9,3.99,35.91,12.09
ORD-103399,CUST-0730,19-12-2023,2023,12,December,Q4,West,Oregon,International Foods,Abuelita,Supermarket,Premium,10,5.49,54.9,0,54.9,14.39
ORD-103834,CUST-0360,19-12-2023,2023,12,December,Q4,East,Virginia,Frozen Foods,Hot Pockets,Online,Mass Market,50,5.99,299.5,29.95,269.55,67.25
ORD-104590,CUST-0514,19-12-2023,2023,12,December,Q4,Central,Ohio,Baking,Nestlé Toll House,Retail,Health & Wellness,15,4.99,74.85,11.23,63.62,21.58
ORD-103109,CUST-0595,20-12-2023,2023,12,December,Q4,Central,Minnesota,Frozen Foods,Stouffer's,Supermarket,Family,10,8.99,89.9,7.19,82.71,17.9
ORD-104248,CUST-0674,20-12-2023,2023,12,December,Q4,West,Arizona,Frozen Pizza,Tombstone,Retail,Family,30,6.99,209.7,10.49,199.22,49.74
ORD-100609,CUST-0769,21-12-2023,2023,12,December,Q4,East,New Jersey,Baking,Nestlé Toll House,Supermarket,Family,5,4.99,24.95,0.5,24.45,7.01
ORD-101326,CUST-0039,21-12-2023,2023,12,December,Q4,East,Maryland,Frozen Foods,Lean Cuisine,Retail,Mass Market,5,6.49,32.45,2.6,29.85,7.14
ORD-104748,CUST-0715,21-12-2023,2023,12,December,Q4,West,Oregon,Drinks,Milo,Online,Mass Market,40,5.99,239.6,4.79,234.81,48.85
ORD-100742,CUST-0274,22-12-2023,2023,12,December,Q4,East,Massachusetts,Frozen Foods,Hot Pockets,Retail,Family,15,5.99,89.85,7.19,82.66,16.99
ORD-101076,CUST-0394,22-12-2023,2023,12,December,Q4,East,New York,International Foods,Maggi,Retail,Mass Market,15,4.29,64.35,1.29,63.06,15.79
ORD-101188,CUST-0790,22-12-2023,2023,12,December,Q4,West,Colorado,Frozen Pizza,DiGiorno,Retail,Premium,15,7.99,119.85,2.4,117.45,28.14
ORD-100392,CUST-0311,23-12-2023,2023,12,December,Q4,East,Massachusetts,Coffee & Creamers,Coffee mate,Wholesale,Mass Market,20,7.49,149.8,22.47,127.33,39.52
ORD-104122,CUST-0609,23-12-2023,2023,12,December,Q4,Central,Wisconsin,Coffee & Creamers,Nescafé CLASICO,Supermarket,Mass Market,40,9.49,379.6,7.59,372.01,109.03
ORD-100605,CUST-0607,24-12-2023,2023,12,December,Q4,West,Arizona,International Foods,El Mejor Nido,Retail,Family,15,8.49,127.35,0,127.35,34.05
ORD-102099,CUST-0498,24-12-2023,2023,12,December,Q4,South,Louisiana,International Foods,El Mejor Nido,Wholesale,Family,15,8.49,127.35,6.37,120.98,28.04
ORD-102213,CUST-0526,24-12-2023,2023,12,December,Q4,West,Colorado,Frozen Pizza,DiGiorno,Online,Mass Market,10,7.99,79.9,6.39,73.51,19.38
ORD-102907,CUST-0720,24-12-2023,2023,12,December,Q4,South,Georgia,Frozen Foods,Stouffer's,Retail,Premium,30,8.99,269.7,13.48,256.21,55.73
ORD-104829,CUST-0305,24-12-2023,2023,12,December,Q4,East,New York,Frozen Foods,Stouffer's,Wholesale,Mass Market,5,8.99,44.95,2.25,42.7,8.99
ORD-100887,CUST-0162,25-12-2023,2023,12,December,Q4,Central,Michigan,Baking,Carnation,Online,Health & Wellness,15,3.99,59.85,1.2,58.65,19.39
ORD-100916,CUST-0564,25-12-2023,2023,12,December,Q4,East,Maryland,Baking,Carnation,Supermarket,Family,25,3.99,99.75,9.98,89.78,26.63
ORD-102606,CUST-0223,25-12-2023,2023,12,December,Q4,East,Virginia,Baking,La Lechera,Convenience,Mass Market,10,4.49,44.9,6.74,38.17,12.69
ORD-103024,CUST-0397,25-12-2023,2023,12,December,Q4,East,New Jersey,International Foods,Abuelita,Wholesale,Mass Market,5,5.49,27.45,2.75,24.7,6
ORD-103940,CUST-0419,25-12-2023,2023,12,December,Q4,East,Massachusetts,Coffee & Creamers,Nescafé CLASICO,Supermarket,Family,25,9.49,237.25,23.72,213.52,42.68
ORD-101664,CUST-0732,26-12-2023,2023,12,December,Q4,East,Massachusetts,Coffee & Creamers,Nescafé CLASICO,Supermarket,Health & Wellness,30,9.49,284.7,22.78,261.92,76.53
ORD-102312,CUST-0525,26-12-2023,2023,12,December,Q4,South,Louisiana,Frozen Foods,Hot Pockets,Supermarket,Mass Market,25,5.99,149.75,11.98,137.77,28.54
ORD-104603,CUST-0202,26-12-2023,2023,12,December,Q4,South,Tennessee,International Foods,El Mejor Nido,Retail,Health & Wellness,15,8.49,127.35,10.19,117.16,30.53
ORD-101375,CUST-0175,27-12-2023,2023,12,December,Q4,West,Oregon,Baking,Nestlé Toll House,Supermarket,Family,20,4.99,99.8,9.98,89.82,32.79
ORD-102049,CUST-0582,27-12-2023,2023,12,December,Q4,Central,Missouri,Frozen Foods,Hot Pockets,Online,Health & Wellness,25,5.99,149.75,14.98,134.78,26.83
ORD-102746,CUST-0689,27-12-2023,2023,12,December,Q4,South,Tennessee,Baking,La Lechera,Retail,Family,50,4.49,224.5,22.45,202.05,62.83
ORD-103427,CUST-0404,27-12-2023,2023,12,December,Q4,Central,Illinois,Baking,Nestlé Toll House,Online,Health & Wellness,30,4.99,149.7,11.98,137.72,41.8
ORD-104367,CUST-0523,27-12-2023,2023,12,December,Q4,West,Arizona,Baking,Nestlé Toll House,Online,Health & Wellness,25,4.99,124.75,6.24,118.51,35.17
ORD-100395,CUST-0350,28-12-2023,2023,12,December,Q4,East,Massachusetts,Coffee & Creamers,Coffee mate,Online,Mass Market,30,7.49,224.7,17.98,206.72,50.37
ORD-101332,CUST-0084,28-12-2023,2023,12,December,Q4,Central,Illinois,Baking,Carnation,Supermarket,Family,10,3.99,39.9,3.19,36.71,12.8
ORD-101604,CUST-0294,28-12-2023,2023,12,December,Q4,East,Virginia,Drinks,Nesquik,Convenience,Premium,20,6.49,129.8,12.98,116.82,23.77
ORD-100924,CUST-0365,29-12-2023,2023,12,December,Q4,South,North Carolina,Coffee & Creamers,Coffee mate,Retail,Premium,40,7.49,299.6,23.97,275.63,74.96
ORD-103473,CUST-0011,29-12-2023,2023,12,December,Q4,Central,Wisconsin,Frozen Pizza,Jack's Pizza,Wholesale,Family,20,5.99,119.8,9.58,110.22,25.81
ORD-101154,CUST-0392,30-12-2023,2023,12,December,Q4,Central,Ohio,Frozen Pizza,Tombstone,Retail,Mass Market,15,6.99,104.85,5.24,99.61,23.46
ORD-102764,CUST-0529,30-12-2023,2023,12,December,Q4,East,New York,Frozen Pizza,Jack's Pizza,Retail,Mass Market,5,5.99,29.95,0.6,29.35,6.14
ORD-104244,CUST-0540,30-12-2023,2023,12,December,Q4,East,Massachusetts,Frozen Foods,Stouffer's,Retail,Mass Market,10,8.99,89.9,8.99,80.91,18.66
ORD-100119,CUST-0312,31-12-2023,2023,12,December,Q4,South,Louisiana,Coffee & Creamers,Nescafé CLASICO,Wholesale,Family,5,9.49,47.45,3.8,43.65,13.55
ORD-104644,CUST-0056,31-12-2023,2023,12,December,Q4,West,Colorado,Drinks,Nido,Convenience,Mass Market,30,10.99,329.7,0,329.7,67.4
ORD-101527,CUST-0473,01-01-2024,2024,1,January,Q1,East,New York,Coffee & Creamers,Nescafé,Supermarket,Mass Market,40,8.99,359.6,53.94,305.66,89.6
ORD-102002,CUST-0044,01-01-2024,2024,1,January,Q1,West,Nevada,Frozen Pizza,Jack's Pizza,Supermarket,Mass Market,25,5.99,149.75,11.98,137.77,36.26
ORD-102391,CUST-0396,01-01-2024,2024,1,January,Q1,East,Maryland,Coffee & Creamers,Coffee mate,Convenience,Mass Market,20,7.49,149.8,11.98,137.82,34.03
ORD-103067,CUST-0615,01-01-2024,2024,1,January,Q1,West,Nevada,International Foods,Abuelita,Online,Premium,30,5.49,164.7,13.18,151.52,44.18
ORD-103599,CUST-0610,01-01-2024,2024,1,January,Q1,East,Virginia,Frozen Pizza,DiGiorno,Online,Mass Market,30,7.99,239.7,35.96,203.74,55.64
ORD-101648,CUST-0520,03-01-2024,2024,1,January,Q1,South,Tennessee,International Foods,Maggi,Online,Mass Market,10,4.29,42.9,3.43,39.47,11.75
ORD-103248,CUST-0149,03-01-2024,2024,1,January,Q1,East,New York,Baking,Nestlé Toll House,Wholesale,Health & Wellness,75,4.99,374.25,18.71,355.54,117.73
ORD-103744,CUST-0705,03-01-2024,2024,1,January,Q1,West,Nevada,Baking,La Lechera,Supermarket,Mass Market,20,4.49,89.8,4.49,85.31,26.06
ORD-104804,CUST-0719,03-01-2024,2024,1,January,Q1,West,Nevada,Frozen Pizza,Tombstone,Retail,Family,30,6.99,209.7,10.49,199.22,48.47
ORD-104945,CUST-0630,03-01-2024,2024,1,January,Q1,South,Louisiana,Frozen Pizza,DiGiorno,Retail,Health & Wellness,40,7.99,319.6,15.98,303.62,72.85
ORD-100695,CUST-0772,04-01-2024,2024,1,January,Q1,West,Nevada,Drinks,Nesquik,Online,Mass Market,25,6.49,162.25,8.11,154.14,41.95
ORD-101589,CUST-0587,04-01-2024,2024,1,January,Q1,East,Maryland,International Foods,El Mejor Nido,Supermarket,Premium,5,8.49,42.45,4.24,38.21,10.96
ORD-103141,CUST-0234,04-01-2024,2024,1,January,Q1,East,Pennsylvania,Frozen Pizza,Tombstone,Online,Family,20,6.99,139.8,11.18,128.62,36.2
ORD-103507,CUST-0346,04-01-2024,2024,1,January,Q1,South,Tennessee,Frozen Pizza,Jack's Pizza,Supermarket,Mass Market,10,5.99,59.9,8.99,50.92,11.59
ORD-103660,CUST-0529,04-01-2024,2024,1,January,Q1,South,Georgia,International Foods,Maggi,Convenience,Mass Market,10,4.29,42.9,6.44,36.46,9.58
ORD-103724,CUST-0722,04-01-2024,2024,1,January,Q1,West,Washington,Coffee & Creamers,Coffee mate,Online,Family,30,7.49,224.7,22.47,202.23,52.96
ORD-103982,CUST-0713,04-01-2024,2024,1,January,Q1,South,Tennessee,Frozen Pizza,Jack's Pizza,Wholesale,Mass Market,25,5.99,149.75,7.49,142.26,31.43
ORD-104298,CUST-0217,04-01-2024,2024,1,January,Q1,West,Nevada,Drinks,Milo,Supermarket,Family,20,5.99,119.8,11.98,107.82,21.38
ORD-100758,CUST-0059,05-01-2024,2024,1,January,Q1,Central,Missouri,International Foods,El Mejor Nido,Supermarket,Mass Market,10,8.49,84.9,0,84.9,25.66
ORD-101001,CUST-0562,05-01-2024,2024,1,January,Q1,West,Oregon,Baking,Carnation,Online,Premium,50,3.99,199.5,0,199.5,60.54
ORD-101669,CUST-0322,05-01-2024,2024,1,January,Q1,West,Arizona,International Foods,Maggi,Convenience,Mass Market,30,4.29,128.7,12.87,115.83,32.03
ORD-102198,CUST-0093,05-01-2024,2024,1,January,Q1,South,Louisiana,Baking,Nestlé Toll House,Online,Family,15,4.99,74.85,11.23,63.62,16.63
ORD-102539,CUST-0661,05-01-2024,2024,1,January,Q1,Central,Ohio,Drinks,Milo,Online,Family,30,5.99,179.7,3.59,176.11,47.54
ORD-103457,CUST-0371,05-01-2024,2024,1,January,Q1,East,Pennsylvania,Coffee & Creamers,Nescafé CLASICO,Online,Family,30,9.49,284.7,22.78,261.92,68.58
ORD-104782,CUST-0286,05-01-2024,2024,1,January,Q1,West,California,International Foods,El Mejor Nido,Supermarket,Premium,20,8.49,169.8,0,169.8,43.87
ORD-102808,CUST-0673,06-01-2024,2024,1,January,Q1,West,Washington,Frozen Foods,Stouffer's,Online,Family,10,8.99,89.9,13.49,76.42,17.67
ORD-103413,CUST-0048,06-01-2024,2024,1,January,Q1,West,Arizona,Drinks,Nido,Online,Mass Market,40,10.99,439.6,65.94,373.66,101.24
ORD-104006,CUST-0777,06-01-2024,2024,1,January,Q1,West,Oregon,Frozen Pizza,DiGiorno,Retail,Family,15,7.99,119.85,5.99,113.86,29.67
ORD-104058,CUST-0714,06-01-2024,2024,1,January,Q1,West,Oregon,Baking,Nestlé Toll House,Supermarket,Premium,20,4.99,99.8,2,97.8,29.75
ORD-104937,CUST-0464,06-01-2024,2024,1,January,Q1,South,Florida,Coffee & Creamers,Coffee mate,Convenience,Mass Market,20,7.49,149.8,7.49,142.31,33.65
ORD-102404,CUST-0430,07-01-2024,2024,1,January,Q1,East,Maryland,Frozen Pizza,DiGiorno,Retail,Premium,75,7.99,599.25,29.96,569.29,132.32
ORD-101156,CUST-0232,08-01-2024,2024,1,January,Q1,Central,Minnesota,Frozen Foods,Stouffer's,Supermarket,Mass Market,10,8.99,89.9,8.99,80.91,21.27
ORD-103197,CUST-0288,08-01-2024,2024,1,January,Q1,South,Tennessee,Frozen Pizza,DiGiorno,Supermarket,Mass Market,25,7.99,199.75,15.98,183.77,50.13
ORD-103762,CUST-0624,08-01-2024,2024,1,January,Q1,Central,Illinois,Frozen Pizza,DiGiorno,Wholesale,Mass Market,50,7.99,399.5,31.96,367.54,103.68
ORD-104653,CUST-0594,08-01-2024,2024,1,January,Q1,East,Massachusetts,Frozen Foods,Stouffer's,Wholesale,Health & Wellness,30,8.99,269.7,0,269.7,53.94
ORD-101268,CUST-0375,09-01-2024,2024,1,January,Q1,East,New York,Frozen Foods,Hot Pockets,Supermarket,Family,10,5.99,59.9,0,59.9,12.67
ORD-102252,CUST-0701,10-01-2024,2024,1,January,Q1,South,Texas,Drinks,Nesquik,Online,Mass Market,75,6.49,486.75,0,486.75,129.51
ORD-102439,CUST-0371,10-01-2024,2024,1,January,Q1,Central,Wisconsin,Baking,Nestlé Toll House,Online,Mass Market,50,4.99,249.5,4.99,244.51,74.99
ORD-102684,CUST-0782,10-01-2024,2024,1,January,Q1,East,Massachusetts,International Foods,Abuelita,Supermarket,Health & Wellness,5,5.49,27.45,0,27.45,7.82
ORD-104447,CUST-0350,10-01-2024,2024,1,January,Q1,West,Washington,International Foods,El Mejor Nido,Supermarket,Premium,5,8.49,42.45,2.12,40.33,11.12
ORD-100764,CUST-0314,11-01-2024,2024,1,January,Q1,Central,Ohio,Drinks,Milo,Retail,Mass Market,50,5.99,299.5,23.96,275.54,67.7
ORD-102451,CUST-0589,11-01-2024,2024,1,January,Q1,East,Pennsylvania,Coffee & Creamers,Coffee mate,Retail,Health & Wellness,20,7.49,149.8,14.98,134.82,36.39
ORD-102800,CUST-0707,11-01-2024,2024,1,January,Q1,West,California,Baking,Nestlé Toll House,Retail,Mass Market,50,4.99,249.5,4.99,244.51,76.38
ORD-103053,CUST-0757,11-01-2024,2024,1,January,Q1,West,Oregon,Drinks,Milo,Supermarket,Family,25,5.99,149.75,7.49,142.26,39.37
ORD-104035,CUST-0203,11-01-2024,2024,1,January,Q1,West,Arizona,Baking,Carnation,Wholesale,Family,20,3.99,79.8,0,79.8,23.76
ORD-100339,CUST-0449,12-01-2024,2024,1,January,Q1,East,New Jersey,Drinks,Nido,Online,Health & Wellness,15,10.99,164.85,16.48,148.36,33.9
ORD-100540,CUST-0555,12-01-2024,2024,1,January,Q1,West,Washington,Frozen Foods,Hot Pockets,Wholesale,Health & Wellness,40,5.99,239.6,4.79,234.81,51.73
ORD-102890,CUST-0268,12-01-2024,2024,1,January,Q1,South,Tennessee,Coffee & Creamers,Nescafé,Supermarket,Family,25,8.99,224.75,4.5,220.26,63.62
ORD-102999,CUST-0588,12-01-2024,2024,1,January,Q1,East,New York,International Foods,Maggi,Online,Premium,25,4.29,107.25,16.09,91.16,24.98
ORD-103376,CUST-0395,12-01-2024,2024,1,January,Q1,South,North Carolina,Baking,La Lechera,Supermarket,Mass Market,20,4.49,89.8,4.49,85.31,19.62
ORD-104704,CUST-0609,12-01-2024,2024,1,January,Q1,Central,Wisconsin,International Foods,Abuelita,Retail,Mass Market,25,5.49,137.25,20.59,116.66,31.26
ORD-100500,CUST-0719,13-01-2024,2024,1,January,Q1,South,Tennessee,Frozen Foods,Hot Pockets,Wholesale,Premium,100,5.99,599,29.95,569.05,141.06
ORD-100867,CUST-0155,13-01-2024,2024,1,January,Q1,West,Arizona,Drinks,Nesquik,Supermarket,Family,25,6.49,162.25,3.24,159,35.64
ORD-101075,CUST-0563,13-01-2024,2024,1,January,Q1,South,North Carolina,Frozen Pizza,Tombstone,Supermarket,Mass Market,20,6.99,139.8,11.18,128.62,29.02
ORD-101198,CUST-0648,13-01-2024,2024,1,January,Q1,South,Georgia,Coffee & Creamers,Coffee mate,Online,Family,25,7.49,187.25,9.36,177.89,45.19
ORD-103793,CUST-0169,13-01-2024,2024,1,January,Q1,Central,Michigan,Frozen Foods,Stouffer's,Retail,Health & Wellness,30,8.99,269.7,5.39,264.31,58.74
ORD-100018,CUST-0454,14-01-2024,2024,1,January,Q1,Central,Wisconsin,Baking,Carnation,Convenience,Health & Wellness,20,3.99,79.8,7.98,71.82,22.93
ORD-100322,CUST-0257,14-01-2024,2024,1,January,Q1,Central,Michigan,Frozen Foods,Stouffer's,Wholesale,Premium,100,8.99,899,0,899,227.38
ORD-103293,CUST-0123,14-01-2024,2024,1,January,Q1,East,Maryland,Coffee & Creamers,Nescafé,Supermarket,Premium,40,8.99,359.6,28.77,330.83,92.89
ORD-100542,CUST-0610,15-01-2024,2024,1,January,Q1,Central,Ohio,Frozen Foods,Lean Cuisine,Online,Family,75,6.49,486.75,24.34,462.41,106.76
ORD-102521,CUST-0421,15-01-2024,2024,1,January,Q1,Central,Ohio,Coffee & Creamers,Coffee mate,Online,Premium,40,7.49,299.6,5.99,293.61,89.06
ORD-102917,CUST-0416,16-01-2024,2024,1,January,Q1,Central,Missouri,International Foods,Maggi,Wholesale,Premium,20,4.29,85.8,6.86,78.94,20.84
ORD-100374,CUST-0622,17-01-2024,2024,1,January,Q1,Central,Wisconsin,Coffee & Creamers,Coffee mate,Supermarket,Mass Market,15,7.49,112.35,8.99,103.36,23.98
ORD-102096,CUST-0214,18-01-2024,2024,1,January,Q1,South,North Carolina,Baking,Nestlé Toll House,Supermarket,Health & Wellness,25,4.99,124.75,6.24,118.51,40.51
ORD-102748,CUST-0372,18-01-2024,2024,1,January,Q1,West,Arizona,Drinks,Nido,Wholesale,Premium,25,10.99,274.75,13.74,261.01,71.44
ORD-103821,CUST-0461,18-01-2024,2024,1,January,Q1,East,Maryland,Baking,Carnation,Retail,Mass Market,100,3.99,399,7.98,391.02,105.81
ORD-100089,CUST-0334,19-01-2024,2024,1,January,Q1,South,Tennessee,Baking,Carnation,Online,Mass Market,30,3.99,119.7,5.98,113.72,37.35
ORD-101017,CUST-0179,19-01-2024,2024,1,January,Q1,West,Oregon,Frozen Pizza,DiGiorno,Retail,Premium,25,7.99,199.75,15.98,183.77,47.21
ORD-101415,CUST-0300,19-01-2024,2024,1,January,Q1,Central,Missouri,Baking,Carnation,Retail,Mass Market,15,3.99,59.85,0,59.85,19.52
ORD-101896,CUST-0510,19-01-2024,2024,1,January,Q1,Central,Michigan,Baking,Nestlé Toll House,Supermarket,Premium,15,4.99,74.85,0,74.85,20.79
ORD-102160,CUST-0120,19-01-2024,2024,1,January,Q1,Central,Missouri,Baking,Nestlé Toll House,Retail,Mass Market,15,4.99,74.85,5.99,68.86,22.46
ORD-102635,CUST-0150,19-01-2024,2024,1,January,Q1,Central,Michigan,Coffee & Creamers,Nescafé,Retail,Mass Market,25,8.99,224.75,0,224.75,66.98
ORD-102926,CUST-0133,19-01-2024,2024,1,January,Q1,South,Louisiana,International Foods,Maggi,Convenience,Health & Wellness,5,4.29,21.45,0,21.45,6.61
ORD-103696,CUST-0678,19-01-2024,2024,1,January,Q1,West,Oregon,Frozen Foods,Lean Cuisine,Retail,Premium,20,6.49,129.8,6.49,123.31,23.43
ORD-104654,CUST-0279,19-01-2024,2024,1,January,Q1,South,Georgia,International Foods,Maggi,Retail,Family,30,4.29,128.7,0,128.7,33.22
ORD-102791,CUST-0169,20-01-2024,2024,1,January,Q1,Central,Wisconsin,International Foods,Maggi,Supermarket,Family,50,4.29,214.5,21.45,193.05,54.26
ORD-103763,CUST-0470,20-01-2024,2024,1,January,Q1,Central,Wisconsin,Coffee & Creamers,Nescafé,Retail,Premium,20,8.99,179.8,14.38,165.42,41.43
ORD-104586,CUST-0423,20-01-2024,2024,1,January,Q1,South,Florida,Frozen Foods,Stouffer's,Supermarket,Premium,25,8.99,224.75,33.71,191.04,36.56
ORD-104864,CUST-0737,20-01-2024,2024,1,January,Q1,East,Massachusetts,Frozen Foods,Lean Cuisine,Supermarket,Health & Wellness,40,6.49,259.6,0,259.6,57.57
ORD-100554,CUST-0208,21-01-2024,2024,1,January,Q1,Central,Minnesota,International Foods,El Mejor Nido,Wholesale,Mass Market,40,8.49,339.6,27.17,312.43,90.77
ORD-103684,CUST-0429,21-01-2024,2024,1,January,Q1,West,Washington,International Foods,Abuelita,Retail,Mass Market,15,5.49,82.35,4.12,78.23,23.68
ORD-102135,CUST-0672,22-01-2024,2024,1,January,Q1,Central,Wisconsin,Coffee & Creamers,Coffee mate,Supermarket,Health & Wellness,15,7.49,112.35,11.24,101.12,30.92
ORD-103952,CUST-0447,22-01-2024,2024,1,January,Q1,South,Florida,Frozen Pizza,DiGiorno,Convenience,Premium,25,7.99,199.75,9.99,189.76,41.53
ORD-104302,CUST-0305,22-01-2024,2024,1,January,Q1,South,Texas,Frozen Foods,Lean Cuisine,Supermarket,Premium,25,6.49,162.25,8.11,154.14,29.46
ORD-104409,CUST-0136,22-01-2024,2024,1,January,Q1,East,Maryland,International Foods,El Mejor Nido,Online,Mass Market,40,8.49,339.6,0,339.6,96.47
ORD-104785,CUST-0598,22-01-2024,2024,1,January,Q1,East,Pennsylvania,Coffee & Creamers,Nescafé,Retail,Family,15,8.99,134.85,2.7,132.15,39.1
ORD-100782,CUST-0331,23-01-2024,2024,1,January,Q1,Central,Missouri,Frozen Pizza,Tombstone,Convenience,Family,20,6.99,139.8,6.99,132.81,34.08
ORD-101110,CUST-0793,23-01-2024,2024,1,January,Q1,West,Arizona,Baking,Carnation,Retail,Mass Market,15,3.99,59.85,4.79,55.06,14.32
ORD-101452,CUST-0357,23-01-2024,2024,1,January,Q1,Central,Illinois,Frozen Pizza,DiGiorno,Wholesale,Family,10,7.99,79.9,7.99,71.91,18.24
ORD-102028,CUST-0104,23-01-2024,2024,1,January,Q1,South,Texas,Drinks,Nesquik,Online,Premium,50,6.49,324.5,32.45,292.05,70.12
ORD-102244,CUST-0468,23-01-2024,2024,1,January,Q1,South,Georgia,Frozen Foods,Stouffer's,Retail,Mass Market,15,8.99,134.85,6.74,128.11,21.7
ORD-103635,CUST-0778,23-01-2024,2024,1,January,Q1,West,Nevada,Coffee & Creamers,Coffee mate,Retail,Mass Market,15,7.49,112.35,0,112.35,31.13
ORD-104292,CUST-0345,23-01-2024,2024,1,January,Q1,West,Oregon,Baking,La Lechera,Retail,Family,5,4.49,22.45,1.8,20.65,6.04
ORD-104736,CUST-0488,23-01-2024,2024,1,January,Q1,West,California,Baking,Nestlé Toll House,Wholesale,Family,15,4.99,74.85,0,74.85,21.38
ORD-100697,CUST-0065,24-01-2024,2024,1,January,Q1,East,Massachusetts,Frozen Foods,Lean Cuisine,Wholesale,Mass Market,20,6.49,129.8,2.6,127.2,28.07
ORD-100729,CUST-0509,24-01-2024,2024,1,January,Q1,West,Washington,Frozen Foods,Hot Pockets,Wholesale,Mass Market,40,5.99,239.6,19.17,220.43,46.62
ORD-101871,CUST-0243,24-01-2024,2024,1,January,Q1,South,Texas,Frozen Pizza,DiGiorno,Retail,Mass Market,10,7.99,79.9,7.99,71.91,20.31
ORD-104379,CUST-0211,24-01-2024,2024,1,January,Q1,West,Arizona,International Foods,El Mejor Nido,Wholesale,Premium,30,8.49,254.7,0,254.7,71.25
ORD-100456,CUST-0273,25-01-2024,2024,1,January,Q1,East,New York,International Foods,Maggi,Retail,Health & Wellness,10,4.29,42.9,0,42.9,11.9
ORD-104215,CUST-0118,25-01-2024,2024,1,January,Q1,Central,Michigan,Coffee & Creamers,Nescafé,Wholesale,Family,5,8.99,44.95,3.6,41.35,12.5
ORD-102204,CUST-0394,26-01-2024,2024,1,January,Q1,West,Nevada,Frozen Foods,Stouffer's,Convenience,Health & Wellness,50,8.99,449.5,35.96,413.54,75.59
ORD-100592,CUST-0184,27-01-2024,2024,1,January,Q1,Central,Minnesota,Drinks,Nesquik,Online,Premium,40,6.49,259.6,20.77,238.83,68.11
ORD-100760,CUST-0561,27-01-2024,2024,1,January,Q1,South,North Carolina,Coffee & Creamers,Nescafé,Retail,Family,5,8.99,44.95,0,44.95,9.62
ORD-101420,CUST-0608,27-01-2024,2024,1,January,Q1,South,Florida,Baking,Nestlé Toll House,Retail,Health & Wellness,15,4.99,74.85,11.23,63.62,16.12
ORD-101455,CUST-0259,27-01-2024,2024,1,January,Q1,West,Arizona,Coffee & Creamers,Nescafé CLASICO,Supermarket,Family,20,9.49,189.8,9.49,180.31,44.81
ORD-101636,CUST-0297,27-01-2024,2024,1,January,Q1,West,Nevada,Drinks,Nido,Online,Premium,15,10.99,164.85,8.24,156.61,41.71
ORD-102337,CUST-0165,27-01-2024,2024,1,January,Q1,East,Massachusetts,Frozen Foods,Lean Cuisine,Online,Family,15,6.49,97.35,9.74,87.62,20.4
ORD-102444,CUST-0556,27-01-2024,2024,1,January,Q1,South,Tennessee,Frozen Pizza,Tombstone,Convenience,Family,30,6.99,209.7,0,209.7,48.71
ORD-103033,CUST-0509,27-01-2024,2024,1,January,Q1,Central,Michigan,Frozen Foods,Stouffer's,Retail,Mass Market,15,8.99,134.85,6.74,128.11,21.83
ORD-101432,CUST-0439,28-01-2024,2024,1,January,Q1,East,Maryland,Drinks,Nido,Online,Mass Market,10,10.99,109.9,16.48,93.42,24.91
ORD-101535,CUST-0610,28-01-2024,2024,1,January,Q1,East,Massachusetts,International Foods,El Mejor Nido,Supermarket,Premium,25,8.49,212.25,42.45,169.8,54.14
ORD-102329,CUST-0322,28-01-2024,2024,1,January,Q1,Central,Wisconsin,Baking,La Lechera,Supermarket,Health & Wellness,20,4.49,89.8,8.98,80.82,23.54
ORD-103565,CUST-0220,28-01-2024,2024,1,January,Q1,East,Maryland,Frozen Pizza,DiGiorno,Retail,Family,30,7.99,239.7,0,239.7,68.74
ORD-104125,CUST-0466,28-01-2024,2024,1,January,Q1,South,Florida,Frozen Pizza,DiGiorno,Retail,Premium,40,7.99,319.6,0,319.6,87.86
ORD-100778,CUST-0100,29-01-2024,2024,1,January,Q1,Central,Missouri,Frozen Foods,Stouffer's,Supermarket,Premium,5,8.99,44.95,0.9,44.05,11.41
ORD-101305,CUST-0623,29-01-2024,2024,1,January,Q1,Central,Missouri,International Foods,Maggi,Online,Family,25,4.29,107.25,5.36,101.89,27.21
ORD-102894,CUST-0423,29-01-2024,2024,1,January,Q1,Central,Missouri,Baking,La Lechera,Convenience,Premium,30,4.49,134.7,10.78,123.92,36.5
ORD-104747,CUST-0644,29-01-2024,2024,1,January,Q1,West,Nevada,Frozen Foods,Stouffer's,Online,Premium,10,8.99,89.9,7.19,82.71,14.4
ORD-101106,CUST-0602,30-01-2024,2024,1,January,Q1,West,California,Baking,Nestlé Toll House,Wholesale,Mass Market,100,4.99,499,49.9,449.1,133.34
ORD-102146,CUST-0728,30-01-2024,2024,1,January,Q1,South,Tennessee,Baking,Nestlé Toll House,Retail,Family,10,4.99,49.9,3.99,45.91,14.71
ORD-103432,CUST-0671,30-01-2024,2024,1,January,Q1,South,Florida,Baking,Carnation,Retail,Family,15,3.99,59.85,8.98,50.87,16.06
ORD-103572,CUST-0142,30-01-2024,2024,1,January,Q1,Central,Missouri,Coffee & Creamers,Nescafé CLASICO,Supermarket,Mass Market,5,9.49,47.45,0,47.45,13.25
ORD-104939,CUST-0221,30-01-2024,2024,1,January,Q1,South,Louisiana,Baking,Nestlé Toll House,Wholesale,Mass Market,30,4.99,149.7,29.94,119.76,34.57
ORD-101569,CUST-0192,31-01-2024,2024,1,January,Q1,Central,Missouri,Frozen Foods,Stouffer's,Convenience,Family,50,8.99,449.5,44.95,404.55,79.11
ORD-103303,CUST-0634,31-01-2024,2024,1,January,Q1,Central,Minnesota,Frozen Foods,Hot Pockets,Convenience,Family,30,5.99,179.7,26.96,152.74,29.8
ORD-103454,CUST-0525,31-01-2024,2024,1,January,Q1,East,Massachusetts,Coffee & Creamers,Coffee mate,Retail,Mass Market,15,7.49,112.35,0,112.35,28.85
ORD-104160,CUST-0122,31-01-2024,2024,1,January,Q1,Central,Minnesota,Frozen Foods,Stouffer's,Wholesale,Health & Wellness,40,8.99,359.6,28.77,330.83,74.26
ORD-104162,CUST-0594,31-01-2024,2024,1,January,Q1,West,Colorado,Frozen Pizza,Tombstone,Online,Mass Market,5,6.99,34.95,1.75,33.2,9.52
ORD-100794,CUST-0541,01-02-2024,2024,2,February,Q1,Central,Minnesota,Frozen Foods,Lean Cuisine,Supermarket,Family,10,6.49,64.9,0,64.9,15.28
ORD-103028,CUST-0218,01-02-2024,2024,2,February,Q1,Central,Wisconsin,Frozen Pizza,DiGiorno,Retail,Family,10,7.99,79.9,1.6,78.3,22.37
ORD-101587,CUST-0418,02-02-2024,2024,2,February,Q1,Central,Ohio,International Foods,Maggi,Supermarket,Family,5,4.29,21.45,0,21.45,6.76
ORD-103882,CUST-0529,02-02-2024,2024,2,February,Q1,Central,Missouri,Frozen Pizza,Jack's Pizza,Online,Mass Market,25,5.99,149.75,11.98,137.77,36
ORD-104709,CUST-0177,02-02-2024,2024,2,February,Q1,South,Louisiana,Frozen Pizza,DiGiorno,Online,Mass Market,10,7.99,79.9,4,75.9,18.25
ORD-102987,CUST-0054,03-02-2024,2024,2,February,Q1,West,Oregon,International Foods,Maggi,Retail,Premium,50,4.29,214.5,0,214.5,53.54
ORD-104012,CUST-0477,03-02-2024,2024,2,February,Q1,East,New Jersey,Coffee & Creamers,Coffee mate,Supermarket,Premium,25,7.49,187.25,14.98,172.27,51.52
ORD-100403,CUST-0060,04-02-2024,2024,2,February,Q1,East,Pennsylvania,Baking,Carnation,Convenience,Family,20,3.99,79.8,3.99,75.81,25.83
ORD-101338,CUST-0047,04-02-2024,2024,2,February,Q1,Central,Ohio,Baking,Nestlé Toll House,Online,Health & Wellness,20,4.99,99.8,4.99,94.81,30.3
ORD-104166,CUST-0262,04-02-2024,2024,2,February,Q1,East,New Jersey,International Foods,Maggi,Retail,Premium,25,4.29,107.25,21.45,85.8,24.48
ORD-100637,CUST-0734,05-02-2024,2024,2,February,Q1,Central,Ohio,Coffee & Creamers,Coffee mate,Retail,Family,20,7.49,149.8,7.49,142.31,45.53
ORD-102984,CUST-0394,05-02-2024,2024,2,February,Q1,South,Louisiana,Frozen Foods,Hot Pockets,Convenience,Health & Wellness,25,5.99,149.75,14.98,134.78,23.17
ORD-103561,CUST-0218,05-02-2024,2024,2,February,Q1,East,New York,Coffee & Creamers,Coffee mate,Supermarket,Premium,25,7.49,187.25,0,187.25,55.49
ORD-103942,CUST-0777,05-02-2024,2024,2,February,Q1,South,Louisiana,Coffee & Creamers,Coffee mate,Supermarket,Family,30,7.49,224.7,33.7,191,59.51
ORD-104572,CUST-0690,05-02-2024,2024,2,February,Q1,Central,Ohio,Baking,Nestlé Toll House,Supermarket,Family,20,4.99,99.8,2,97.8,28.64
ORD-100485,CUST-0514,06-02-2024,2024,2,February,Q1,Central,Wisconsin,Frozen Pizza,Tombstone,Online,Family,10,6.99,69.9,3.5,66.4,17.69
ORD-100550,CUST-0054,06-02-2024,2024,2,February,Q1,South,Georgia,Coffee & Creamers,Coffee mate,Supermarket,Premium,20,7.49,149.8,7.49,142.31,37.59
ORD-101849,CUST-0580,06-02-2024,2024,2,February,Q1,South,Texas,Frozen Pizza,Tombstone,Retail,Mass Market,100,6.99,699,0,699,203.23
ORD-102294,CUST-0341,06-02-2024,2024,2,February,Q1,East,Virginia,Frozen Foods,Stouffer's,Wholesale,Mass Market,20,8.99,179.8,14.38,165.42,36.98
ORD-102958,CUST-0583,06-02-2024,2024,2,February,Q1,South,Florida,International Foods,El Mejor Nido,Wholesale,Health & Wellness,25,8.49,212.25,4.24,208,55.71
ORD-103964,CUST-0201,06-02-2024,2024,2,February,Q1,Central,Ohio,International Foods,Maggi,Supermarket,Premium,75,4.29,321.75,48.26,273.49,72.18
ORD-100181,CUST-0396,07-02-2024,2024,2,February,Q1,East,New York,Frozen Foods,Hot Pockets,Retail,Health & Wellness,25,5.99,149.75,29.95,119.8,24.43
ORD-103634,CUST-0517,07-02-2024,2024,2,February,Q1,East,New Jersey,Frozen Foods,Hot Pockets,Supermarket,Mass Market,5,5.99,29.95,2.4,27.55,5.63
ORD-100049,CUST-0751,08-02-2024,2024,2,February,Q1,Central,Ohio,Frozen Foods,Hot Pockets,Retail,Mass Market,15,5.99,89.85,8.99,80.87,17.83
ORD-102657,CUST-0455,09-02-2024,2024,2,February,Q1,South,Tennessee,Frozen Pizza,DiGiorno,Retail,Family,5,7.99,39.95,3.2,36.75,10.46
ORD-102691,CUST-0408,09-02-2024,2024,2,February,Q1,Central,Ohio,Frozen Foods,Lean Cuisine,Supermarket,Family,25,6.49,162.25,3.24,159,37.65
ORD-103618,CUST-0505,09-02-2024,2024,2,February,Q1,South,Georgia,Coffee & Creamers,Coffee mate,Online,Premium,20,7.49,149.8,22.47,127.33,32.39
ORD-101306,CUST-0767,10-02-2024,2024,2,February,Q1,South,North Carolina,Frozen Pizza,Jack's Pizza,Retail,Premium,10,5.99,59.9,0,59.9,13.67
ORD-101387,CUST-0079,10-02-2024,2024,2,February,Q1,South,Louisiana,International Foods,Maggi,Convenience,Premium,15,4.29,64.35,0,64.35,18.64
ORD-102119,CUST-0355,10-02-2024,2024,2,February,Q1,West,Nevada,Baking,La Lechera,Online,Premium,10,4.49,44.9,0.9,44,12.93
ORD-102386,CUST-0659,10-02-2024,2024,2,February,Q1,Central,Illinois,Frozen Foods,Lean Cuisine,Online,Mass Market,25,6.49,162.25,3.24,159,33.67
ORD-104912,CUST-0511,10-02-2024,2024,2,February,Q1,Central,Ohio,Frozen Pizza,Tombstone,Retail,Mass Market,25,6.99,174.75,17.48,157.28,40.37
ORD-100308,CUST-0697,11-02-2024,2024,2,February,Q1,East,Virginia,Coffee & Creamers,Nescafé,Supermarket,Premium,20,8.99,179.8,0,179.8,50.43
ORD-102941,CUST-0438,11-02-2024,2024,2,February,Q1,West,Nevada,International Foods,El Mejor Nido,Online,Premium,15,8.49,127.35,12.74,114.62,31.32
ORD-100313,CUST-0537,12-02-2024,2024,2,February,Q1,West,Nevada,Frozen Foods,Stouffer's,Online,Family,30,8.99,269.7,21.58,248.12,50.43
ORD-100555,CUST-0671,12-02-2024,2024,2,February,Q1,South,Georgia,Frozen Foods,Hot Pockets,Retail,Family,30,5.99,179.7,26.96,152.74,32.6
ORD-102430,CUST-0301,12-02-2024,2024,2,February,Q1,South,Florida,Drinks,Nido,Retail,Mass Market,10,10.99,109.9,8.79,101.11,25.79
ORD-101380,CUST-0311,13-02-2024,2024,2,February,Q1,Central,Missouri,Baking,La Lechera,Online,Family,25,4.49,112.25,2.24,110,36.12
ORD-102004,CUST-0149,13-02-2024,2024,2,February,Q1,West,Colorado,Frozen Foods,Lean Cuisine,Supermarket,Health & Wellness,10,6.49,64.9,0,64.9,16.33
ORD-104259,CUST-0117,13-02-2024,2024,2,February,Q1,East,New York,Baking,La Lechera,Online,Family,25,4.49,112.25,5.61,106.64,33
ORD-104470,CUST-0573,13-02-2024,2024,2,February,Q1,South,Texas,Coffee & Creamers,Nescafé,Online,Health & Wellness,75,8.99,674.25,0,674.25,196.43
ORD-101752,CUST-0195,14-02-2024,2024,2,February,Q1,West,California,Coffee & Creamers,Coffee mate,Online,Family,15,7.49,112.35,8.99,103.36,24.84
ORD-102591,CUST-0678,14-02-2024,2024,2,February,Q1,South,Tennessee,Frozen Foods,Hot Pockets,Retail,Health & Wellness,15,5.99,89.85,7.19,82.66,20.4
ORD-103107,CUST-0118,14-02-2024,2024,2,February,Q1,Central,Wisconsin,Drinks,Nido,Retail,Premium,10,10.99,109.9,16.48,93.42,23.15
ORD-103494,CUST-0083,14-02-2024,2024,2,February,Q1,South,Florida,Frozen Pizza,DiGiorno,Retail,Mass Market,30,7.99,239.7,0,239.7,66.55
ORD-100282,CUST-0177,15-02-2024,2024,2,February,Q1,East,New Jersey,Frozen Foods,Hot Pockets,Supermarket,Family,40,5.99,239.6,0,239.6,53.56
ORD-100805,CUST-0599,15-02-2024,2024,2,February,Q1,East,Massachusetts,Drinks,Nesquik,Supermarket,Mass Market,10,6.49,64.9,6.49,58.41,14.43
ORD-100931,CUST-0403,15-02-2024,2024,2,February,Q1,West,California,Frozen Foods,Stouffer's,Retail,Mass Market,5,8.99,44.95,2.25,42.7,7.42
ORD-100111,CUST-0085,16-02-2024,2024,2,February,Q1,East,Virginia,Baking,Nestlé Toll House,Convenience,Premium,20,4.99,99.8,0,99.8,30.5
ORD-102758,CUST-0654,16-02-2024,2024,2,February,Q1,South,North Carolina,Coffee & Creamers,Nescafé,Supermarket,Mass Market,100,8.99,899,134.85,764.15,221.73
ORD-103348,CUST-0523,16-02-2024,2024,2,February,Q1,West,Nevada,Coffee & Creamers,Coffee mate,Convenience,Health & Wellness,40,7.49,299.6,0,299.6,96.42
ORD-103463,CUST-0240,16-02-2024,2024,2,February,Q1,Central,Michigan,Frozen Foods,Stouffer's,Supermarket,Family,75,8.99,674.25,33.71,640.54,147.02
ORD-100191,CUST-0589,17-02-2024,2024,2,February,Q1,West,California,Drinks,Milo,Wholesale,Family,10,5.99,59.9,4.79,55.11,14.74
ORD-100312,CUST-0528,17-02-2024,2024,2,February,Q1,West,Nevada,Frozen Pizza,DiGiorno,Retail,Health & Wellness,20,7.99,159.8,23.97,135.83,34.47
ORD-102122,CUST-0556,17-02-2024,2024,2,February,Q1,East,Virginia,Drinks,Milo,Online,Premium,10,5.99,59.9,4.79,55.11,13.87
ORD-102279,CUST-0639,18-02-2024,2024,2,February,Q1,Central,Missouri,International Foods,Maggi,Convenience,Family,15,4.29,64.35,0,64.35,16.06
ORD-103116,CUST-0395,18-02-2024,2024,2,February,Q1,South,Tennessee,Frozen Foods,Lean Cuisine,Retail,Premium,15,6.49,97.35,1.95,95.4,18.52
ORD-103620,CUST-0633,18-02-2024,2024,2,February,Q1,West,California,Drinks,Milo,Retail,Family,50,5.99,299.5,14.98,284.52,72.18
ORD-101121,CUST-0655,19-02-2024,2024,2,February,Q1,South,Florida,Baking,La Lechera,Supermarket,Mass Market,30,4.49,134.7,6.74,127.97,39.5
ORD-102023,CUST-0428,19-02-2024,2024,2,February,Q1,South,Florida,Frozen Pizza,Tombstone,Supermarket,Mass Market,25,6.99,174.75,0,174.75,38.9
ORD-102236,CUST-0785,19-02-2024,2024,2,February,Q1,Central,Wisconsin,Coffee & Creamers,Nescafé,Wholesale,Family,30,8.99,269.7,5.39,264.31,75.72
ORD-103721,CUST-0381,19-02-2024,2024,2,February,Q1,East,Pennsylvania,Frozen Foods,Lean Cuisine,Online,Mass Market,75,6.49,486.75,38.94,447.81,114.58
ORD-100106,CUST-0758,20-02-2024,2024,2,February,Q1,West,Colorado,Baking,La Lechera,Supermarket,Mass Market,30,4.49,134.7,13.47,121.23,42.36
ORD-100910,CUST-0551,20-02-2024,2024,2,February,Q1,East,Pennsylvania,Frozen Foods,Hot Pockets,Online,Premium,30,5.99,179.7,8.99,170.72,42.42
ORD-101755,CUST-0506,20-02-2024,2024,2,February,Q1,South,Tennessee,Baking,Carnation,Retail,Family,50,3.99,199.5,29.92,169.58,56.28
ORD-102508,CUST-0237,20-02-2024,2024,2,February,Q1,East,Massachusetts,International Foods,Maggi,Supermarket,Family,20,4.29,85.8,12.87,72.93,17.97
ORD-104356,CUST-0038,20-02-2024,2024,2,February,Q1,Central,Wisconsin,Frozen Pizza,DiGiorno,Convenience,Premium,50,7.99,399.5,0,399.5,96.39
ORD-104418,CUST-0104,20-02-2024,2024,2,February,Q1,West,Nevada,Baking,Nestlé Toll House,Retail,Health & Wellness,15,4.99,74.85,1.5,73.35,22.72
ORD-100663,CUST-0398,21-02-2024,2024,2,February,Q1,Central,Ohio,Baking,Nestlé Toll House,Retail,Mass Market,25,4.99,124.75,9.98,114.77,34.79
ORD-101787,CUST-0443,21-02-2024,2024,2,February,Q1,Central,Illinois,Drinks,Nesquik,Convenience,Family,30,6.49,194.7,15.58,179.12,39.35
ORD-104161,CUST-0257,21-02-2024,2024,2,February,Q1,East,Pennsylvania,Coffee & Creamers,Nescafé CLASICO,Supermarket,Mass Market,40,9.49,379.6,18.98,360.62,95.34
ORD-104678,CUST-0744,21-02-2024,2024,2,February,Q1,South,Texas,Drinks,Nido,Supermarket,Health & Wellness,20,10.99,219.8,17.58,202.22,55.78
ORD-104862,CUST-0062,21-02-2024,2024,2,February,Q1,South,Texas,International Foods,El Mejor Nido,Retail,Mass Market,30,8.49,254.7,20.38,234.32,68.79
ORD-101331,CUST-0722,22-02-2024,2024,2,February,Q1,Central,Michigan,International Foods,El Mejor Nido,Online,Mass Market,30,8.49,254.7,0,254.7,63.22
ORD-101751,CUST-0197,22-02-2024,2024,2,February,Q1,Central,Ohio,International Foods,Maggi,Wholesale,Mass Market,20,4.29,85.8,8.58,77.22,19.12
ORD-102380,CUST-0463,22-02-2024,2024,2,February,Q1,South,Georgia,Coffee & Creamers,Coffee mate,Online,Health & Wellness,5,7.49,37.45,0,37.45,12.74
ORD-102422,CUST-0732,22-02-2024,2024,2,February,Q1,West,Arizona,Drinks,Nesquik,Online,Family,20,6.49,129.8,6.49,123.31,27.34
ORD-104002,CUST-0298,22-02-2024,2024,2,February,Q1,South,Louisiana,Frozen Pizza,Jack's Pizza,Supermarket,Mass Market,100,5.99,599,89.85,509.15,153.25
ORD-104626,CUST-0184,22-02-2024,2024,2,February,Q1,Central,Michigan,Frozen Pizza,Jack's Pizza,Online,Mass Market,30,5.99,179.7,3.59,176.11,45.96
ORD-100344,CUST-0394,23-02-2024,2024,2,February,Q1,East,Massachusetts,Frozen Pizza,Tombstone,Retail,Mass Market,10,6.99,69.9,6.99,62.91,15.44
ORD-101742,CUST-0544,23-02-2024,2024,2,February,Q1,Central,Missouri,Frozen Foods,Stouffer's,Supermarket,Mass Market,100,8.99,899,71.92,827.08,164.72
ORD-101767,CUST-0334,23-02-2024,2024,2,February,Q1,Central,Michigan,Coffee & Creamers,Nescafé CLASICO,Wholesale,Mass Market,20,9.49,189.8,0,189.8,50.84
ORD-103564,CUST-0453,23-02-2024,2024,2,February,Q1,East,Pennsylvania,Frozen Foods,Stouffer's,Retail,Family,5,8.99,44.95,4.5,40.46,8.99
ORD-104642,CUST-0221,23-02-2024,2024,2,February,Q1,East,Virginia,Frozen Pizza,DiGiorno,Online,Mass Market,25,7.99,199.75,9.99,189.76,38.7
ORD-103131,CUST-0508,24-02-2024,2024,2,February,Q1,South,North Carolina,Drinks,Nido,Wholesale,Family,20,10.99,219.8,17.58,202.22,43.9
ORD-103167,CUST-0258,24-02-2024,2024,2,February,Q1,South,Tennessee,International Foods,El Mejor Nido,Supermarket,Mass Market,10,8.49,84.9,0,84.9,21.49
ORD-103501,CUST-0248,24-02-2024,2024,2,February,Q1,East,New Jersey,Baking,Carnation,Supermarket,Mass Market,50,3.99,199.5,29.92,169.58,53.11
ORD-104500,CUST-0452,24-02-2024,2024,2,February,Q1,East,New Jersey,Drinks,Nido,Supermarket,Mass Market,10,10.99,109.9,8.79,101.11,22.5
ORD-103176,CUST-0523,25-02-2024,2024,2,February,Q1,West,Colorado,Frozen Foods,Lean Cuisine,Supermarket,Mass Market,50,6.49,324.5,6.49,318.01,65.38
ORD-104088,CUST-0378,25-02-2024,2024,2,February,Q1,Central,Wisconsin,Frozen Pizza,DiGiorno,Convenience,Family,20,7.99,159.8,12.78,147.02,37.5
ORD-100442,CUST-0408,26-02-2024,2024,2,February,Q1,South,Texas,Drinks,Nido,Convenience,Family,15,10.99,164.85,24.73,140.12,29.48
ORD-100966,CUST-0122,26-02-2024,2024,2,February,Q1,East,Massachusetts,Frozen Foods,Stouffer's,Retail,Mass Market,25,8.99,224.75,22.48,202.28,45.21
ORD-103189,CUST-0496,26-02-2024,2024,2,February,Q1,South,Florida,Drinks,Nido,Online,Health & Wellness,75,10.99,824.25,41.21,783.04,140.34
ORD-103626,CUST-0378,26-02-2024,2024,2,February,Q1,West,Colorado,Baking,Nestlé Toll House,Retail,Mass Market,5,4.99,24.95,3.74,21.21,6.96
ORD-103703,CUST-0401,26-02-2024,2024,2,February,Q1,East,New Jersey,International Foods,El Mejor Nido,Retail,Family,30,8.49,254.7,38.2,216.5,62.22
ORD-104261,CUST-0738,26-02-2024,2024,2,February,Q1,West,California,International Foods,Abuelita,Convenience,Family,30,5.49,164.7,3.29,161.41,45.1
ORD-104936,CUST-0269,26-02-2024,2024,2,February,Q1,East,Pennsylvania,Frozen Pizza,DiGiorno,Retail,Family,20,7.99,159.8,7.99,151.81,34.74
ORD-103112,CUST-0053,27-02-2024,2024,2,February,Q1,West,Oregon,Frozen Foods,Lean Cuisine,Wholesale,Premium,25,6.49,162.25,3.24,159,33.73
ORD-104268,CUST-0270,27-02-2024,2024,2,February,Q1,West,Washington,Frozen Pizza,Tombstone,Supermarket,Family,10,6.99,69.9,5.59,64.31,14.42
ORD-100258,CUST-0052,28-02-2024,2024,2,February,Q1,Central,Missouri,Baking,Nestlé Toll House,Wholesale,Premium,50,4.99,249.5,4.99,244.51,84.97
ORD-104425,CUST-0642,28-02-2024,2024,2,February,Q1,East,Pennsylvania,Drinks,Nesquik,Retail,Family,40,6.49,259.6,5.19,254.41,55.38
ORD-101711,CUST-0232,29-02-2024,2024,2,February,Q1,West,Arizona,Frozen Pizza,DiGiorno,Online,Premium,20,7.99,159.8,12.78,147.02,36.54
ORD-101906,CUST-0630,29-02-2024,2024,2,February,Q1,West,California,Coffee & Creamers,Nescafé CLASICO,Convenience,Health & Wellness,50,9.49,474.5,0,474.5,125.74
ORD-104097,CUST-0498,29-02-2024,2024,2,February,Q1,West,California,Frozen Pizza,DiGiorno,Convenience,Family,5,7.99,39.95,7.99,31.96,7.36
ORD-104473,CUST-0029,29-02-2024,2024,2,February,Q1,West,California,Coffee & Creamers,Nescafé,Convenience,Family,15,8.99,134.85,0,134.85,38.47
ORD-100691,CUST-0063,01-03-2024,2024,3,March,Q1,East,New Jersey,Drinks,Nido,Convenience,Mass Market,75,10.99,824.25,41.21,783.04,204.51
ORD-100521,CUST-0365,02-03-2024,2024,3,March,Q1,Central,Ohio,Frozen Foods,Hot Pockets,Supermarket,Family,30,5.99,179.7,0,179.7,35.41
ORD-100473,CUST-0281,03-03-2024,2024,3,March,Q1,West,Oregon,Frozen Pizza,Tombstone,Online,Health & Wellness,5,6.99,34.95,2.8,32.15,8.63
ORD-104393,CUST-0288,03-03-2024,2024,3,March,Q1,Central,Minnesota,Baking,Carnation,Retail,Mass Market,20,3.99,79.8,15.96,63.84,18.19
ORD-104834,CUST-0129,03-03-2024,2024,3,March,Q1,West,California,Frozen Foods,Lean Cuisine,Online,Premium,15,6.49,97.35,0,97.35,24.21
ORD-104979,CUST-0108,03-03-2024,2024,3,March,Q1,West,Washington,Coffee & Creamers,Nescafé,Wholesale,Mass Market,75,8.99,674.25,67.42,606.83,168.34
ORD-100692,CUST-0472,04-03-2024,2024,3,March,Q1,East,New Jersey,International Foods,Abuelita,Online,Health & Wellness,30,5.49,164.7,13.18,151.52,41.47
ORD-101691,CUST-0690,04-03-2024,2024,3,March,Q1,West,Washington,International Foods,Abuelita,Online,Health & Wellness,40,5.49,219.6,10.98,208.62,51.97
ORD-103210,CUST-0047,05-03-2024,2024,3,March,Q1,Central,Missouri,Baking,Carnation,Supermarket,Family,25,3.99,99.75,14.96,84.79,27.55
ORD-103460,CUST-0080,05-03-2024,2024,3,March,Q1,Central,Michigan,Coffee & Creamers,Coffee mate,Supermarket,Family,15,7.49,112.35,2.25,110.1,33.49
ORD-101651,CUST-0082,06-03-2024,2024,3,March,Q1,West,Oregon,International Foods,Abuelita,Convenience,Mass Market,30,5.49,164.7,13.18,151.52,36.13
ORD-102845,CUST-0312,06-03-2024,2024,3,March,Q1,Central,Michigan,Baking,Carnation,Online,Health & Wellness,25,3.99,99.75,7.98,91.77,24.83
ORD-103986,CUST-0737,06-03-2024,2024,3,March,Q1,South,Texas,Drinks,Milo,Supermarket,Mass Market,15,5.99,89.85,13.48,76.37,17.09
ORD-104427,CUST-0778,06-03-2024,2024,3,March,Q1,West,Colorado,Frozen Foods,Hot Pockets,Online,Mass Market,25,5.99,149.75,11.98,137.77,27.83
ORD-104881,CUST-0105,06-03-2024,2024,3,March,Q1,West,Nevada,Drinks,Nido,Wholesale,Health & Wellness,15,10.99,164.85,16.48,148.36,30.44
ORD-104258,CUST-0614,07-03-2024,2024,3,March,Q1,East,New Jersey,International Foods,Maggi,Online,Health & Wellness,25,4.29,107.25,21.45,85.8,20.65
ORD-101179,CUST-0289,08-03-2024,2024,3,March,Q1,South,Louisiana,Baking,Carnation,Online,Family,25,3.99,99.75,7.98,91.77,24.12
ORD-102299,CUST-0737,08-03-2024,2024,3,March,Q1,West,California,Coffee & Creamers,Nescafé,Retail,Family,20,8.99,179.8,0,179.8,55.72
ORD-104426,CUST-0116,08-03-2024,2024,3,March,Q1,East,Massachusetts,International Foods,Maggi,Wholesale,Mass Market,5,4.29,21.45,0,21.45,5.01
ORD-100264,CUST-0282,09-03-2024,2024,3,March,Q1,East,Virginia,Frozen Foods,Stouffer's,Online,Mass Market,40,8.99,359.6,28.77,330.83,66.12
ORD-101956,CUST-0168,09-03-2024,2024,3,March,Q1,South,North Carolina,Coffee & Creamers,Nescafé,Retail,Mass Market,10,8.99,89.9,1.8,88.1,24.97
ORD-103165,CUST-0625,09-03-2024,2024,3,March,Q1,West,Nevada,Drinks,Nesquik,Wholesale,Family,15,6.49,97.35,4.87,92.48,24.25
ORD-104371,CUST-0538,09-03-2024,2024,3,March,Q1,West,Oregon,Coffee & Creamers,Nescafé CLASICO,Supermarket,Family,25,9.49,237.25,23.72,213.52,65.44
ORD-104679,CUST-0539,09-03-2024,2024,3,March,Q1,Central,Wisconsin,Frozen Pizza,Tombstone,Retail,Family,25,6.99,174.75,13.98,160.77,37.6
ORD-101483,CUST-0106,10-03-2024,2024,3,March,Q1,Central,Ohio,International Foods,Abuelita,Supermarket,Mass Market,100,5.49,549,54.9,494.1,122.36
ORD-103307,CUST-0464,10-03-2024,2024,3,March,Q1,East,Massachusetts,Frozen Foods,Hot Pockets,Convenience,Family,15,5.99,89.85,0,89.85,19.19
ORD-100212,CUST-0029,11-03-2024,2024,3,March,Q1,Central,Missouri,Coffee & Creamers,Nescafé,Retail,Health & Wellness,10,8.99,89.9,1.8,88.1,24.38
ORD-100792,CUST-0436,11-03-2024,2024,3,March,Q1,Central,Minnesota,Coffee & Creamers,Nescafé,Retail,Premium,30,8.99,269.7,21.58,248.12,70.6
ORD-101119,CUST-0277,11-03-2024,2024,3,March,Q1,West,Colorado,International Foods,El Mejor Nido,Convenience,Health & Wellness,75,8.49,636.75,31.84,604.91,159.24
ORD-104373,CUST-0429,12-03-2024,2024,3,March,Q1,West,Arizona,Frozen Foods,Lean Cuisine,Retail,Mass Market,40,6.49,259.6,5.19,254.41,54.13
ORD-100147,CUST-0303,13-03-2024,2024,3,March,Q1,Central,Ohio,International Foods,Maggi,Retail,Premium,40,4.29,171.6,13.73,157.87,36.19
ORD-101153,CUST-0270,13-03-2024,2024,3,March,Q1,Central,Wisconsin,Coffee & Creamers,Coffee mate,Online,Mass Market,25,7.49,187.25,9.36,177.89,48.34
ORD-102268,CUST-0693,13-03-2024,2024,3,March,Q1,Central,Wisconsin,Coffee & Creamers,Nescafé,Supermarket,Mass Market,15,8.99,134.85,13.48,121.36,35.59
ORD-102735,CUST-0121,13-03-2024,2024,3,March,Q1,South,Texas,Drinks,Nido,Supermarket,Premium,50,10.99,549.5,10.99,538.51,148.36
ORD-103998,CUST-0422,13-03-2024,2024,3,March,Q1,East,Massachusetts,Baking,Nestlé Toll House,Supermarket,Family,15,4.99,74.85,5.99,68.86,21.59
ORD-104395,CUST-0681,13-03-2024,2024,3,March,Q1,South,Texas,Frozen Foods,Lean Cuisine,Online,Health & Wellness,25,6.49,162.25,8.11,154.14,34.52
ORD-100707,CUST-0296,14-03-2024,2024,3,March,Q1,East,Massachusetts,Coffee & Creamers,Nescafé,Retail,Premium,75,8.99,674.25,0,674.25,209.13
ORD-101583,CUST-0116,14-03-2024,2024,3,March,Q1,Central,Illinois,International Foods,El Mejor Nido,Supermarket,Mass Market,5,8.49,42.45,0.85,41.6,12.09
ORD-102215,CUST-0615,14-03-2024,2024,3,March,Q1,Central,Ohio,Frozen Pizza,DiGiorno,Online,Premium,75,7.99,599.25,119.85,479.4,113.33
ORD-103817,CUST-0530,14-03-2024,2024,3,March,Q1,East,New Jersey,Coffee & Creamers,Coffee mate,Online,Premium,20,7.49,149.8,0,149.8,45.89
ORD-100022,CUST-0731,15-03-2024,2024,3,March,Q1,West,Colorado,International Foods,Maggi,Online,Family,25,4.29,107.25,5.36,101.89,29.61
ORD-101695,CUST-0558,15-03-2024,2024,3,March,Q1,East,Maryland,Frozen Foods,Stouffer's,Retail,Premium,50,8.99,449.5,22.48,427.02,92.78
ORD-102740,CUST-0219,15-03-2024,2024,3,March,Q1,West,Nevada,Frozen Foods,Hot Pockets,Retail,Family,15,5.99,89.85,0,89.85,18.97
ORD-100325,CUST-0333,16-03-2024,2024,3,March,Q1,South,Tennessee,Drinks,Nesquik,Wholesale,Mass Market,15,6.49,97.35,9.74,87.62,20.69
ORD-100709,CUST-0252,16-03-2024,2024,3,March,Q1,West,California,Drinks,Nesquik,Supermarket,Premium,20,6.49,129.8,25.96,103.84,21.97
ORD-101260,CUST-0068,16-03-2024,2024,3,March,Q1,Central,Michigan,Coffee & Creamers,Nescafé,Wholesale,Premium,75,8.99,674.25,0,674.25,173.69
ORD-101783,CUST-0495,16-03-2024,2024,3,March,Q1,East,Massachusetts,Drinks,Milo,Online,Premium,30,5.99,179.7,14.38,165.32,46.64
ORD-101857,CUST-0587,16-03-2024,2024,3,March,Q1,Central,Wisconsin,Frozen Foods,Hot Pockets,Supermarket,Premium,25,5.99,149.75,11.98,137.77,23.62
ORD-101977,CUST-0604,16-03-2024,2024,3,March,Q1,West,Oregon,International Foods,Maggi,Retail,Mass Market,10,4.29,42.9,0,42.9,12.75
ORD-102304,CUST-0702,16-03-2024,2024,3,March,Q1,East,New Jersey,Frozen Pizza,Tombstone,Retail,Health & Wellness,30,6.99,209.7,16.78,192.92,44.31
ORD-102842,CUST-0399,16-03-2024,2024,3,March,Q1,Central,Missouri,International Foods,Maggi,Online,Mass Market,5,4.29,21.45,0.43,21.02,5.8
ORD-103138,CUST-0753,16-03-2024,2024,3,March,Q1,Central,Missouri,Frozen Foods,Lean Cuisine,Retail,Mass Market,15,6.49,97.35,4.87,92.48,18.47
ORD-103936,CUST-0342,16-03-2024,2024,3,March,Q1,Central,Ohio,Baking,Nestlé Toll House,Convenience,Premium,75,4.99,374.25,29.94,344.31,96.42
ORD-104926,CUST-0480,16-03-2024,2024,3,March,Q1,West,California,Drinks,Nido,Retail,Premium,30,10.99,329.7,32.97,296.73,63.05
ORD-100192,CUST-0091,17-03-2024,2024,3,March,Q1,South,Georgia,Coffee & Creamers,Nescafé CLASICO,Wholesale,Mass Market,20,9.49,189.8,15.18,174.62,45.15
ORD-100471,CUST-0550,17-03-2024,2024,3,March,Q1,West,Nevada,International Foods,Abuelita,Online,Mass Market,30,5.49,164.7,0,164.7,34.22
ORD-101744,CUST-0705,17-03-2024,2024,3,March,Q1,West,Colorado,Frozen Pizza,Tombstone,Retail,Mass Market,30,6.99,209.7,16.78,192.92,41.04
ORD-104245,CUST-0469,17-03-2024,2024,3,March,Q1,East,Virginia,Frozen Pizza,Jack's Pizza,Online,Mass Market,25,5.99,149.75,7.49,142.26,42.54
ORD-100261,CUST-0352,18-03-2024,2024,3,March,Q1,Central,Michigan,Frozen Foods,Lean Cuisine,Online,Mass Market,20,6.49,129.8,10.38,119.42,23.33
ORD-101063,CUST-0766,18-03-2024,2024,3,March,Q1,South,Texas,Frozen Foods,Hot Pockets,Convenience,Family,30,5.99,179.7,17.97,161.73,34.89
ORD-102408,CUST-0124,18-03-2024,2024,3,March,Q1,West,Washington,Baking,Nestlé Toll House,Supermarket,Family,50,4.99,249.5,4.99,244.51,86.59
ORD-103103,CUST-0544,18-03-2024,2024,3,March,Q1,South,Texas,Coffee & Creamers,Coffee mate,Retail,Mass Market,20,7.49,149.8,11.98,137.82,48.61
ORD-103200,CUST-0321,19-03-2024,2024,3,March,Q1,East,Virginia,Frozen Foods,Stouffer's,Online,Family,30,8.99,269.7,21.58,248.12,46.3
ORD-104015,CUST-0293,19-03-2024,2024,3,March,Q1,Central,Missouri,International Foods,El Mejor Nido,Retail,Family,5,8.49,42.45,2.12,40.33,9.67
ORD-104656,CUST-0207,19-03-2024,2024,3,March,Q1,West,Oregon,Frozen Foods,Lean Cuisine,Supermarket,Health & Wellness,25,6.49,162.25,12.98,149.27,35.15
ORD-102680,CUST-0628,20-03-2024,2024,3,March,Q1,East,Pennsylvania,International Foods,El Mejor Nido,Supermarket,Family,15,8.49,127.35,25.47,101.88,27.11
ORD-101066,CUST-0427,21-03-2024,2024,3,March,Q1,Central,Minnesota,Frozen Pizza,DiGiorno,Supermarket,Mass Market,40,7.99,319.6,6.39,313.21,88.23
ORD-104739,CUST-0058,21-03-2024,2024,3,March,Q1,East,Virginia,Drinks,Nido,Convenience,Mass Market,15,10.99,164.85,0,164.85,45.28
ORD-104241,CUST-0734,22-03-2024,2024,3,March,Q1,Central,Illinois,Drinks,Nesquik,Wholesale,Mass Market,25,6.49,162.25,12.98,149.27,33.36
ORD-100948,CUST-0006,23-03-2024,2024,3,March,Q1,South,Florida,International Foods,Abuelita,Wholesale,Mass Market,50,5.49,274.5,0,274.5,71.14
ORD-101601,CUST-0687,23-03-2024,2024,3,March,Q1,West,Oregon,Drinks,Nesquik,Supermarket,Family,25,6.49,162.25,32.45,129.8,29.69
ORD-103420,CUST-0440,23-03-2024,2024,3,March,Q1,West,Arizona,Frozen Foods,Lean Cuisine,Online,Mass Market,20,6.49,129.8,6.49,123.31,21.48
ORD-103774,CUST-0471,23-03-2024,2024,3,March,Q1,Central,Minnesota,Frozen Pizza,Tombstone,Retail,Family,20,6.99,139.8,2.8,137,38.4
ORD-100142,CUST-0008,24-03-2024,2024,3,March,Q1,West,California,Drinks,Nesquik,Retail,Premium,40,6.49,259.6,25.96,233.64,49.76
ORD-100413,CUST-0423,24-03-2024,2024,3,March,Q1,South,North Carolina,International Foods,El Mejor Nido,Supermarket,Family,40,8.49,339.6,27.17,312.43,73.78
ORD-100687,CUST-0392,24-03-2024,2024,3,March,Q1,Central,Wisconsin,Baking,Carnation,Supermarket,Health & Wellness,25,3.99,99.75,4.99,94.76,31.03
ORD-101675,CUST-0434,24-03-2024,2024,3,March,Q1,South,Florida,Frozen Pizza,Jack's Pizza,Online,Mass Market,25,5.99,149.75,14.98,134.78,30.03
ORD-102419,CUST-0479,24-03-2024,2024,3,March,Q1,West,Oregon,Drinks,Milo,Online,Health & Wellness,15,5.99,89.85,7.19,82.66,22.92
ORD-103417,CUST-0465,24-03-2024,2024,3,March,Q1,East,Pennsylvania,Coffee & Creamers,Coffee mate,Convenience,Family,25,7.49,187.25,28.09,159.16,37.37
ORD-103493,CUST-0317,24-03-2024,2024,3,March,Q1,South,Tennessee,Frozen Pizza,Tombstone,Wholesale,Health & Wellness,30,6.99,209.7,16.78,192.92,48.97
ORD-100496,CUST-0540,25-03-2024,2024,3,March,Q1,East,Maryland,International Foods,El Mejor Nido,Supermarket,Mass Market,20,8.49,169.8,3.4,166.4,41.35
ORD-100751,CUST-0563,25-03-2024,2024,3,March,Q1,West,Washington,Frozen Foods,Hot Pockets,Wholesale,Premium,15,5.99,89.85,0,89.85,20.05
ORD-101931,CUST-0241,25-03-2024,2024,3,March,Q1,Central,Minnesota,Coffee & Creamers,Coffee mate,Online,Premium,25,7.49,187.25,28.09,159.16,56.85
ORD-102080,CUST-0186,25-03-2024,2024,3,March,Q1,South,Texas,Frozen Foods,Lean Cuisine,Wholesale,Family,30,6.49,194.7,0,194.7,35.61
ORD-104262,CUST-0080,25-03-2024,2024,3,March,Q1,South,Louisiana,Coffee & Creamers,Coffee mate,Supermarket,Family,15,7.49,112.35,11.24,101.12,30.41
ORD-103880,CUST-0307,26-03-2024,2024,3,March,Q1,West,Colorado,Frozen Pizza,Tombstone,Supermarket,Premium,10,6.99,69.9,6.99,62.91,14.2
ORD-104330,CUST-0616,26-03-2024,2024,3,March,Q1,South,Tennessee,Baking,Nestlé Toll House,Wholesale,Mass Market,10,4.99,49.9,3.99,45.91,12.96
ORD-100582,CUST-0187,27-03-2024,2024,3,March,Q1,South,Texas,Coffee & Creamers,Nescafé CLASICO,Retail,Health & Wellness,15,9.49,142.35,0,142.35,37.36
ORD-101291,CUST-0079,27-03-2024,2024,3,March,Q1,East,Massachusetts,Drinks,Nido,Wholesale,Family,50,10.99,549.5,0,549.5,107.35
ORD-102679,CUST-0006,27-03-2024,2024,3,March,Q1,West,Nevada,Drinks,Milo,Convenience,Premium,25,5.99,149.75,14.98,134.78,36.68
ORD-104730,CUST-0019,27-03-2024,2024,3,March,Q1,West,Colorado,Coffee & Creamers,Nescafé CLASICO,Retail,Premium,10,9.49,94.9,9.49,85.41,20.7
ORD-104974,CUST-0270,28-03-2024,2024,3,March,Q1,Central,Minnesota,Coffee & Creamers,Coffee mate,Retail,Health & Wellness,25,7.49,187.25,28.09,159.16,44.26
ORD-100463,CUST-0431,29-03-2024,2024,3,March,Q1,Central,Missouri,Coffee & Creamers,Nescafé,Supermarket,Health & Wellness,5,8.99,44.95,0,44.95,10.99
ORD-101789,CUST-0647,29-03-2024,2024,3,March,Q1,West,California,Baking,Nestlé Toll House,Retail,Premium,15,4.99,74.85,0,74.85,22.97
ORD-102602,CUST-0534,29-03-2024,2024,3,March,Q1,West,California,Baking,La Lechera,Retail,Family,25,4.49,112.25,8.98,103.27,24.75
ORD-103209,CUST-0509,29-03-2024,2024,3,March,Q1,East,Virginia,Drinks,Nido,Retail,Mass Market,30,10.99,329.7,16.48,313.21,76.58
ORD-103712,CUST-0780,29-03-2024,2024,3,March,Q1,Central,Wisconsin,Frozen Foods,Lean Cuisine,Retail,Mass Market,30,6.49,194.7,19.47,175.23,39.31
ORD-103931,CUST-0212,29-03-2024,2024,3,March,Q1,South,Louisiana,Frozen Foods,Stouffer's,Wholesale,Mass Market,20,8.99,179.8,0,179.8,36.26
ORD-104674,CUST-0745,29-03-2024,2024,3,March,Q1,West,Nevada,Baking,La Lechera,Supermarket,Premium,40,4.49,179.6,8.98,170.62,52.25
ORD-100665,CUST-0218,30-03-2024,2024,3,March,Q1,West,Nevada,Drinks,Milo,Wholesale,Mass Market,15,5.99,89.85,4.49,85.36,18.43
ORD-103072,CUST-0192,30-03-2024,2024,3,March,Q1,Central,Michigan,Coffee & Creamers,Nescafé CLASICO,Retail,Mass Market,15,9.49,142.35,0,142.35,37.14
ORD-101399,CUST-0764,31-03-2024,2024,3,March,Q1,Central,Michigan,Baking,La Lechera,Supermarket,Premium,100,4.49,449,22.45,426.55,135.23
ORD-102150,CUST-0596,31-03-2024,2024,3,March,Q1,South,Texas,International Foods,Maggi,Retail,Family,20,4.29,85.8,0,85.8,21.59
ORD-102953,CUST-0182,31-03-2024,2024,3,March,Q1,Central,Wisconsin,Coffee & Creamers,Nescafé CLASICO,Convenience,Health & Wellness,30,9.49,284.7,28.47,256.23,67.81
ORD-102985,CUST-0326,31-03-2024,2024,3,March,Q1,Central,Missouri,International Foods,Maggi,Convenience,Family,5,4.29,21.45,1.07,20.38,6.01
ORD-100096,CUST-0614,01-04-2024,2024,4,April,Q2,East,Virginia,International Foods,Maggi,Retail,Mass Market,75,4.29,321.75,16.09,305.66,92.69
ORD-100409,CUST-0581,01-04-2024,2024,4,April,Q2,South,Florida,Frozen Pizza,DiGiorno,Online,Mass Market,40,7.99,319.6,63.92,255.68,79.58
ORD-100593,CUST-0203,01-04-2024,2024,4,April,Q2,West,Nevada,Frozen Foods,Stouffer's,Supermarket,Mass Market,25,8.99,224.75,22.48,202.28,47.2
ORD-102795,CUST-0426,01-04-2024,2024,4,April,Q2,East,Pennsylvania,Coffee & Creamers,Nescafé CLASICO,Supermarket,Mass Market,50,9.49,474.5,37.96,436.54,126.61
ORD-103678,CUST-0196,01-04-2024,2024,4,April,Q2,East,Massachusetts,International Foods,Maggi,Supermarket,Premium,100,4.29,429,42.9,386.1,88.55
ORD-104045,CUST-0296,01-04-2024,2024,4,April,Q2,East,Maryland,Baking,Nestlé Toll House,Online,Mass Market,20,4.99,99.8,4.99,94.81,28.75
ORD-100323,CUST-0397,02-04-2024,2024,4,April,Q2,Central,Minnesota,Drinks,Nesquik,Online,Premium,30,6.49,194.7,0,194.7,53.95
ORD-101775,CUST-0614,02-04-2024,2024,4,April,Q2,South,Georgia,Baking,La Lechera,Retail,Health & Wellness,75,4.49,336.75,6.74,330.02,86.82
ORD-102856,CUST-0341,02-04-2024,2024,4,April,Q2,East,Massachusetts,Baking,La Lechera,Supermarket,Mass Market,20,4.49,89.8,7.18,82.62,21.17
ORD-103491,CUST-0010,02-04-2024,2024,4,April,Q2,West,California,Frozen Foods,Lean Cuisine,Convenience,Family,50,6.49,324.5,0,324.5,67.56
ORD-104033,CUST-0607,02-04-2024,2024,4,April,Q2,West,California,Frozen Pizza,Jack's Pizza,Supermarket,Mass Market,15,5.99,89.85,0,89.85,21.98
ORD-100455,CUST-0546,03-04-2024,2024,4,April,Q2,West,Arizona,Coffee & Creamers,Nescafé CLASICO,Convenience,Health & Wellness,20,9.49,189.8,0,189.8,47.95
ORD-101785,CUST-0118,03-04-2024,2024,4,April,Q2,Central,Michigan,Drinks,Nesquik,Supermarket,Family,15,6.49,97.35,14.6,82.75,19.62
ORD-101801,CUST-0725,03-04-2024,2024,4,April,Q2,South,Texas,Drinks,Nesquik,Retail,Health & Wellness,15,6.49,97.35,14.6,82.75,17.46
ORD-102880,CUST-0767,03-04-2024,2024,4,April,Q2,West,Arizona,Coffee & Creamers,Nescafé,Online,Premium,10,8.99,89.9,1.8,88.1,26.53
ORD-103187,CUST-0399,03-04-2024,2024,4,April,Q2,East,Maryland,International Foods,Maggi,Retail,Premium,20,4.29,85.8,6.86,78.94,19.05
ORD-101928,CUST-0718,04-04-2024,2024,4,April,Q2,East,New Jersey,Coffee & Creamers,Coffee mate,Supermarket,Mass Market,30,7.49,224.7,17.98,206.72,54.62
ORD-103347,CUST-0555,04-04-2024,2024,4,April,Q2,East,Maryland,Baking,Nestlé Toll House,Retail,Mass Market,100,4.99,499,49.9,449.1,124.98
ORD-100112,CUST-0011,05-04-2024,2024,4,April,Q2,West,Nevada,Baking,Nestlé Toll House,Online,Family,25,4.99,124.75,12.48,112.28,36.62
ORD-104441,CUST-0779,05-04-2024,2024,4,April,Q2,South,Florida,Coffee & Creamers,Nescafé,Supermarket,Mass Market,100,8.99,899,0,899,254.97
ORD-101094,CUST-0487,06-04-2024,2024,4,April,Q2,East,Massachusetts,International Foods,Maggi,Wholesale,Mass Market,30,4.29,128.7,6.44,122.26,34.13
ORD-101171,CUST-0729,06-04-2024,2024,4,April,Q2,Central,Ohio,Frozen Pizza,DiGiorno,Wholesale,Health & Wellness,40,7.99,319.6,6.39,313.21,78.03
ORD-103506,CUST-0084,06-04-2024,2024,4,April,Q2,Central,Illinois,Frozen Pizza,DiGiorno,Wholesale,Health & Wellness,5,7.99,39.95,2,37.95,8.98
ORD-100840,CUST-0020,07-04-2024,2024,4,April,Q2,Central,Minnesota,Frozen Pizza,Jack's Pizza,Convenience,Health & Wellness,30,5.99,179.7,3.59,176.11,39.13
ORD-101285,CUST-0147,07-04-2024,2024,4,April,Q2,East,Virginia,International Foods,El Mejor Nido,Wholesale,Premium,10,8.49,84.9,4.24,80.66,21.17
ORD-101890,CUST-0052,07-04-2024,2024,4,April,Q2,South,North Carolina,Frozen Foods,Hot Pockets,Supermarket,Family,25,5.99,149.75,22.46,127.29,24.9
ORD-102596,CUST-0385,07-04-2024,2024,4,April,Q2,South,Louisiana,Frozen Foods,Lean Cuisine,Supermarket,Family,15,6.49,97.35,4.87,92.48,22.29
ORD-102640,CUST-0232,07-04-2024,2024,4,April,Q2,Central,Ohio,Drinks,Nido,Convenience,Family,10,10.99,109.9,5.5,104.4,26.69
ORD-103875,CUST-0674,07-04-2024,2024,4,April,Q2,West,Colorado,Baking,La Lechera,Retail,Mass Market,10,4.49,44.9,2.25,42.66,13.21
ORD-100411,CUST-0180,08-04-2024,2024,4,April,Q2,East,Pennsylvania,Frozen Foods,Hot Pockets,Retail,Mass Market,15,5.99,89.85,8.99,80.87,20.49
ORD-101445,CUST-0153,08-04-2024,2024,4,April,Q2,South,Georgia,Drinks,Nido,Convenience,Mass Market,5,10.99,54.95,4.4,50.55,12.59
ORD-101644,CUST-0774,08-04-2024,2024,4,April,Q2,Central,Missouri,Drinks,Milo,Retail,Mass Market,10,5.99,59.9,3,56.91,13.02
ORD-101649,CUST-0179,08-04-2024,2024,4,April,Q2,South,Georgia,Frozen Foods,Stouffer's,Supermarket,Family,10,8.99,89.9,0,89.9,17.81
ORD-101922,CUST-0366,08-04-2024,2024,4,April,Q2,West,Nevada,Drinks,Nido,Retail,Family,25,10.99,274.75,41.21,233.54,52.58
ORD-102246,CUST-0785,08-04-2024,2024,4,April,Q2,Central,Missouri,International Foods,Abuelita,Online,Premium,10,5.49,54.9,10.98,43.92,12.25
ORD-102262,CUST-0687,08-04-2024,2024,4,April,Q2,Central,Missouri,Baking,La Lechera,Wholesale,Mass Market,30,4.49,134.7,13.47,121.23,35.65
ORD-102608,CUST-0775,08-04-2024,2024,4,April,Q2,East,Pennsylvania,Frozen Foods,Hot Pockets,Retail,Family,75,5.99,449.25,22.46,426.79,93.18
ORD-103140,CUST-0094,08-04-2024,2024,4,April,Q2,West,Oregon,Drinks,Nido,Supermarket,Premium,10,10.99,109.9,0,109.9,27.82
ORD-100400,CUST-0793,09-04-2024,2024,4,April,Q2,Central,Missouri,Frozen Foods,Hot Pockets,Online,Mass Market,50,5.99,299.5,23.96,275.54,55.87
ORD-101874,CUST-0244,09-04-2024,2024,4,April,Q2,South,Texas,Baking,Nestlé Toll House,Wholesale,Mass Market,40,4.99,199.6,15.97,183.63,59.86
ORD-104634,CUST-0166,09-04-2024,2024,4,April,Q2,South,Florida,Baking,La Lechera,Supermarket,Mass Market,40,4.49,179.6,3.59,176.01,53.5
ORD-100009,CUST-0468,10-04-2024,2024,4,April,Q2,Central,Wisconsin,Frozen Foods,Lean Cuisine,Supermarket,Family,30,6.49,194.7,0,194.7,38.57
ORD-103888,CUST-0759,10-04-2024,2024,4,April,Q2,Central,Michigan,Coffee & Creamers,Nescafé,Online,Premium,15,8.99,134.85,0,134.85,39.03
ORD-104512,CUST-0127,10-04-2024,2024,4,April,Q2,East,Maryland,Frozen Pizza,Tombstone,Online,Family,15,6.99,104.85,8.39,96.46,27.53
ORD-100499,CUST-0046,11-04-2024,2024,4,April,Q2,South,Tennessee,International Foods,El Mejor Nido,Convenience,Family,10,8.49,84.9,16.98,67.92,19.37
ORD-101068,CUST-0429,11-04-2024,2024,4,April,Q2,West,Nevada,Coffee & Creamers,Nescafé,Supermarket,Mass Market,30,8.99,269.7,0,269.7,66.85
ORD-103694,CUST-0663,11-04-2024,2024,4,April,Q2,West,Washington,Frozen Foods,Hot Pockets,Supermarket,Health & Wellness,25,5.99,149.75,11.98,137.77,31.79
ORD-103947,CUST-0786,11-04-2024,2024,4,April,Q2,Central,Michigan,Coffee & Creamers,Coffee mate,Online,Premium,40,7.49,299.6,23.97,275.63,71.7
ORD-104129,CUST-0222,11-04-2024,2024,4,April,Q2,East,Maryland,International Foods,El Mejor Nido,Wholesale,Family,20,8.49,169.8,3.4,166.4,47.72
ORD-104440,CUST-0597,11-04-2024,2024,4,April,Q2,West,Oregon,Baking,Nestlé Toll House,Retail,Health & Wellness,15,4.99,74.85,7.49,67.37,20.45
ORD-101553,CUST-0633,12-04-2024,2024,4,April,Q2,South,Tennessee,Frozen Pizza,Tombstone,Retail,Health & Wellness,10,6.99,69.9,0,69.9,19.1
ORD-103527,CUST-0414,12-04-2024,2024,4,April,Q2,South,Texas,Drinks,Milo,Retail,Premium,20,5.99,119.8,23.96,95.84,24.13
ORD-102120,CUST-0666,13-04-2024,2024,4,April,Q2,South,Texas,Baking,Nestlé Toll House,Retail,Family,20,4.99,99.8,0,99.8,27.14
ORD-102765,CUST-0697,13-04-2024,2024,4,April,Q2,West,Arizona,Coffee & Creamers,Nescafé,Supermarket,Family,75,8.99,674.25,53.94,620.31,150.04
ORD-104094,CUST-0722,13-04-2024,2024,4,April,Q2,South,Tennessee,International Foods,El Mejor Nido,Online,Mass Market,20,8.49,169.8,13.58,156.22,43.38
ORD-102377,CUST-0319,14-04-2024,2024,4,April,Q2,East,Pennsylvania,Frozen Foods,Lean Cuisine,Retail,Health & Wellness,20,6.49,129.8,10.38,119.42,25.14
ORD-104978,CUST-0736,14-04-2024,2024,4,April,Q2,West,Washington,International Foods,El Mejor Nido,Supermarket,Family,20,8.49,169.8,0,169.8,46
ORD-104983,CUST-0448,14-04-2024,2024,4,April,Q2,Central,Missouri,Baking,Nestlé Toll House,Supermarket,Premium,20,4.99,99.8,2,97.8,28.68
ORD-100154,CUST-0429,15-04-2024,2024,4,April,Q2,East,Virginia,Coffee & Creamers,Nescafé,Wholesale,Family,15,8.99,134.85,20.23,114.62,34.33
ORD-100204,CUST-0495,15-04-2024,2024,4,April,Q2,South,Tennessee,Frozen Pizza,DiGiorno,Retail,Health & Wellness,30,7.99,239.7,35.96,203.74,36.64
ORD-102624,CUST-0196,15-04-2024,2024,4,April,Q2,South,Florida,Drinks,Milo,Supermarket,Premium,100,5.99,599,11.98,587.02,145.47
ORD-103667,CUST-0551,15-04-2024,2024,4,April,Q2,South,Tennessee,Baking,Carnation,Convenience,Health & Wellness,20,3.99,79.8,15.96,63.84,17.89
ORD-104106,CUST-0451,15-04-2024,2024,4,April,Q2,Central,Missouri,Drinks,Nesquik,Retail,Premium,30,6.49,194.7,0,194.7,45.1
ORD-100634,CUST-0348,16-04-2024,2024,4,April,Q2,Central,Minnesota,Frozen Pizza,Tombstone,Supermarket,Mass Market,25,6.99,174.75,13.98,160.77,39.31
ORD-101847,CUST-0130,16-04-2024,2024,4,April,Q2,West,Oregon,Drinks,Nido,Supermarket,Family,10,10.99,109.9,2.2,107.7,21.09
ORD-102499,CUST-0535,16-04-2024,2024,4,April,Q2,South,Georgia,Coffee & Creamers,Nescafé CLASICO,Supermarket,Mass Market,50,9.49,474.5,23.72,450.78,131.2
ORD-102628,CUST-0117,16-04-2024,2024,4,April,Q2,Central,Minnesota,Baking,Nestlé Toll House,Wholesale,Family,15,4.99,74.85,5.99,68.86,21.31
ORD-103749,CUST-0539,17-04-2024,2024,4,April,Q2,East,Pennsylvania,Frozen Pizza,Tombstone,Online,Mass Market,20,6.99,139.8,13.98,125.82,31
ORD-104247,CUST-0208,17-04-2024,2024,4,April,Q2,West,Oregon,Coffee & Creamers,Nescafé CLASICO,Convenience,Family,15,9.49,142.35,11.39,130.96,37.33
ORD-100055,CUST-0430,18-04-2024,2024,4,April,Q2,Central,Ohio,Baking,Nestlé Toll House,Retail,Mass Market,75,4.99,374.25,18.71,355.54,109.31
ORD-101761,CUST-0293,18-04-2024,2024,4,April,Q2,East,Pennsylvania,Baking,Nestlé Toll House,Online,Premium,75,4.99,374.25,37.43,336.82,92.92
ORD-104902,CUST-0741,18-04-2024,2024,4,April,Q2,East,Massachusetts,Frozen Pizza,Tombstone,Supermarket,Health & Wellness,10,6.99,69.9,6.99,62.91,13.63
ORD-101398,CUST-0790,19-04-2024,2024,4,April,Q2,West,Nevada,Baking,La Lechera,Supermarket,Health & Wellness,15,4.49,67.35,1.35,66,21.09
ORD-103819,CUST-0378,19-04-2024,2024,4,April,Q2,South,Florida,Frozen Foods,Hot Pockets,Supermarket,Family,20,5.99,119.8,11.98,107.82,23.29
ORD-103968,CUST-0191,19-04-2024,2024,4,April,Q2,West,California,Coffee & Creamers,Nescafé CLASICO,Supermarket,Premium,20,9.49,189.8,15.18,174.62,44.44
ORD-104671,CUST-0017,19-04-2024,2024,4,April,Q2,East,Maryland,Frozen Foods,Stouffer's,Supermarket,Health & Wellness,75,8.99,674.25,33.71,640.54,145.69
ORD-100468,CUST-0360,20-04-2024,2024,4,April,Q2,South,Louisiana,International Foods,Maggi,Retail,Family,40,4.29,171.6,0,171.6,44.31
ORD-101389,CUST-0520,20-04-2024,2024,4,April,Q2,South,Louisiana,Baking,La Lechera,Wholesale,Premium,30,4.49,134.7,2.69,132.01,38.13
ORD-102342,CUST-0493,20-04-2024,2024,4,April,Q2,West,Colorado,Coffee & Creamers,Nescafé CLASICO,Retail,Premium,5,9.49,47.45,3.8,43.65,12.05
ORD-103275,CUST-0504,20-04-2024,2024,4,April,Q2,South,Texas,Frozen Pizza,Jack's Pizza,Online,Family,20,5.99,119.8,0,119.8,24.99
ORD-103451,CUST-0238,20-04-2024,2024,4,April,Q2,East,Maryland,Drinks,Nido,Convenience,Family,10,10.99,109.9,8.79,101.11,22.98
ORD-104076,CUST-0268,20-04-2024,2024,4,April,Q2,Central,Wisconsin,Baking,Carnation,Supermarket,Health & Wellness,15,3.99,59.85,8.98,50.87,15.65
ORD-104207,CUST-0467,20-04-2024,2024,4,April,Q2,Central,Wisconsin,Frozen Pizza,DiGiorno,Wholesale,Family,5,7.99,39.95,5.99,33.96,10.07
ORD-104617,CUST-0359,21-04-2024,2024,4,April,Q2,South,North Carolina,International Foods,El Mejor Nido,Supermarket,Family,5,8.49,42.45,0.85,41.6,10.75
ORD-100923,CUST-0196,22-04-2024,2024,4,April,Q2,South,Texas,Drinks,Nido,Online,Premium,50,10.99,549.5,27.48,522.02,127.6
ORD-104074,CUST-0044,22-04-2024,2024,4,April,Q2,Central,Illinois,Frozen Pizza,DiGiorno,Retail,Family,10,7.99,79.9,11.99,67.92,17.55
ORD-104938,CUST-0357,22-04-2024,2024,4,April,Q2,Central,Illinois,Frozen Foods,Stouffer's,Retail,Family,15,8.99,134.85,13.48,121.36,25.23
ORD-100182,CUST-0061,23-04-2024,2024,4,April,Q2,West,Colorado,Baking,La Lechera,Supermarket,Mass Market,75,4.49,336.75,26.94,309.81,100.13
ORD-101658,CUST-0466,23-04-2024,2024,4,April,Q2,East,Pennsylvania,Frozen Pizza,DiGiorno,Supermarket,Mass Market,100,7.99,799,39.95,759.05,179.48
ORD-104850,CUST-0650,23-04-2024,2024,4,April,Q2,West,Colorado,International Foods,El Mejor Nido,Convenience,Family,30,8.49,254.7,50.94,203.76,51.87
ORD-100095,CUST-0301,24-04-2024,2024,4,April,Q2,South,Texas,International Foods,Maggi,Wholesale,Mass Market,40,4.29,171.6,17.16,154.44,44.18
ORD-100269,CUST-0062,24-04-2024,2024,4,April,Q2,East,Maryland,Frozen Foods,Stouffer's,Online,Premium,10,8.99,89.9,7.19,82.71,19.52
ORD-102633,CUST-0727,24-04-2024,2024,4,April,Q2,West,Nevada,Drinks,Nesquik,Supermarket,Family,30,6.49,194.7,0,194.7,49.61
ORD-103236,CUST-0453,24-04-2024,2024,4,April,Q2,West,Arizona,Frozen Pizza,DiGiorno,Wholesale,Mass Market,25,7.99,199.75,9.99,189.76,52.98
ORD-103869,CUST-0427,24-04-2024,2024,4,April,Q2,Central,Wisconsin,Baking,La Lechera,Supermarket,Family,5,4.49,22.45,0,22.45,6.96
ORD-103971,CUST-0757,24-04-2024,2024,4,April,Q2,South,North Carolina,Frozen Foods,Lean Cuisine,Retail,Premium,20,6.49,129.8,10.38,119.42,27.19
ORD-104993,CUST-0017,24-04-2024,2024,4,April,Q2,East,Virginia,Drinks,Nesquik,Retail,Mass Market,30,6.49,194.7,9.74,184.96,47.55
ORD-105005,CUST-0472,24-04-2024,2024,4,April,Q2,South,Louisiana,International Foods,Maggi,Retail,Health & Wellness,40,4.29,171.6,17.16,154.44,41.39
ORD-100487,CUST-0496,25-04-2024,2024,4,April,Q2,West,Oregon,Drinks,Nesquik,Convenience,Mass Market,40,6.49,259.6,5.19,254.41,55.3
ORD-101053,CUST-0200,25-04-2024,2024,4,April,Q2,South,Georgia,Coffee & Creamers,Coffee mate,Wholesale,Premium,30,7.49,224.7,11.24,213.46,46.6
ORD-101800,CUST-0670,25-04-2024,2024,4,April,Q2,West,Colorado,International Foods,El Mejor Nido,Supermarket,Mass Market,40,8.49,339.6,0,339.6,91
ORD-103059,CUST-0553,25-04-2024,2024,4,April,Q2,West,Nevada,Drinks,Nido,Convenience,Mass Market,50,10.99,549.5,10.99,538.51,126.74
ORD-103379,CUST-0518,25-04-2024,2024,4,April,Q2,West,Oregon,Coffee & Creamers,Coffee mate,Wholesale,Premium,20,7.49,149.8,7.49,142.31,39.86
ORD-100040,CUST-0780,26-04-2024,2024,4,April,Q2,East,Pennsylvania,Coffee & Creamers,Nescafé CLASICO,Convenience,Mass Market,50,9.49,474.5,23.72,450.78,112.24
ORD-101059,CUST-0180,26-04-2024,2024,4,April,Q2,East,Pennsylvania,Baking,Nestlé Toll House,Retail,Premium,15,4.99,74.85,3.74,71.11,25.05
ORD-101542,CUST-0134,26-04-2024,2024,4,April,Q2,West,California,Baking,Nestlé Toll House,Wholesale,Health & Wellness,25,4.99,124.75,12.48,112.28,30.85
ORD-102461,CUST-0389,26-04-2024,2024,4,April,Q2,South,Louisiana,Frozen Pizza,Tombstone,Online,Mass Market,30,6.99,209.7,20.97,188.73,45.03
ORD-102766,CUST-0405,26-04-2024,2024,4,April,Q2,South,Georgia,Baking,Nestlé Toll House,Retail,Family,40,4.99,199.6,3.99,195.61,59.33
ORD-104536,CUST-0578,26-04-2024,2024,4,April,Q2,Central,Ohio,Coffee & Creamers,Nescafé,Convenience,Mass Market,10,8.99,89.9,7.19,82.71,24.37
ORD-100328,CUST-0366,27-04-2024,2024,4,April,Q2,Central,Illinois,Baking,Carnation,Online,Premium,15,3.99,59.85,11.97,47.88,13.65
ORD-103184,CUST-0580,27-04-2024,2024,4,April,Q2,West,Arizona,Coffee & Creamers,Nescafé CLASICO,Online,Family,40,9.49,379.6,56.94,322.66,82.27
ORD-104232,CUST-0417,27-04-2024,2024,4,April,Q2,Central,Minnesota,Coffee & Creamers,Nescafé,Convenience,Premium,30,8.99,269.7,0,269.7,58.43
ORD-100302,CUST-0488,28-04-2024,2024,4,April,Q2,Central,Missouri,Coffee & Creamers,Coffee mate,Convenience,Family,20,7.49,149.8,0,149.8,43.31
ORD-100889,CUST-0104,28-04-2024,2024,4,April,Q2,West,Washington,International Foods,El Mejor Nido,Convenience,Mass Market,15,8.49,127.35,6.37,120.98,29.48
ORD-102072,CUST-0327,28-04-2024,2024,4,April,Q2,East,New Jersey,Drinks,Milo,Online,Family,20,5.99,119.8,5.99,113.81,27.57
ORD-102819,CUST-0453,28-04-2024,2024,4,April,Q2,West,Oregon,International Foods,Abuelita,Online,Premium,25,5.49,137.25,6.86,130.39,36.1
ORD-103272,CUST-0344,28-04-2024,2024,4,April,Q2,West,Colorado,Coffee & Creamers,Coffee mate,Retail,Family,20,7.49,149.8,14.98,134.82,34.51
ORD-100059,CUST-0637,29-04-2024,2024,4,April,Q2,West,Arizona,Frozen Pizza,Tombstone,Wholesale,Health & Wellness,75,6.99,524.25,41.94,482.31,110.1
ORD-102600,CUST-0026,29-04-2024,2024,4,April,Q2,West,Oregon,Baking,Nestlé Toll House,Retail,Family,20,4.99,99.8,4.99,94.81,26.11
ORD-103048,CUST-0524,29-04-2024,2024,4,April,Q2,East,Massachusetts,International Foods,Abuelita,Online,Premium,20,5.49,109.8,5.49,104.31,25.87
ORD-104267,CUST-0568,29-04-2024,2024,4,April,Q2,Central,Ohio,Drinks,Nido,Convenience,Mass Market,25,10.99,274.75,41.21,233.54,51.76
ORD-101199,CUST-0368,30-04-2024,2024,4,April,Q2,Central,Ohio,Baking,Nestlé Toll House,Convenience,Family,20,4.99,99.8,19.96,79.84,24.58
ORD-101244,CUST-0325,30-04-2024,2024,4,April,Q2,South,North Carolina,Baking,La Lechera,Online,Premium,15,4.49,67.35,6.74,60.62,17.3
ORD-101718,CUST-0168,30-04-2024,2024,4,April,Q2,Central,Michigan,Coffee & Creamers,Nescafé,Convenience,Health & Wellness,50,8.99,449.5,0,449.5,121.32
ORD-102484,CUST-0035,30-04-2024,2024,4,April,Q2,West,California,Frozen Foods,Stouffer's,Supermarket,Family,25,8.99,224.75,17.98,206.77,37.43
ORD-102925,CUST-0461,30-04-2024,2024,4,April,Q2,East,New York,Frozen Pizza,Tombstone,Wholesale,Family,15,6.99,104.85,8.39,96.46,24.86
ORD-103676,CUST-0670,30-04-2024,2024,4,April,Q2,East,Maryland,Drinks,Milo,Retail,Mass Market,25,5.99,149.75,7.49,142.26,33.77
ORD-104567,CUST-0316,30-04-2024,2024,4,April,Q2,West,Colorado,Coffee & Creamers,Nescafé CLASICO,Wholesale,Mass Market,30,9.49,284.7,28.47,256.23,70.3
ORD-101627,CUST-0126,01-05-2024,2024,5,May,Q2,West,Oregon,Frozen Foods,Lean Cuisine,Retail,Health & Wellness,30,6.49,194.7,0,194.7,34.79
ORD-103299,CUST-0061,01-05-2024,2024,5,May,Q2,East,Maryland,Frozen Pizza,Jack's Pizza,Retail,Mass Market,25,5.99,149.75,0,149.75,35.58
ORD-104072,CUST-0680,01-05-2024,2024,5,May,Q2,Central,Ohio,International Foods,Maggi,Retail,Family,15,4.29,64.35,0,64.35,15.58
ORD-104320,CUST-0764,01-05-2024,2024,5,May,Q2,East,Maryland,International Foods,Maggi,Supermarket,Health & Wellness,20,4.29,85.8,0,85.8,23.81
ORD-100938,CUST-0269,02-05-2024,2024,5,May,Q2,South,Louisiana,Frozen Pizza,DiGiorno,Online,Family,50,7.99,399.5,31.96,367.54,87.7
ORD-101084,CUST-0709,02-05-2024,2024,5,May,Q2,South,Florida,Frozen Foods,Hot Pockets,Supermarket,Premium,5,5.99,29.95,1.5,28.45,7.13
ORD-101363,CUST-0526,02-05-2024,2024,5,May,Q2,Central,Missouri,Baking,Nestlé Toll House,Supermarket,Mass Market,50,4.99,249.5,12.48,237.02,71.1
ORD-102226,CUST-0098,02-05-2024,2024,5,May,Q2,East,New Jersey,International Foods,Maggi,Online,Health & Wellness,25,4.29,107.25,0,107.25,25.62
ORD-103771,CUST-0783,02-05-2024,2024,5,May,Q2,Central,Illinois,Frozen Pizza,Tombstone,Supermarket,Mass Market,25,6.99,174.75,8.74,166.01,38.2
ORD-104763,CUST-0544,02-05-2024,2024,5,May,Q2,Central,Illinois,Baking,Nestlé Toll House,Retail,Premium,20,4.99,99.8,14.97,84.83,23.38
ORD-102436,CUST-0438,03-05-2024,2024,5,May,Q2,East,New Jersey,Drinks,Nesquik,Supermarket,Mass Market,20,6.49,129.8,10.38,119.42,32.48
ORD-103946,CUST-0045,03-05-2024,2024,5,May,Q2,West,Colorado,Frozen Foods,Lean Cuisine,Retail,Family,30,6.49,194.7,15.58,179.12,41.11
ORD-101865,CUST-0691,04-05-2024,2024,5,May,Q2,South,Texas,Frozen Foods,Lean Cuisine,Retail,Health & Wellness,100,6.49,649,32.45,616.55,122.25
ORD-103984,CUST-0359,04-05-2024,2024,5,May,Q2,West,Nevada,Drinks,Nesquik,Wholesale,Mass Market,15,6.49,97.35,4.87,92.48,22.61
ORD-104557,CUST-0389,04-05-2024,2024,5,May,Q2,Central,Minnesota,International Foods,Abuelita,Wholesale,Mass Market,30,5.49,164.7,3.29,161.41,41.22
ORD-100552,CUST-0404,05-05-2024,2024,5,May,Q2,South,North Carolina,Drinks,Milo,Convenience,Family,10,5.99,59.9,5.99,53.91,15.5
ORD-102768,CUST-0312,05-05-2024,2024,5,May,Q2,West,California,International Foods,El Mejor Nido,Supermarket,Family,20,8.49,169.8,0,169.8,44.52
ORD-103997,CUST-0367,05-05-2024,2024,5,May,Q2,East,New Jersey,Frozen Pizza,Jack's Pizza,Online,Mass Market,25,5.99,149.75,22.46,127.29,32.48
ORD-100937,CUST-0359,06-05-2024,2024,5,May,Q2,West,Colorado,Drinks,Milo,Convenience,Family,15,5.99,89.85,1.8,88.05,25.52
ORD-102778,CUST-0519,06-05-2024,2024,5,May,Q2,West,Colorado,Frozen Foods,Lean Cuisine,Retail,Mass Market,20,6.49,129.8,6.49,123.31,23.64
ORD-104451,CUST-0109,06-05-2024,2024,5,May,Q2,East,Maryland,Coffee & Creamers,Nescafé,Online,Family,10,8.99,89.9,4.5,85.4,22.62
ORD-100369,CUST-0785,07-05-2024,2024,5,May,Q2,West,Oregon,Baking,La Lechera,Wholesale,Health & Wellness,15,4.49,67.35,3.37,63.98,16.51
ORD-100619,CUST-0374,07-05-2024,2024,5,May,Q2,South,Florida,Frozen Pizza,DiGiorno,Wholesale,Family,30,7.99,239.7,0,239.7,60.13
ORD-100798,CUST-0765,07-05-2024,2024,5,May,Q2,Central,Ohio,Drinks,Nesquik,Supermarket,Premium,75,6.49,486.75,0,486.75,134.52
ORD-102661,CUST-0582,07-05-2024,2024,5,May,Q2,East,New Jersey,Baking,Carnation,Convenience,Health & Wellness,40,3.99,159.6,3.19,156.41,48.21
ORD-103262,CUST-0752,07-05-2024,2024,5,May,Q2,East,Maryland,Baking,Carnation,Supermarket,Mass Market,40,3.99,159.6,0,159.6,51.81
ORD-103811,CUST-0563,07-05-2024,2024,5,May,Q2,Central,Missouri,Frozen Foods,Lean Cuisine,Online,Family,75,6.49,486.75,38.94,447.81,104.5
ORD-100120,CUST-0119,08-05-2024,2024,5,May,Q2,Central,Minnesota,International Foods,Maggi,Online,Health & Wellness,25,4.29,107.25,0,107.25,28.72
ORD-100271,CUST-0441,08-05-2024,2024,5,May,Q2,South,Tennessee,International Foods,El Mejor Nido,Supermarket,Family,25,8.49,212.25,16.98,195.27,51.88
ORD-102472,CUST-0506,08-05-2024,2024,5,May,Q2,South,Louisiana,Drinks,Milo,Convenience,Family,40,5.99,239.6,4.79,234.81,56.63
ORD-103822,CUST-0054,08-05-2024,2024,5,May,Q2,East,New Jersey,Coffee & Creamers,Coffee mate,Supermarket,Family,40,7.49,299.6,23.97,275.63,72.44
ORD-104589,CUST-0469,08-05-2024,2024,5,May,Q2,Central,Minnesota,Drinks,Nesquik,Convenience,Family,50,6.49,324.5,32.45,292.05,74.51
ORD-102690,CUST-0004,09-05-2024,2024,5,May,Q2,East,New Jersey,Drinks,Nido,Online,Family,20,10.99,219.8,10.99,208.81,56.19
ORD-101725,CUST-0599,10-05-2024,2024,5,May,Q2,Central,Wisconsin,Baking,Nestlé Toll House,Retail,Family,10,4.99,49.9,4.99,44.91,13.63
ORD-103570,CUST-0518,10-05-2024,2024,5,May,Q2,South,Louisiana,Frozen Pizza,Jack's Pizza,Retail,Family,25,5.99,149.75,3,146.76,37.25
ORD-101662,CUST-0760,11-05-2024,2024,5,May,Q2,East,Maryland,Baking,Nestlé Toll House,Online,Family,50,4.99,249.5,24.95,224.55,66.88
ORD-101990,CUST-0671,11-05-2024,2024,5,May,Q2,Central,Wisconsin,Drinks,Nesquik,Retail,Mass Market,25,6.49,162.25,8.11,154.14,42.68
ORD-104742,CUST-0221,11-05-2024,2024,5,May,Q2,West,Colorado,Frozen Foods,Stouffer's,Retail,Family,10,8.99,89.9,4.5,85.4,17.65
ORD-102859,CUST-0774,12-05-2024,2024,5,May,Q2,West,Colorado,Drinks,Nesquik,Retail,Premium,10,6.49,64.9,1.3,63.6,16.98
ORD-103030,CUST-0381,12-05-2024,2024,5,May,Q2,Central,Illinois,Drinks,Nido,Supermarket,Health & Wellness,20,10.99,219.8,10.99,208.81,54.03
ORD-103805,CUST-0173,12-05-2024,2024,5,May,Q2,West,Nevada,Frozen Foods,Lean Cuisine,Wholesale,Health & Wellness,25,6.49,162.25,16.23,146.02,32.11
ORD-104533,CUST-0376,12-05-2024,2024,5,May,Q2,West,Nevada,Coffee & Creamers,Nescafé,Online,Health & Wellness,5,8.99,44.95,3.6,41.35,12.66
ORD-104696,CUST-0543,12-05-2024,2024,5,May,Q2,South,North Carolina,Frozen Foods,Stouffer's,Online,Premium,20,8.99,179.8,17.98,161.82,33.47
ORD-100051,CUST-0531,13-05-2024,2024,5,May,Q2,South,Texas,Baking,Carnation,Online,Mass Market,25,3.99,99.75,0,99.75,28.87
ORD-100363,CUST-0118,13-05-2024,2024,5,May,Q2,East,Pennsylvania,Frozen Foods,Lean Cuisine,Convenience,Family,20,6.49,129.8,10.38,119.42,28.53
ORD-101654,CUST-0021,13-05-2024,2024,5,May,Q2,East,New York,Frozen Pizza,DiGiorno,Supermarket,Mass Market,100,7.99,799,79.9,719.1,174.04
ORD-100438,CUST-0313,14-05-2024,2024,5,May,Q2,South,Louisiana,Frozen Foods,Lean Cuisine,Online,Family,25,6.49,162.25,8.11,154.14,31.83
ORD-101451,CUST-0005,14-05-2024,2024,5,May,Q2,East,New York,Coffee & Creamers,Coffee mate,Online,Premium,10,7.49,74.9,7.49,67.41,19.96
ORD-103589,CUST-0496,14-05-2024,2024,5,May,Q2,West,Oregon,Baking,La Lechera,Supermarket,Family,25,4.49,112.25,8.98,103.27,31.46
ORD-104343,CUST-0252,14-05-2024,2024,5,May,Q2,South,Tennessee,Baking,Nestlé Toll House,Wholesale,Mass Market,20,4.99,99.8,4.99,94.81,25.55
ORD-100396,CUST-0372,15-05-2024,2024,5,May,Q2,South,Georgia,International Foods,Abuelita,Wholesale,Premium,20,5.49,109.8,10.98,98.82,23.23
ORD-104022,CUST-0460,15-05-2024,2024,5,May,Q2,West,Arizona,Frozen Pizza,DiGiorno,Wholesale,Health & Wellness,30,7.99,239.7,23.97,215.73,65.54
ORD-104484,CUST-0729,15-05-2024,2024,5,May,Q2,Central,Ohio,Frozen Foods,Stouffer's,Convenience,Mass Market,20,8.99,179.8,17.98,161.82,38.66
ORD-104534,CUST-0120,15-05-2024,2024,5,May,Q2,East,Pennsylvania,International Foods,Maggi,Retail,Family,25,4.29,107.25,10.73,96.52,26.77
ORD-100635,CUST-0506,17-05-2024,2024,5,May,Q2,West,Colorado,Baking,Nestlé Toll House,Supermarket,Premium,5,4.99,24.95,2,22.95,7.81
ORD-101262,CUST-0630,17-05-2024,2024,5,May,Q2,South,Florida,Drinks,Nesquik,Retail,Mass Market,20,6.49,129.8,12.98,116.82,23.95
ORD-101288,CUST-0761,17-05-2024,2024,5,May,Q2,East,New Jersey,Coffee & Creamers,Coffee mate,Online,Mass Market,20,7.49,149.8,22.47,127.33,35.66
ORD-103216,CUST-0361,17-05-2024,2024,5,May,Q2,West,Arizona,International Foods,Maggi,Retail,Family,50,4.29,214.5,10.73,203.78,54.05
ORD-104303,CUST-0254,17-05-2024,2024,5,May,Q2,Central,Missouri,Frozen Pizza,Jack's Pizza,Convenience,Mass Market,40,5.99,239.6,19.17,220.43,45.2
ORD-104947,CUST-0397,17-05-2024,2024,5,May,Q2,Central,Minnesota,Frozen Foods,Stouffer's,Retail,Mass Market,15,8.99,134.85,26.97,107.88,26.85
ORD-101205,CUST-0024,18-05-2024,2024,5,May,Q2,East,Pennsylvania,Frozen Foods,Stouffer's,Online,Mass Market,15,8.99,134.85,6.74,128.11,26.91
ORD-101996,CUST-0733,18-05-2024,2024,5,May,Q2,Central,Illinois,Frozen Pizza,Tombstone,Retail,Health & Wellness,40,6.99,279.6,0,279.6,67.91
ORD-103404,CUST-0329,18-05-2024,2024,5,May,Q2,East,Massachusetts,International Foods,Abuelita,Supermarket,Family,15,5.49,82.35,16.47,65.88,17.21
ORD-103861,CUST-0394,18-05-2024,2024,5,May,Q2,South,North Carolina,Frozen Pizza,DiGiorno,Convenience,Mass Market,15,7.99,119.85,0,119.85,33.08
ORD-102529,CUST-0663,19-05-2024,2024,5,May,Q2,West,Arizona,Coffee & Creamers,Nescafé CLASICO,Supermarket,Premium,30,9.49,284.7,0,284.7,84.82
ORD-104301,CUST-0771,19-05-2024,2024,5,May,Q2,West,Washington,Baking,Nestlé Toll House,Convenience,Family,20,4.99,99.8,7.98,91.82,27.11
ORD-101403,CUST-0062,20-05-2024,2024,5,May,Q2,West,Colorado,Baking,La Lechera,Retail,Mass Market,75,4.49,336.75,33.68,303.08,77.44
ORD-101679,CUST-0696,20-05-2024,2024,5,May,Q2,West,Oregon,Frozen Foods,Hot Pockets,Online,Mass Market,20,5.99,119.8,0,119.8,25.51
ORD-102326,CUST-0102,20-05-2024,2024,5,May,Q2,South,Tennessee,International Foods,Maggi,Online,Family,40,4.29,171.6,34.32,137.28,36.53
ORD-100645,CUST-0243,21-05-2024,2024,5,May,Q2,West,Nevada,Frozen Pizza,DiGiorno,Online,Mass Market,40,7.99,319.6,47.94,271.66,61.95
ORD-101092,CUST-0662,21-05-2024,2024,5,May,Q2,Central,Ohio,Drinks,Milo,Retail,Mass Market,30,5.99,179.7,0,179.7,48.77
ORD-104700,CUST-0385,21-05-2024,2024,5,May,Q2,South,Florida,Coffee & Creamers,Nescafé,Online,Mass Market,40,8.99,359.6,0,359.6,92.59
ORD-104811,CUST-0464,21-05-2024,2024,5,May,Q2,West,Nevada,Frozen Pizza,Jack's Pizza,Supermarket,Mass Market,15,5.99,89.85,17.97,71.88,14.27
ORD-100408,CUST-0712,22-05-2024,2024,5,May,Q2,West,Colorado,International Foods,Maggi,Convenience,Family,15,4.29,64.35,12.87,51.48,13.56
ORD-103022,CUST-0456,22-05-2024,2024,5,May,Q2,East,Pennsylvania,Frozen Pizza,DiGiorno,Wholesale,Family,100,7.99,799,15.98,783.02,198.41
ORD-104972,CUST-0501,22-05-2024,2024,5,May,Q2,South,Tennessee,Coffee & Creamers,Nescafé CLASICO,Supermarket,Premium,20,9.49,189.8,9.49,180.31,50.65
ORD-100693,CUST-0648,23-05-2024,2024,5,May,Q2,East,New York,Coffee & Creamers,Coffee mate,Supermarket,Premium,15,7.49,112.35,8.99,103.36,29.78
ORD-100723,CUST-0002,23-05-2024,2024,5,May,Q2,West,Nevada,International Foods,Abuelita,Wholesale,Mass Market,25,5.49,137.25,10.98,126.27,35.12
ORD-102812,CUST-0669,23-05-2024,2024,5,May,Q2,Central,Ohio,Coffee & Creamers,Nescafé CLASICO,Retail,Premium,40,9.49,379.6,30.37,349.23,90.77
ORD-100215,CUST-0235,24-05-2024,2024,5,May,Q2,Central,Illinois,Frozen Foods,Hot Pockets,Supermarket,Premium,20,5.99,119.8,9.58,110.22,22.29
ORD-100588,CUST-0280,24-05-2024,2024,5,May,Q2,West,California,Coffee & Creamers,Coffee mate,Retail,Mass Market,30,7.49,224.7,4.49,220.21,62.44
ORD-101772,CUST-0194,24-05-2024,2024,5,May,Q2,South,Texas,International Foods,Abuelita,Supermarket,Mass Market,10,5.49,54.9,4.39,50.51,11.53
ORD-102261,CUST-0679,24-05-2024,2024,5,May,Q2,South,Texas,Frozen Pizza,Tombstone,Online,Premium,25,6.99,174.75,8.74,166.01,38.15
ORD-102516,CUST-0281,24-05-2024,2024,5,May,Q2,South,North Carolina,Drinks,Nido,Retail,Premium,25,10.99,274.75,0,274.75,57.1
ORD-102695,CUST-0651,24-05-2024,2024,5,May,Q2,South,Florida,Baking,La Lechera,Supermarket,Family,10,4.49,44.9,0,44.9,14.98
ORD-104138,CUST-0489,24-05-2024,2024,5,May,Q2,East,Pennsylvania,Frozen Pizza,DiGiorno,Wholesale,Premium,20,7.99,159.8,7.99,151.81,40.38
ORD-101023,CUST-0086,25-05-2024,2024,5,May,Q2,South,Louisiana,Coffee & Creamers,Coffee mate,Retail,Premium,50,7.49,374.5,56.18,318.32,72.11
ORD-101689,CUST-0516,25-05-2024,2024,5,May,Q2,Central,Minnesota,International Foods,Abuelita,Online,Premium,20,5.49,109.8,8.78,101.02,23.69
ORD-103720,CUST-0488,25-05-2024,2024,5,May,Q2,West,Colorado,Baking,La Lechera,Wholesale,Mass Market,15,4.49,67.35,13.47,53.88,15.53
ORD-104580,CUST-0492,25-05-2024,2024,5,May,Q2,Central,Michigan,International Foods,El Mejor Nido,Supermarket,Premium,30,8.49,254.7,25.47,229.23,65.84
ORD-101071,CUST-0367,26-05-2024,2024,5,May,Q2,East,Massachusetts,Coffee & Creamers,Coffee mate,Online,Mass Market,25,7.49,187.25,0,187.25,57.18
ORD-101358,CUST-0670,26-05-2024,2024,5,May,Q2,East,Pennsylvania,Frozen Pizza,Tombstone,Supermarket,Premium,15,6.99,104.85,5.24,99.61,27.95
ORD-101557,CUST-0793,26-05-2024,2024,5,May,Q2,Central,Missouri,Frozen Foods,Hot Pockets,Convenience,Mass Market,25,5.99,149.75,7.49,142.26,35.25
ORD-102010,CUST-0391,26-05-2024,2024,5,May,Q2,East,New Jersey,Coffee & Creamers,Coffee mate,Retail,Premium,50,7.49,374.5,29.96,344.54,109.24
ORD-102086,CUST-0600,26-05-2024,2024,5,May,Q2,East,Massachusetts,Frozen Foods,Stouffer's,Online,Premium,50,8.99,449.5,8.99,440.51,94.31
ORD-102656,CUST-0771,27-05-2024,2024,5,May,Q2,East,Pennsylvania,Baking,Carnation,Supermarket,Mass Market,50,3.99,199.5,19.95,179.55,53.16
ORD-103809,CUST-0566,27-05-2024,2024,5,May,Q2,West,Oregon,Frozen Foods,Lean Cuisine,Supermarket,Family,30,6.49,194.7,19.47,175.23,35.88
ORD-101879,CUST-0488,28-05-2024,2024,5,May,Q2,East,Maryland,Drinks,Nesquik,Retail,Mass Market,15,6.49,97.35,4.87,92.48,20.38
ORD-102860,CUST-0704,28-05-2024,2024,5,May,Q2,West,California,Drinks,Nido,Retail,Health & Wellness,20,10.99,219.8,4.4,215.4,40.07
ORD-100874,CUST-0395,29-05-2024,2024,5,May,Q2,East,Pennsylvania,Baking,Carnation,Supermarket,Family,15,3.99,59.85,0,59.85,15.92
ORD-100461,CUST-0569,30-05-2024,2024,5,May,Q2,West,Nevada,Frozen Foods,Lean Cuisine,Supermarket,Health & Wellness,20,6.49,129.8,0,129.8,25.6
ORD-101315,CUST-0083,30-05-2024,2024,5,May,Q2,East,Pennsylvania,Coffee & Creamers,Nescafé CLASICO,Wholesale,Family,50,9.49,474.5,71.18,403.32,117.07
ORD-101947,CUST-0414,30-05-2024,2024,5,May,Q2,East,Virginia,International Foods,Abuelita,Online,Premium,20,5.49,109.8,2.2,107.6,33.43
ORD-102930,CUST-0750,30-05-2024,2024,5,May,Q2,East,New York,Drinks,Nido,Online,Family,100,10.99,1099,54.95,1044.05,255
ORD-103218,CUST-0263,30-05-2024,2024,5,May,Q2,West,Arizona,Coffee & Creamers,Coffee mate,Online,Health & Wellness,30,7.49,224.7,17.98,206.72,66.52
ORD-100586,CUST-0757,31-05-2024,2024,5,May,Q2,West,Colorado,Coffee & Creamers,Nescafé,Supermarket,Health & Wellness,15,8.99,134.85,13.48,121.36,30.47
ORD-104461,CUST-0588,31-05-2024,2024,5,May,Q2,East,Virginia,Frozen Pizza,Jack's Pizza,Supermarket,Family,25,5.99,149.75,11.98,137.77,37.84
ORD-100817,CUST-0462,01-06-2024,2024,6,June,Q2,Central,Ohio,Coffee & Creamers,Nescafé CLASICO,Online,Mass Market,40,9.49,379.6,0,379.6,98.58
ORD-100820,CUST-0041,02-06-2024,2024,6,June,Q2,East,Maryland,Drinks,Nesquik,Supermarket,Mass Market,30,6.49,194.7,9.74,184.96,46.08
ORD-101133,CUST-0253,02-06-2024,2024,6,June,Q2,West,Nevada,Baking,Carnation,Convenience,Health & Wellness,25,3.99,99.75,4.99,94.76,33.69
ORD-101302,CUST-0185,02-06-2024,2024,6,June,Q2,South,Tennessee,Coffee & Creamers,Coffee mate,Retail,Mass Market,20,7.49,149.8,11.98,137.82,36.73
ORD-100573,CUST-0489,03-06-2024,2024,6,June,Q2,East,New Jersey,Frozen Foods,Lean Cuisine,Online,Mass Market,40,6.49,259.6,5.19,254.41,50.71
ORD-101959,CUST-0214,03-06-2024,2024,6,June,Q2,Central,Wisconsin,International Foods,Maggi,Online,Mass Market,75,4.29,321.75,16.09,305.66,83.91
ORD-102305,CUST-0240,03-06-2024,2024,6,June,Q2,South,Texas,Baking,La Lechera,Convenience,Family,30,4.49,134.7,2.69,132.01,41.51
ORD-100179,CUST-0193,04-06-2024,2024,6,June,Q2,South,Louisiana,Frozen Pizza,Jack's Pizza,Supermarket,Family,5,5.99,29.95,0,29.95,8.2
ORD-103157,CUST-0642,04-06-2024,2024,6,June,Q2,South,Texas,Baking,Carnation,Retail,Health & Wellness,20,3.99,79.8,6.38,73.42,21.4
ORD-104481,CUST-0580,04-06-2024,2024,6,June,Q2,West,Washington,Frozen Pizza,DiGiorno,Online,Family,75,7.99,599.25,89.89,509.36,136.6
ORD-104524,CUST-0599,04-06-2024,2024,6,June,Q2,Central,Wisconsin,Drinks,Nido,Online,Family,50,10.99,549.5,82.42,467.08,104.33
ORD-102290,CUST-0586,05-06-2024,2024,6,June,Q2,West,Nevada,Baking,Nestlé Toll House,Online,Mass Market,25,4.99,124.75,18.71,106.04,26.22
ORD-102396,CUST-0364,05-06-2024,2024,6,June,Q2,East,Pennsylvania,Baking,Nestlé Toll House,Online,Health & Wellness,10,4.99,49.9,2.5,47.41,15.65
ORD-102932,CUST-0432,05-06-2024,2024,6,June,Q2,Central,Wisconsin,Coffee & Creamers,Nescafé,Supermarket,Mass Market,40,8.99,359.6,0,359.6,107.96
ORD-102997,CUST-0582,05-06-2024,2024,6,June,Q2,West,Arizona,International Foods,Abuelita,Convenience,Family,30,5.49,164.7,16.47,148.23,37.8
ORD-104024,CUST-0792,05-06-2024,2024,6,June,Q2,South,North Carolina,Baking,La Lechera,Wholesale,Family,50,4.49,224.5,11.23,213.28,65.59
ORD-101269,CUST-0117,06-06-2024,2024,6,June,Q2,Central,Illinois,International Foods,El Mejor Nido,Online,Health & Wellness,15,8.49,127.35,6.37,120.98,32.58
ORD-103181,CUST-0777,06-06-2024,2024,6,June,Q2,West,Oregon,Frozen Pizza,Jack's Pizza,Supermarket,Mass Market,50,5.99,299.5,14.98,284.52,65.48
ORD-104810,CUST-0059,06-06-2024,2024,6,June,Q2,South,Louisiana,Coffee & Creamers,Nescafé,Online,Mass Market,5,8.99,44.95,4.5,40.46,11.21
ORD-101520,CUST-0365,07-06-2024,2024,6,June,Q2,South,North Carolina,Baking,Nestlé Toll House,Supermarket,Mass Market,50,4.99,249.5,12.48,237.02,66.45
ORD-102062,CUST-0585,07-06-2024,2024,6,June,Q2,East,New York,International Foods,Abuelita,Supermarket,Mass Market,10,5.49,54.9,8.24,46.67,12.51
ORD-103259,CUST-0019,07-06-2024,2024,6,June,Q2,East,Virginia,Baking,Carnation,Wholesale,Family,30,3.99,119.7,0,119.7,32.71
ORD-103892,CUST-0736,07-06-2024,2024,6,June,Q2,Central,Minnesota,Frozen Foods,Lean Cuisine,Supermarket,Mass Market,15,6.49,97.35,4.87,92.48,21.18
ORD-104772,CUST-0646,07-06-2024,2024,6,June,Q2,East,New York,Drinks,Milo,Supermarket,Family,30,5.99,179.7,17.97,161.73,35.06
ORD-104874,CUST-0071,07-06-2024,2024,6,June,Q2,West,Washington,Coffee & Creamers,Nescafé,Retail,Family,5,8.99,44.95,3.6,41.35,10.12
ORD-101548,CUST-0686,08-06-2024,2024,6,June,Q2,Central,Ohio,International Foods,El Mejor Nido,Supermarket,Health & Wellness,40,8.49,339.6,6.79,332.81,108.09
ORD-101594,CUST-0342,08-06-2024,2024,6,June,Q2,West,Colorado,Frozen Foods,Lean Cuisine,Retail,Mass Market,15,6.49,97.35,0,97.35,17.61
ORD-100098,CUST-0744,09-06-2024,2024,6,June,Q2,East,New Jersey,Frozen Pizza,Tombstone,Supermarket,Mass Market,15,6.99,104.85,0,104.85,23.6
ORD-100448,CUST-0170,09-06-2024,2024,6,June,Q2,Central,Michigan,Coffee & Creamers,Nescafé CLASICO,Wholesale,Family,20,9.49,189.8,9.49,180.31,51.97
ORD-101209,CUST-0351,09-06-2024,2024,6,June,Q2,East,New York,Frozen Pizza,Jack's Pizza,Wholesale,Health & Wellness,10,5.99,59.9,8.99,50.92,13.64
ORD-101215,CUST-0494,09-06-2024,2024,6,June,Q2,Central,Wisconsin,Frozen Foods,Lean Cuisine,Retail,Health & Wellness,15,6.49,97.35,4.87,92.48,17.71
ORD-101828,CUST-0437,09-06-2024,2024,6,June,Q2,South,Louisiana,Coffee & Creamers,Coffee mate,Retail,Mass Market,15,7.49,112.35,8.99,103.36,31.98
ORD-102703,CUST-0037,09-06-2024,2024,6,June,Q2,West,Colorado,Coffee & Creamers,Nescafé CLASICO,Supermarket,Family,10,9.49,94.9,4.74,90.16,28.49
ORD-104003,CUST-0027,09-06-2024,2024,6,June,Q2,South,Georgia,Frozen Foods,Lean Cuisine,Retail,Premium,40,6.49,259.6,12.98,246.62,48.48
ORD-101299,CUST-0325,10-06-2024,2024,6,June,Q2,Central,Minnesota,Baking,Nestlé Toll House,Online,Mass Market,30,4.99,149.7,7.49,142.22,35.65
ORD-102417,CUST-0685,10-06-2024,2024,6,June,Q2,East,Virginia,Coffee & Creamers,Coffee mate,Retail,Mass Market,25,7.49,187.25,14.98,172.27,47.29
ORD-102453,CUST-0593,10-06-2024,2024,6,June,Q2,Central,Michigan,International Foods,Abuelita,Supermarket,Mass Market,20,5.49,109.8,0,109.8,35.85
ORD-102562,CUST-0197,10-06-2024,2024,6,June,Q2,Central,Ohio,International Foods,El Mejor Nido,Retail,Mass Market,10,8.49,84.9,0,84.9,25.01
ORD-104227,CUST-0295,10-06-2024,2024,6,June,Q2,East,Pennsylvania,Drinks,Nesquik,Online,Health & Wellness,10,6.49,64.9,0,64.9,15.36
ORD-104839,CUST-0471,10-06-2024,2024,6,June,Q2,West,Colorado,Coffee & Creamers,Coffee mate,Retail,Family,10,7.49,74.9,11.24,63.67,17.41
ORD-100231,CUST-0221,11-06-2024,2024,6,June,Q2,South,Georgia,Frozen Pizza,Jack's Pizza,Retail,Mass Market,15,5.99,89.85,8.99,80.87,19.57
ORD-102455,CUST-0350,11-06-2024,2024,6,June,Q2,Central,Michigan,Frozen Foods,Stouffer's,Convenience,Health & Wellness,75,8.99,674.25,53.94,620.31,128.29
ORD-104305,CUST-0690,11-06-2024,2024,6,June,Q2,South,Tennessee,Baking,Nestlé Toll House,Retail,Mass Market,50,4.99,249.5,19.96,229.54,62.73
ORD-100949,CUST-0013,12-06-2024,2024,6,June,Q2,South,North Carolina,Coffee & Creamers,Nescafé,Retail,Mass Market,10,8.99,89.9,0,89.9,26.17
ORD-102192,CUST-0576,12-06-2024,2024,6,June,Q2,South,Florida,Frozen Pizza,DiGiorno,Wholesale,Mass Market,10,7.99,79.9,6.39,73.51,18.48
ORD-104155,CUST-0281,12-06-2024,2024,6,June,Q2,West,Colorado,Drinks,Nido,Wholesale,Health & Wellness,15,10.99,164.85,24.73,140.12,38.97
ORD-102512,CUST-0678,13-06-2024,2024,6,June,Q2,South,North Carolina,Frozen Foods,Stouffer's,Convenience,Health & Wellness,20,8.99,179.8,8.99,170.81,30.27
ORD-103070,CUST-0280,13-06-2024,2024,6,June,Q2,Central,Ohio,Frozen Foods,Stouffer's,Supermarket,Health & Wellness,20,8.99,179.8,8.99,170.81,39.92
ORD-104309,CUST-0192,13-06-2024,2024,6,June,Q2,South,Georgia,Frozen Pizza,Tombstone,Retail,Mass Market,40,6.99,279.6,41.94,237.66,65.04
ORD-101570,CUST-0626,14-06-2024,2024,6,June,Q2,East,Pennsylvania,International Foods,Maggi,Retail,Mass Market,10,4.29,42.9,4.29,38.61,9.83
ORD-104066,CUST-0111,14-06-2024,2024,6,June,Q2,West,Oregon,Frozen Pizza,DiGiorno,Supermarket,Mass Market,20,7.99,159.8,31.96,127.84,37.07
ORD-100359,CUST-0272,15-06-2024,2024,6,June,Q2,South,Georgia,Baking,Carnation,Supermarket,Family,30,3.99,119.7,0,119.7,42.03
ORD-101609,CUST-0587,15-06-2024,2024,6,June,Q2,West,Washington,Frozen Pizza,Jack's Pizza,Retail,Health & Wellness,75,5.99,449.25,0,449.25,113.3
ORD-100387,CUST-0583,16-06-2024,2024,6,June,Q2,East,Virginia,Frozen Pizza,DiGiorno,Convenience,Mass Market,25,7.99,199.75,9.99,189.76,47.49
ORD-101488,CUST-0009,16-06-2024,2024,6,June,Q2,Central,Minnesota,Frozen Pizza,Tombstone,Retail,Mass Market,25,6.99,174.75,8.74,166.01,35.05
ORD-103646,CUST-0709,16-06-2024,2024,6,June,Q2,West,Colorado,Coffee & Creamers,Nescafé,Retail,Health & Wellness,50,8.99,449.5,0,449.5,149
ORD-101155,CUST-0624,17-06-2024,2024,6,June,Q2,Central,Ohio,Frozen Pizza,DiGiorno,Online,Mass Market,10,7.99,79.9,11.99,67.92,16.14
ORD-101678,CUST-0641,17-06-2024,2024,6,June,Q2,East,Maryland,Frozen Pizza,Tombstone,Supermarket,Mass Market,75,6.99,524.25,78.64,445.61,104.15
ORD-104869,CUST-0739,17-06-2024,2024,6,June,Q2,Central,Wisconsin,Drinks,Nesquik,Online,Mass Market,20,6.49,129.8,2.6,127.2,28.41
ORD-101210,CUST-0370,18-06-2024,2024,6,June,Q2,South,North Carolina,Frozen Foods,Lean Cuisine,Convenience,Family,20,6.49,129.8,0,129.8,34.46
ORD-102357,CUST-0650,18-06-2024,2024,6,June,Q2,South,Georgia,Baking,Nestlé Toll House,Retail,Family,40,4.99,199.6,0,199.6,65.16
ORD-102456,CUST-0321,18-06-2024,2024,6,June,Q2,West,Colorado,Coffee & Creamers,Nescafé,Online,Family,10,8.99,89.9,0,89.9,26.26
ORD-104893,CUST-0315,18-06-2024,2024,6,June,Q2,Central,Missouri,Frozen Pizza,Tombstone,Retail,Premium,5,6.99,34.95,0,34.95,8.87
ORD-103125,CUST-0598,19-06-2024,2024,6,June,Q2,Central,Minnesota,Frozen Pizza,DiGiorno,Retail,Mass Market,15,7.99,119.85,0,119.85,30.06
ORD-103135,CUST-0043,19-06-2024,2024,6,June,Q2,West,Washington,Frozen Foods,Lean Cuisine,Supermarket,Mass Market,10,6.49,64.9,3.25,61.66,14.8
ORD-103539,CUST-0624,19-06-2024,2024,6,June,Q2,Central,Illinois,International Foods,Maggi,Online,Family,20,4.29,85.8,0,85.8,21.79
ORD-103870,CUST-0652,19-06-2024,2024,6,June,Q2,West,Oregon,Coffee & Creamers,Coffee mate,Online,Family,15,7.49,112.35,16.85,95.5,30.58
ORD-104992,CUST-0475,19-06-2024,2024,6,June,Q2,Central,Ohio,International Foods,Maggi,Wholesale,Premium,100,4.29,429,0,429,137.21
ORD-100767,CUST-0277,21-06-2024,2024,6,June,Q2,South,Georgia,Coffee & Creamers,Coffee mate,Online,Premium,5,7.49,37.45,1.87,35.58,9.75
ORD-104587,CUST-0391,21-06-2024,2024,6,June,Q2,East,Virginia,International Foods,Abuelita,Retail,Premium,10,5.49,54.9,8.24,46.67,13.13
ORD-100895,CUST-0387,22-06-2024,2024,6,June,Q2,Central,Illinois,Frozen Foods,Hot Pockets,Supermarket,Family,40,5.99,239.6,0,239.6,57.09
ORD-101103,CUST-0112,22-06-2024,2024,6,June,Q2,South,Texas,Baking,La Lechera,Wholesale,Family,75,4.49,336.75,67.35,269.4,75.96
ORD-101122,CUST-0398,22-06-2024,2024,6,June,Q2,South,Texas,Baking,Carnation,Retail,Health & Wellness,25,3.99,99.75,0,99.75,30.15
ORD-101298,CUST-0461,22-06-2024,2024,6,June,Q2,West,Arizona,Drinks,Nesquik,Online,Premium,30,6.49,194.7,0,194.7,46.37
ORD-103156,CUST-0595,22-06-2024,2024,6,June,Q2,Central,Minnesota,Drinks,Nesquik,Retail,Mass Market,20,6.49,129.8,25.96,103.84,24.73
ORD-103978,CUST-0539,22-06-2024,2024,6,June,Q2,Central,Missouri,International Foods,Abuelita,Convenience,Family,50,5.49,274.5,5.49,269.01,71.15
ORD-104375,CUST-0628,22-06-2024,2024,6,June,Q2,East,New Jersey,Frozen Foods,Lean Cuisine,Wholesale,Mass Market,20,6.49,129.8,25.96,103.84,26.2
ORD-104636,CUST-0739,22-06-2024,2024,6,June,Q2,South,Texas,Frozen Pizza,Tombstone,Wholesale,Family,25,6.99,174.75,34.95,139.8,37.58
ORD-100127,CUST-0066,23-06-2024,2024,6,June,Q2,South,Texas,Frozen Foods,Lean Cuisine,Wholesale,Mass Market,75,6.49,486.75,38.94,447.81,77.8
ORD-101997,CUST-0381,23-06-2024,2024,6,June,Q2,South,North Carolina,International Foods,Maggi,Supermarket,Family,5,4.29,21.45,1.07,20.38,5.24
ORD-100197,CUST-0265,24-06-2024,2024,6,June,Q2,Central,Wisconsin,Baking,La Lechera,Online,Mass Market,25,4.49,112.25,0,112.25,36.73
ORD-101074,CUST-0443,24-06-2024,2024,6,June,Q2,West,Colorado,Baking,Nestlé Toll House,Online,Family,5,4.99,24.95,1.25,23.7,5.18
ORD-103186,CUST-0781,24-06-2024,2024,6,June,Q2,Central,Ohio,Coffee & Creamers,Nescafé CLASICO,Convenience,Family,50,9.49,474.5,47.45,427.05,120.06
ORD-103195,CUST-0337,24-06-2024,2024,6,June,Q2,East,New York,Coffee & Creamers,Coffee mate,Retail,Family,50,7.49,374.5,18.73,355.78,94.06
ORD-100796,CUST-0743,25-06-2024,2024,6,June,Q2,South,Georgia,Frozen Pizza,Tombstone,Wholesale,Family,20,6.99,139.8,6.99,132.81,28.73
ORD-102164,CUST-0698,25-06-2024,2024,6,June,Q2,South,Louisiana,Baking,Nestlé Toll House,Supermarket,Mass Market,25,4.99,124.75,6.24,118.51,33.29
ORD-102759,CUST-0296,25-06-2024,2024,6,June,Q2,Central,Ohio,Baking,La Lechera,Retail,Health & Wellness,40,4.49,179.6,0,179.6,49.02
ORD-104091,CUST-0074,25-06-2024,2024,6,June,Q2,Central,Illinois,Coffee & Creamers,Nescafé,Wholesale,Mass Market,20,8.99,179.8,8.99,170.81,48.51
ORD-104386,CUST-0190,25-06-2024,2024,6,June,Q2,Central,Wisconsin,Coffee & Creamers,Nescafé CLASICO,Supermarket,Mass Market,30,9.49,284.7,0,284.7,66.45
ORD-104496,CUST-0337,25-06-2024,2024,6,June,Q2,Central,Minnesota,Baking,La Lechera,Supermarket,Health & Wellness,10,4.49,44.9,0,44.9,12.6
ORD-101226,CUST-0422,26-06-2024,2024,6,June,Q2,Central,Michigan,Coffee & Creamers,Coffee mate,Wholesale,Family,100,7.49,749,0,749,205.39
ORD-101694,CUST-0659,26-06-2024,2024,6,June,Q2,West,Washington,Baking,Carnation,Retail,Premium,40,3.99,159.6,15.96,143.64,47.35
ORD-104556,CUST-0149,26-06-2024,2024,6,June,Q2,Central,Missouri,Baking,La Lechera,Convenience,Family,40,4.49,179.6,17.96,161.64,49.76
ORD-100027,CUST-0576,27-06-2024,2024,6,June,Q2,West,Nevada,Frozen Foods,Stouffer's,Supermarket,Family,20,8.99,179.8,17.98,161.82,35.71
ORD-101908,CUST-0331,27-06-2024,2024,6,June,Q2,East,Pennsylvania,Baking,Carnation,Online,Mass Market,10,3.99,39.9,3.99,35.91,12.95
ORD-102179,CUST-0107,27-06-2024,2024,6,June,Q2,Central,Ohio,Drinks,Nesquik,Retail,Health & Wellness,25,6.49,162.25,8.11,154.14,41.37
ORD-103206,CUST-0341,27-06-2024,2024,6,June,Q2,South,Texas,Frozen Foods,Hot Pockets,Retail,Family,5,5.99,29.95,2.4,27.55,6.56
ORD-103401,CUST-0394,27-06-2024,2024,6,June,Q2,West,Washington,Frozen Foods,Lean Cuisine,Convenience,Family,5,6.49,32.45,0.65,31.8,6.92
ORD-104435,CUST-0711,27-06-2024,2024,6,June,Q2,West,Oregon,Coffee & Creamers,Nescafé CLASICO,Wholesale,Family,40,9.49,379.6,56.94,322.66,103.86
ORD-104448,CUST-0027,28-06-2024,2024,6,June,Q2,South,Texas,Coffee & Creamers,Nescafé,Convenience,Premium,40,8.99,359.6,0,359.6,83.98
ORD-104566,CUST-0340,28-06-2024,2024,6,June,Q2,South,Louisiana,Baking,La Lechera,Supermarket,Premium,25,4.49,112.25,5.61,106.64,35.39
ORD-102813,CUST-0768,29-06-2024,2024,6,June,Q2,Central,Missouri,Coffee & Creamers,Coffee mate,Retail,Family,25,7.49,187.25,18.73,168.52,48.54
ORD-102936,CUST-0134,29-06-2024,2024,6,June,Q2,West,Colorado,International Foods,El Mejor Nido,Online,Mass Market,10,8.49,84.9,6.79,78.11,20.56
ORD-104265,CUST-0385,29-06-2024,2024,6,June,Q2,Central,Illinois,Drinks,Milo,Convenience,Mass Market,20,5.99,119.8,9.58,110.22,27.09
ORD-103449,CUST-0563,30-06-2024,2024,6,June,Q2,Central,Michigan,Coffee & Creamers,Nescafé CLASICO,Wholesale,Mass Market,30,9.49,284.7,14.24,270.46,71.57
ORD-104017,CUST-0738,30-06-2024,2024,6,June,Q2,South,Florida,Drinks,Milo,Retail,Premium,75,5.99,449.25,44.92,404.32,72.57
ORD-100747,CUST-0776,01-07-2024,2024,7,July,Q3,East,New York,Coffee & Creamers,Nescafé,Supermarket,Mass Market,20,8.99,179.8,17.98,161.82,45.96
ORD-101296,CUST-0505,01-07-2024,2024,7,July,Q3,West,Colorado,International Foods,Maggi,Supermarket,Premium,20,4.29,85.8,0,85.8,23.6
ORD-102020,CUST-0759,02-07-2024,2024,7,July,Q3,Central,Michigan,Frozen Foods,Lean Cuisine,Wholesale,Mass Market,10,6.49,64.9,0,64.9,13.43
ORD-102037,CUST-0575,02-07-2024,2024,7,July,Q3,West,California,International Foods,El Mejor Nido,Wholesale,Mass Market,20,8.49,169.8,8.49,161.31,44.71
ORD-102200,CUST-0018,02-07-2024,2024,7,July,Q3,East,New York,International Foods,Abuelita,Online,Premium,25,5.49,137.25,13.73,123.52,34.27
ORD-102457,CUST-0044,02-07-2024,2024,7,July,Q3,East,Massachusetts,Frozen Pizza,DiGiorno,Supermarket,Family,30,7.99,239.7,11.99,227.72,62.78
ORD-102830,CUST-0210,02-07-2024,2024,7,July,Q3,West,Nevada,Coffee & Creamers,Nescafé,Retail,Family,100,8.99,899,89.9,809.1,224.86
ORD-104680,CUST-0113,02-07-2024,2024,7,July,Q3,Central,Wisconsin,International Foods,El Mejor Nido,Convenience,Family,5,8.49,42.45,2.12,40.33,11.66
ORD-101479,CUST-0096,03-07-2024,2024,7,July,Q3,South,North Carolina,Frozen Foods,Hot Pockets,Wholesale,Mass Market,15,5.99,89.85,4.49,85.36,19.74
ORD-101584,CUST-0273,03-07-2024,2024,7,July,Q3,East,New Jersey,Baking,Carnation,Retail,Mass Market,30,3.99,119.7,9.58,110.12,32.91
ORD-101885,CUST-0780,03-07-2024,2024,7,July,Q3,West,Washington,Baking,La Lechera,Supermarket,Premium,15,4.49,67.35,0,67.35,20.71
ORD-104220,CUST-0521,03-07-2024,2024,7,July,Q3,West,Oregon,International Foods,Maggi,Online,Mass Market,5,4.29,21.45,2.14,19.3,5.09
ORD-100362,CUST-0686,04-07-2024,2024,7,July,Q3,Central,Michigan,International Foods,Maggi,Online,Family,15,4.29,64.35,5.15,59.2,14.54
ORD-100543,CUST-0112,05-07-2024,2024,7,July,Q3,West,Colorado,Frozen Foods,Lean Cuisine,Wholesale,Premium,20,6.49,129.8,0,129.8,29.73
ORD-101408,CUST-0635,05-07-2024,2024,7,July,Q3,South,Florida,Frozen Foods,Hot Pockets,Supermarket,Health & Wellness,15,5.99,89.85,13.48,76.37,15.61
ORD-103149,CUST-0221,05-07-2024,2024,7,July,Q3,South,Florida,Frozen Pizza,Jack's Pizza,Retail,Premium,15,5.99,89.85,4.49,85.36,25.01
ORD-104621,CUST-0300,05-07-2024,2024,7,July,Q3,South,Louisiana,Frozen Pizza,DiGiorno,Retail,Mass Market,10,7.99,79.9,6.39,73.51,18.16
ORD-100242,CUST-0109,06-07-2024,2024,7,July,Q3,South,Louisiana,Baking,Carnation,Wholesale,Family,15,3.99,59.85,4.79,55.06,19.62
ORD-100407,CUST-0479,06-07-2024,2024,7,July,Q3,East,Maryland,Coffee & Creamers,Coffee mate,Retail,Mass Market,50,7.49,374.5,29.96,344.54,97.29
ORD-102259,CUST-0149,06-07-2024,2024,7,July,Q3,East,Maryland,International Foods,Abuelita,Retail,Mass Market,15,5.49,82.35,1.65,80.7,21.17
ORD-103726,CUST-0210,06-07-2024,2024,7,July,Q3,South,Louisiana,Coffee & Creamers,Nescafé,Convenience,Family,40,8.99,359.6,17.98,341.62,113.86
ORD-101560,CUST-0785,07-07-2024,2024,7,July,Q3,South,Georgia,Frozen Foods,Hot Pockets,Retail,Mass Market,5,5.99,29.95,1.5,28.45,5.53
ORD-104326,CUST-0739,07-07-2024,2024,7,July,Q3,South,Louisiana,Frozen Foods,Hot Pockets,Retail,Mass Market,100,5.99,599,29.95,569.05,127.19
ORD-104616,CUST-0385,07-07-2024,2024,7,July,Q3,East,New Jersey,Coffee & Creamers,Nescafé,Retail,Family,50,8.99,449.5,35.96,413.54,112.86
ORD-100190,CUST-0197,08-07-2024,2024,7,July,Q3,West,Nevada,Coffee & Creamers,Nescafé CLASICO,Retail,Family,20,9.49,189.8,3.8,186,48.1
ORD-102869,CUST-0080,08-07-2024,2024,7,July,Q3,East,Pennsylvania,Drinks,Nesquik,Retail,Health & Wellness,15,6.49,97.35,7.79,89.56,19.51
ORD-104944,CUST-0269,08-07-2024,2024,7,July,Q3,East,New York,Drinks,Nido,Convenience,Family,15,10.99,164.85,16.48,148.36,37.44
ORD-100172,CUST-0478,09-07-2024,2024,7,July,Q3,West,Washington,Drinks,Nido,Supermarket,Premium,30,10.99,329.7,16.48,313.21,71.58
ORD-103367,CUST-0335,09-07-2024,2024,7,July,Q3,East,Maryland,Frozen Pizza,Jack's Pizza,Retail,Mass Market,15,5.99,89.85,0,89.85,25.89
ORD-103540,CUST-0784,09-07-2024,2024,7,July,Q3,West,California,Coffee & Creamers,Nescafé CLASICO,Supermarket,Mass Market,15,9.49,142.35,7.12,135.23,41.9
ORD-103563,CUST-0084,09-07-2024,2024,7,July,Q3,West,Nevada,Baking,Nestlé Toll House,Retail,Mass Market,25,4.99,124.75,6.24,118.51,36.79
ORD-104664,CUST-0601,09-07-2024,2024,7,July,Q3,South,Texas,International Foods,Abuelita,Wholesale,Mass Market,75,5.49,411.75,41.18,370.58,99.27
ORD-103094,CUST-0351,10-07-2024,2024,7,July,Q3,South,Florida,Frozen Pizza,DiGiorno,Online,Mass Market,20,7.99,159.8,12.78,147.02,42.04
ORD-103715,CUST-0447,10-07-2024,2024,7,July,Q3,South,Georgia,Frozen Foods,Stouffer's,Online,Health & Wellness,5,8.99,44.95,6.74,38.21,7.94
ORD-100299,CUST-0507,11-07-2024,2024,7,July,Q3,Central,Missouri,Coffee & Creamers,Coffee mate,Convenience,Mass Market,20,7.49,149.8,7.49,142.31,34.71
ORD-100926,CUST-0014,11-07-2024,2024,7,July,Q3,West,Colorado,International Foods,Abuelita,Online,Mass Market,5,5.49,27.45,2.75,24.7,5.71
ORD-101283,CUST-0201,11-07-2024,2024,7,July,Q3,Central,Minnesota,Frozen Foods,Lean Cuisine,Retail,Mass Market,100,6.49,649,0,649,145.96
ORD-103930,CUST-0269,11-07-2024,2024,7,July,Q3,West,Nevada,Coffee & Creamers,Nescafé,Retail,Health & Wellness,15,8.99,134.85,6.74,128.11,39.01
ORD-104614,CUST-0526,11-07-2024,2024,7,July,Q3,West,Nevada,Frozen Pizza,Tombstone,Retail,Mass Market,25,6.99,174.75,26.21,148.54,43.71
ORD-101221,CUST-0464,12-07-2024,2024,7,July,Q3,South,North Carolina,Frozen Foods,Hot Pockets,Supermarket,Health & Wellness,25,5.99,149.75,11.98,137.77,38.81
ORD-102414,CUST-0529,12-07-2024,2024,7,July,Q3,West,Nevada,Coffee & Creamers,Nescafé CLASICO,Retail,Mass Market,10,9.49,94.9,7.59,87.31,23.55
ORD-103933,CUST-0374,12-07-2024,2024,7,July,Q3,Central,Missouri,Frozen Foods,Lean Cuisine,Retail,Family,10,6.49,64.9,5.19,59.71,15.84
ORD-100449,CUST-0039,13-07-2024,2024,7,July,Q3,East,Massachusetts,Frozen Foods,Hot Pockets,Online,Family,15,5.99,89.85,8.99,80.87,14.89
ORD-102754,CUST-0720,14-07-2024,2024,7,July,Q3,East,Virginia,International Foods,Maggi,Supermarket,Mass Market,30,4.29,128.7,12.87,115.83,30.99
ORD-103728,CUST-0279,14-07-2024,2024,7,July,Q3,West,Oregon,International Foods,Abuelita,Supermarket,Mass Market,30,5.49,164.7,3.29,161.41,43.33
ORD-103820,CUST-0285,14-07-2024,2024,7,July,Q3,East,Virginia,Frozen Foods,Stouffer's,Supermarket,Health & Wellness,10,8.99,89.9,4.5,85.4,15.66
ORD-104897,CUST-0675,14-07-2024,2024,7,July,Q3,West,Colorado,Frozen Foods,Lean Cuisine,Retail,Mass Market,10,6.49,64.9,9.74,55.17,10.5
ORD-101858,CUST-0211,16-07-2024,2024,7,July,Q3,East,Massachusetts,Coffee & Creamers,Coffee mate,Supermarket,Health & Wellness,100,7.49,749,112.35,636.65,215.82
ORD-104055,CUST-0763,16-07-2024,2024,7,July,Q3,South,Texas,Drinks,Nesquik,Retail,Family,40,6.49,259.6,12.98,246.62,63.7
ORD-104116,CUST-0547,16-07-2024,2024,7,July,Q3,East,Virginia,Drinks,Milo,Wholesale,Mass Market,25,5.99,149.75,14.98,134.78,32.01
ORD-104773,CUST-0251,16-07-2024,2024,7,July,Q3,West,Nevada,Coffee & Creamers,Nescafé CLASICO,Online,Family,30,9.49,284.7,22.78,261.92,77.3
ORD-100206,CUST-0594,17-07-2024,2024,7,July,Q3,West,Nevada,Coffee & Creamers,Coffee mate,Supermarket,Mass Market,5,7.49,37.45,0.75,36.7,10.12
ORD-102531,CUST-0615,17-07-2024,2024,7,July,Q3,Central,Michigan,Frozen Foods,Hot Pockets,Convenience,Mass Market,100,5.99,599,59.9,539.1,135.39
ORD-103562,CUST-0544,17-07-2024,2024,7,July,Q3,South,Florida,Frozen Foods,Stouffer's,Supermarket,Mass Market,40,8.99,359.6,17.98,341.62,75.04
ORD-103922,CUST-0164,17-07-2024,2024,7,July,Q3,East,New York,Drinks,Nesquik,Retail,Mass Market,20,6.49,129.8,10.38,119.42,30.27
ORD-104684,CUST-0442,17-07-2024,2024,7,July,Q3,East,Virginia,Coffee & Creamers,Nescafé CLASICO,Supermarket,Mass Market,20,9.49,189.8,15.18,174.62,55.47
ORD-100390,CUST-0735,18-07-2024,2024,7,July,Q3,South,Louisiana,Frozen Pizza,DiGiorno,Wholesale,Family,25,7.99,199.75,19.98,179.78,40.72
ORD-101045,CUST-0450,18-07-2024,2024,7,July,Q3,South,Florida,International Foods,Abuelita,Online,Health & Wellness,5,5.49,27.45,0,27.45,7.46
ORD-102573,CUST-0260,18-07-2024,2024,7,July,Q3,East,Virginia,Baking,La Lechera,Retail,Family,15,4.49,67.35,3.37,63.98,18.67
ORD-102879,CUST-0362,18-07-2024,2024,7,July,Q3,Central,Minnesota,Frozen Foods,Hot Pockets,Wholesale,Health & Wellness,30,5.99,179.7,0,179.7,45.11
ORD-102033,CUST-0749,19-07-2024,2024,7,July,Q3,East,New York,Frozen Pizza,DiGiorno,Supermarket,Health & Wellness,25,7.99,199.75,0,199.75,54.54
ORD-102900,CUST-0557,19-07-2024,2024,7,July,Q3,West,Colorado,Drinks,Nesquik,Convenience,Health & Wellness,15,6.49,97.35,4.87,92.48,18.57
ORD-103183,CUST-0746,19-07-2024,2024,7,July,Q3,East,New York,Drinks,Milo,Wholesale,Mass Market,30,5.99,179.7,8.99,170.72,42.84
ORD-103306,CUST-0732,20-07-2024,2024,7,July,Q3,East,Virginia,Drinks,Milo,Supermarket,Mass Market,10,5.99,59.9,8.99,50.92,12.3
ORD-104511,CUST-0059,20-07-2024,2024,7,July,Q3,West,Colorado,Coffee & Creamers,Nescafé,Online,Mass Market,20,8.99,179.8,26.97,152.83,39.18
ORD-101405,CUST-0178,21-07-2024,2024,7,July,Q3,Central,Missouri,Frozen Pizza,Tombstone,Supermarket,Mass Market,75,6.99,524.25,52.42,471.82,104.46
ORD-102333,CUST-0748,21-07-2024,2024,7,July,Q3,Central,Ohio,Frozen Foods,Hot Pockets,Supermarket,Health & Wellness,40,5.99,239.6,0,239.6,50.8
ORD-103128,CUST-0573,21-07-2024,2024,7,July,Q3,West,Nevada,Frozen Foods,Hot Pockets,Online,Mass Market,15,5.99,89.85,4.49,85.36,17.55
ORD-102605,CUST-0502,22-07-2024,2024,7,July,Q3,West,Arizona,Coffee & Creamers,Coffee mate,Online,Premium,20,7.49,149.8,3,146.8,43.33
ORD-103364,CUST-0238,22-07-2024,2024,7,July,Q3,West,Washington,International Foods,El Mejor Nido,Convenience,Mass Market,40,8.49,339.6,27.17,312.43,80.53
ORD-104038,CUST-0360,22-07-2024,2024,7,July,Q3,South,North Carolina,Coffee & Creamers,Coffee mate,Convenience,Family,75,7.49,561.75,28.09,533.66,141.85
ORD-104585,CUST-0523,22-07-2024,2024,7,July,Q3,Central,Minnesota,Coffee & Creamers,Nescafé,Retail,Family,50,8.99,449.5,0,449.5,115.28
ORD-102483,CUST-0602,23-07-2024,2024,7,July,Q3,South,Florida,Frozen Pizza,Tombstone,Retail,Premium,10,6.99,69.9,0,69.9,16.42
ORD-103047,CUST-0509,23-07-2024,2024,7,July,Q3,East,Virginia,International Foods,Maggi,Online,Mass Market,10,4.29,42.9,4.29,38.61,11.32
ORD-104990,CUST-0516,23-07-2024,2024,7,July,Q3,South,North Carolina,Frozen Pizza,Jack's Pizza,Supermarket,Family,30,5.99,179.7,8.99,170.72,46.32
ORD-101784,CUST-0681,24-07-2024,2024,7,July,Q3,Central,Minnesota,Frozen Pizza,DiGiorno,Retail,Mass Market,15,7.99,119.85,17.98,101.87,22.38
ORD-102466,CUST-0278,24-07-2024,2024,7,July,Q3,West,California,Frozen Foods,Hot Pockets,Retail,Mass Market,5,5.99,29.95,1.5,28.45,6.75
ORD-103270,CUST-0538,24-07-2024,2024,7,July,Q3,Central,Ohio,International Foods,Maggi,Supermarket,Health & Wellness,50,4.29,214.5,17.16,197.34,51.38
ORD-103536,CUST-0027,24-07-2024,2024,7,July,Q3,West,Washington,Frozen Foods,Lean Cuisine,Wholesale,Family,30,6.49,194.7,0,194.7,36.48
ORD-103760,CUST-0406,24-07-2024,2024,7,July,Q3,South,Tennessee,Frozen Pizza,Tombstone,Supermarket,Premium,25,6.99,174.75,13.98,160.77,44.96
ORD-104591,CUST-0579,24-07-2024,2024,7,July,Q3,Central,Illinois,Frozen Foods,Hot Pockets,Supermarket,Mass Market,5,5.99,29.95,1.5,28.45,5.65
ORD-104666,CUST-0271,24-07-2024,2024,7,July,Q3,Central,Illinois,Frozen Foods,Stouffer's,Supermarket,Mass Market,30,8.99,269.7,13.48,256.21,60.73
ORD-104078,CUST-0095,25-07-2024,2024,7,July,Q3,East,Virginia,Coffee & Creamers,Coffee mate,Supermarket,Premium,15,7.49,112.35,5.62,106.73,33.47
ORD-104770,CUST-0673,25-07-2024,2024,7,July,Q3,East,Virginia,Frozen Foods,Hot Pockets,Online,Mass Market,30,5.99,179.7,3.59,176.11,32.84
ORD-100216,CUST-0518,26-07-2024,2024,7,July,Q3,West,Arizona,Baking,Nestlé Toll House,Wholesale,Mass Market,100,4.99,499,24.95,474.05,143.09
ORD-101953,CUST-0120,26-07-2024,2024,7,July,Q3,Central,Minnesota,Frozen Pizza,DiGiorno,Online,Family,40,7.99,319.6,0,319.6,81.49
ORD-100952,CUST-0711,27-07-2024,2024,7,July,Q3,Central,Wisconsin,Frozen Foods,Hot Pockets,Wholesale,Family,20,5.99,119.8,17.97,101.83,24.56
ORD-101246,CUST-0329,27-07-2024,2024,7,July,Q3,Central,Illinois,Baking,Nestlé Toll House,Online,Family,30,4.99,149.7,0,149.7,49.09
ORD-102881,CUST-0229,27-07-2024,2024,7,July,Q3,East,New Jersey,International Foods,Abuelita,Retail,Mass Market,15,5.49,82.35,1.65,80.7,23.3
ORD-101204,CUST-0206,28-07-2024,2024,7,July,Q3,East,New York,Drinks,Nesquik,Retail,Premium,25,6.49,162.25,24.34,137.91,28.61
ORD-103803,CUST-0664,29-07-2024,2024,7,July,Q3,South,Florida,Frozen Pizza,Jack's Pizza,Supermarket,Mass Market,30,5.99,179.7,8.99,170.72,42.3
ORD-104151,CUST-0203,29-07-2024,2024,7,July,Q3,West,California,Frozen Foods,Lean Cuisine,Retail,Mass Market,30,6.49,194.7,0,194.7,42.7
ORD-104415,CUST-0537,29-07-2024,2024,7,July,Q3,East,New York,Drinks,Milo,Supermarket,Premium,25,5.99,149.75,7.49,142.26,38.79
ORD-101193,CUST-0370,30-07-2024,2024,7,July,Q3,East,New Jersey,Frozen Pizza,Tombstone,Online,Family,40,6.99,279.6,5.59,274.01,65.86
ORD-101200,CUST-0650,30-07-2024,2024,7,July,Q3,West,Arizona,Drinks,Milo,Online,Family,25,5.99,149.75,11.98,137.77,35.02
ORD-103150,CUST-0188,30-07-2024,2024,7,July,Q3,East,Maryland,Drinks,Nido,Supermarket,Health & Wellness,5,10.99,54.95,0,54.95,14.08
ORD-104205,CUST-0060,30-07-2024,2024,7,July,Q3,West,Colorado,Frozen Foods,Stouffer's,Wholesale,Family,5,8.99,44.95,0.9,44.05,8.42
ORD-104218,CUST-0745,30-07-2024,2024,7,July,Q3,East,Maryland,Frozen Pizza,Jack's Pizza,Retail,Mass Market,20,5.99,119.8,9.58,110.22,28.19
ORD-104562,CUST-0780,30-07-2024,2024,7,July,Q3,East,Pennsylvania,Coffee & Creamers,Coffee mate,Retail,Premium,25,7.49,187.25,18.73,168.52,53.65
ORD-101918,CUST-0519,31-07-2024,2024,7,July,Q3,Central,Illinois,Frozen Pizza,DiGiorno,Wholesale,Family,50,7.99,399.5,31.96,367.54,85.79
ORD-102369,CUST-0667,31-07-2024,2024,7,July,Q3,East,Massachusetts,Frozen Foods,Stouffer's,Retail,Family,5,8.99,44.95,0.9,44.05,9.35
ORD-103584,CUST-0024,31-07-2024,2024,7,July,Q3,South,Louisiana,Frozen Foods,Hot Pockets,Retail,Mass Market,50,5.99,299.5,29.95,269.55,60.55
ORD-101052,CUST-0514,01-08-2024,2024,8,August,Q3,Central,Ohio,Coffee & Creamers,Nescafé,Retail,Family,20,8.99,179.8,17.98,161.82,49.65
ORD-102476,CUST-0391,01-08-2024,2024,8,August,Q3,South,Tennessee,Frozen Foods,Stouffer's,Retail,Mass Market,50,8.99,449.5,22.48,427.02,96.11
ORD-103718,CUST-0482,01-08-2024,2024,8,August,Q3,West,California,Frozen Foods,Lean Cuisine,Wholesale,Family,40,6.49,259.6,0,259.6,43.17
ORD-103787,CUST-0088,01-08-2024,2024,8,August,Q3,Central,Minnesota,International Foods,Abuelita,Online,Health & Wellness,20,5.49,109.8,8.78,101.02,30.21
ORD-102395,CUST-0633,02-08-2024,2024,8,August,Q3,South,North Carolina,Drinks,Milo,Retail,Mass Market,10,5.99,59.9,4.79,55.11,11.7
ORD-102449,CUST-0090,02-08-2024,2024,8,August,Q3,West,Oregon,Drinks,Nido,Online,Premium,30,10.99,329.7,6.59,323.11,94.61
ORD-102530,CUST-0510,02-08-2024,2024,8,August,Q3,South,North Carolina,Coffee & Creamers,Nescafé,Convenience,Family,50,8.99,449.5,35.96,413.54,96.23
ORD-104280,CUST-0504,02-08-2024,2024,8,August,Q3,East,New York,Drinks,Nido,Retail,Health & Wellness,50,10.99,549.5,54.95,494.55,102.82
ORD-100314,CUST-0178,03-08-2024,2024,8,August,Q3,South,Florida,International Foods,Maggi,Supermarket,Health & Wellness,40,4.29,171.6,3.43,168.17,48.05
ORD-100773,CUST-0770,03-08-2024,2024,8,August,Q3,West,Colorado,Baking,Nestlé Toll House,Online,Premium,75,4.99,374.25,29.94,344.31,94.04
ORD-101821,CUST-0363,03-08-2024,2024,8,August,Q3,West,Oregon,Frozen Foods,Lean Cuisine,Wholesale,Mass Market,20,6.49,129.8,2.6,127.2,30.67
ORD-104132,CUST-0465,03-08-2024,2024,8,August,Q3,West,Oregon,Frozen Foods,Hot Pockets,Online,Mass Market,20,5.99,119.8,17.97,101.83,20.91
ORD-100347,CUST-0285,04-08-2024,2024,8,August,Q3,Central,Illinois,Coffee & Creamers,Coffee mate,Retail,Mass Market,40,7.49,299.6,23.97,275.63,76.76
ORD-100689,CUST-0499,04-08-2024,2024,8,August,Q3,South,Florida,Drinks,Nido,Wholesale,Premium,75,10.99,824.25,65.94,758.31,205.37
ORD-101449,CUST-0166,04-08-2024,2024,8,August,Q3,South,North Carolina,Coffee & Creamers,Nescafé,Retail,Family,10,8.99,89.9,7.19,82.71,21.58
ORD-103546,CUST-0586,04-08-2024,2024,8,August,Q3,West,California,Frozen Pizza,Tombstone,Retail,Health & Wellness,20,6.99,139.8,6.99,132.81,31.95
ORD-100136,CUST-0640,05-08-2024,2024,8,August,Q3,East,Pennsylvania,International Foods,Abuelita,Retail,Mass Market,20,5.49,109.8,5.49,104.31,29.19
ORD-100902,CUST-0085,05-08-2024,2024,8,August,Q3,West,Washington,Frozen Foods,Lean Cuisine,Supermarket,Mass Market,75,6.49,486.75,0,486.75,110.88
ORD-100954,CUST-0568,05-08-2024,2024,8,August,Q3,South,Florida,International Foods,Abuelita,Supermarket,Mass Market,25,5.49,137.25,2.74,134.5,33.15
ORD-101613,CUST-0041,05-08-2024,2024,8,August,Q3,Central,Michigan,Frozen Foods,Lean Cuisine,Online,Premium,20,6.49,129.8,19.47,110.33,24.38
ORD-102199,CUST-0109,05-08-2024,2024,8,August,Q3,Central,Wisconsin,Baking,La Lechera,Supermarket,Family,40,4.49,179.6,8.98,170.62,53.77
ORD-103017,CUST-0010,05-08-2024,2024,8,August,Q3,Central,Missouri,International Foods,Abuelita,Convenience,Mass Market,25,5.49,137.25,0,137.25,36.06
ORD-104579,CUST-0667,05-08-2024,2024,8,August,Q3,South,Georgia,Coffee & Creamers,Nescafé,Retail,Premium,15,8.99,134.85,0,134.85,33.35
ORD-100846,CUST-0104,06-08-2024,2024,8,August,Q3,East,Massachusetts,Frozen Foods,Hot Pockets,Retail,Premium,10,5.99,59.9,11.98,47.92,9.26
ORD-104139,CUST-0773,06-08-2024,2024,8,August,Q3,Central,Missouri,International Foods,Abuelita,Supermarket,Mass Market,50,5.49,274.5,5.49,269.01,83.69
ORD-104397,CUST-0362,06-08-2024,2024,8,August,Q3,East,New Jersey,International Foods,El Mejor Nido,Supermarket,Family,20,8.49,169.8,13.58,156.22,35.27
ORD-104837,CUST-0552,06-08-2024,2024,8,August,Q3,East,New York,Drinks,Nesquik,Online,Mass Market,100,6.49,649,51.92,597.08,152.5
ORD-101158,CUST-0420,07-08-2024,2024,8,August,Q3,South,Georgia,Coffee & Creamers,Coffee mate,Supermarket,Mass Market,25,7.49,187.25,0,187.25,52.79
ORD-101741,CUST-0099,07-08-2024,2024,8,August,Q3,South,North Carolina,Coffee & Creamers,Coffee mate,Retail,Mass Market,20,7.49,149.8,0,149.8,38.24
ORD-103193,CUST-0209,07-08-2024,2024,8,August,Q3,South,Louisiana,Frozen Pizza,Tombstone,Supermarket,Mass Market,25,6.99,174.75,17.48,157.28,38.28
ORD-104173,CUST-0402,07-08-2024,2024,8,August,Q3,East,Massachusetts,Drinks,Nido,Retail,Mass Market,40,10.99,439.6,43.96,395.64,101.27
ORD-102104,CUST-0643,08-08-2024,2024,8,August,Q3,Central,Wisconsin,Frozen Pizza,Tombstone,Online,Mass Market,25,6.99,174.75,17.48,157.28,38.91
ORD-103106,CUST-0080,08-08-2024,2024,8,August,Q3,East,New York,Baking,Carnation,Online,Premium,5,3.99,19.95,1.6,18.35,5.5
ORD-103597,CUST-0449,08-08-2024,2024,8,August,Q3,West,Colorado,Frozen Foods,Stouffer's,Supermarket,Mass Market,10,8.99,89.9,13.49,76.42,19.62
ORD-100467,CUST-0174,09-08-2024,2024,8,August,Q3,East,Maryland,Drinks,Nesquik,Retail,Family,25,6.49,162.25,12.98,149.27,39.87
ORD-101319,CUST-0008,09-08-2024,2024,8,August,Q3,West,Washington,International Foods,Maggi,Supermarket,Premium,30,4.29,128.7,19.3,109.4,30.97
ORD-102543,CUST-0675,09-08-2024,2024,8,August,Q3,South,Louisiana,Frozen Foods,Hot Pockets,Supermarket,Family,100,5.99,599,47.92,551.08,113.65
ORD-103625,CUST-0209,09-08-2024,2024,8,August,Q3,West,California,Coffee & Creamers,Coffee mate,Retail,Mass Market,30,7.49,224.7,22.47,202.23,43.53
ORD-104140,CUST-0587,09-08-2024,2024,8,August,Q3,Central,Minnesota,Coffee & Creamers,Nescafé CLASICO,Online,Mass Market,15,9.49,142.35,2.85,139.5,42.4
ORD-102173,CUST-0554,10-08-2024,2024,8,August,Q3,West,Washington,Coffee & Creamers,Coffee mate,Supermarket,Family,100,7.49,749,37.45,711.55,175.03
ORD-104369,CUST-0649,10-08-2024,2024,8,August,Q3,West,Nevada,Coffee & Creamers,Nescafé,Supermarket,Mass Market,10,8.99,89.9,13.49,76.42,22.03
ORD-104822,CUST-0719,10-08-2024,2024,8,August,Q3,East,Maryland,Frozen Foods,Stouffer's,Convenience,Health & Wellness,15,8.99,134.85,6.74,128.11,25.78
ORD-101128,CUST-0594,11-08-2024,2024,8,August,Q3,East,Massachusetts,Drinks,Nido,Supermarket,Family,30,10.99,329.7,6.59,323.11,70.46
ORD-101577,CUST-0159,11-08-2024,2024,8,August,Q3,West,Arizona,Baking,Carnation,Wholesale,Health & Wellness,5,3.99,19.95,1.6,18.35,4.65
ORD-102116,CUST-0757,11-08-2024,2024,8,August,Q3,West,Oregon,Baking,Nestlé Toll House,Wholesale,Mass Market,100,4.99,499,74.85,424.15,136.81
ORD-102848,CUST-0091,11-08-2024,2024,8,August,Q3,West,Colorado,Baking,La Lechera,Convenience,Mass Market,5,4.49,22.45,2.25,20.21,6.98
ORD-103015,CUST-0396,11-08-2024,2024,8,August,Q3,Central,Minnesota,Frozen Pizza,DiGiorno,Convenience,Premium,40,7.99,319.6,0,319.6,71.4
ORD-100225,CUST-0732,12-08-2024,2024,8,August,Q3,West,California,Baking,Carnation,Online,Mass Market,100,3.99,399,31.92,367.08,99.21
ORD-100415,CUST-0764,12-08-2024,2024,8,August,Q3,Central,Minnesota,Baking,La Lechera,Supermarket,Family,50,4.49,224.5,33.67,190.82,60.37
ORD-100445,CUST-0355,12-08-2024,2024,8,August,Q3,South,Florida,Coffee & Creamers,Nescafé CLASICO,Retail,Health & Wellness,5,9.49,47.45,2.37,45.08,15.34
ORD-100829,CUST-0113,12-08-2024,2024,8,August,Q3,Central,Minnesota,Frozen Pizza,Jack's Pizza,Supermarket,Family,50,5.99,299.5,29.95,269.55,59.9
ORD-100932,CUST-0052,12-08-2024,2024,8,August,Q3,South,Georgia,Frozen Foods,Lean Cuisine,Retail,Family,15,6.49,97.35,0,97.35,20.53
ORD-101484,CUST-0081,12-08-2024,2024,8,August,Q3,West,California,Frozen Pizza,Tombstone,Supermarket,Family,25,6.99,174.75,8.74,166.01,45.84
ORD-101637,CUST-0055,12-08-2024,2024,8,August,Q3,East,Maryland,Drinks,Milo,Wholesale,Premium,10,5.99,59.9,5.99,53.91,11.82
ORD-102153,CUST-0694,12-08-2024,2024,8,August,Q3,Central,Minnesota,Drinks,Nesquik,Online,Health & Wellness,20,6.49,129.8,10.38,119.42,24.94
ORD-102911,CUST-0274,12-08-2024,2024,8,August,Q3,West,Oregon,Drinks,Nesquik,Online,Mass Market,10,6.49,64.9,9.74,55.17,10.62
ORD-103823,CUST-0634,12-08-2024,2024,8,August,Q3,South,Tennessee,Drinks,Nesquik,Wholesale,Premium,20,6.49,129.8,10.38,119.42,26.74
ORD-104137,CUST-0756,12-08-2024,2024,8,August,Q3,Central,Illinois,Frozen Pizza,Jack's Pizza,Convenience,Premium,50,5.99,299.5,29.95,269.55,65.86
ORD-102814,CUST-0202,13-08-2024,2024,8,August,Q3,West,Nevada,Drinks,Nido,Wholesale,Mass Market,20,10.99,219.8,43.96,175.84,43.64
ORD-103235,CUST-0607,13-08-2024,2024,8,August,Q3,East,Pennsylvania,Frozen Pizza,DiGiorno,Retail,Health & Wellness,15,7.99,119.85,9.59,110.26,26.7
ORD-103765,CUST-0751,13-08-2024,2024,8,August,Q3,East,Pennsylvania,Frozen Pizza,Tombstone,Supermarket,Mass Market,25,6.99,174.75,17.48,157.28,44.56
ORD-101622,CUST-0474,14-08-2024,2024,8,August,Q3,West,Oregon,Coffee & Creamers,Coffee mate,Supermarket,Mass Market,20,7.49,149.8,3,146.8,42.34
ORD-101911,CUST-0510,14-08-2024,2024,8,August,Q3,East,Pennsylvania,International Foods,Maggi,Online,Premium,75,4.29,321.75,64.35,257.4,58.92
ORD-103653,CUST-0237,14-08-2024,2024,8,August,Q3,South,Louisiana,Coffee & Creamers,Coffee mate,Supermarket,Mass Market,25,7.49,187.25,9.36,177.89,49.88
ORD-102903,CUST-0492,15-08-2024,2024,8,August,Q3,West,Arizona,Baking,Nestlé Toll House,Wholesale,Mass Market,10,4.99,49.9,3.99,45.91,12.73
ORD-103246,CUST-0747,15-08-2024,2024,8,August,Q3,West,Colorado,International Foods,Maggi,Supermarket,Family,5,4.29,21.45,1.07,20.38,4.61
ORD-103643,CUST-0364,15-08-2024,2024,8,August,Q3,East,New Jersey,International Foods,Maggi,Retail,Mass Market,20,4.29,85.8,0,85.8,21.35
ORD-101383,CUST-0112,16-08-2024,2024,8,August,Q3,South,North Carolina,Frozen Pizza,DiGiorno,Retail,Family,50,7.99,399.5,31.96,367.54,89.07
ORD-101965,CUST-0657,16-08-2024,2024,8,August,Q3,Central,Missouri,Frozen Foods,Stouffer's,Online,Mass Market,50,8.99,449.5,44.95,404.55,93.81
ORD-102823,CUST-0360,16-08-2024,2024,8,August,Q3,Central,Ohio,International Foods,Maggi,Supermarket,Family,5,4.29,21.45,2.14,19.3,5.02
ORD-103545,CUST-0178,16-08-2024,2024,8,August,Q3,South,North Carolina,Baking,La Lechera,Retail,Mass Market,50,4.49,224.5,4.49,220.01,67.69
ORD-102688,CUST-0594,17-08-2024,2024,8,August,Q3,East,Maryland,Baking,La Lechera,Supermarket,Family,20,4.49,89.8,4.49,85.31,25.65
ORD-103431,CUST-0480,17-08-2024,2024,8,August,Q3,Central,Illinois,Baking,Carnation,Supermarket,Mass Market,100,3.99,399,39.9,359.1,106.21
ORD-101707,CUST-0236,18-08-2024,2024,8,August,Q3,Central,Michigan,Frozen Foods,Lean Cuisine,Wholesale,Health & Wellness,100,6.49,649,12.98,636.02,135.52
ORD-102498,CUST-0685,18-08-2024,2024,8,August,Q3,South,North Carolina,Frozen Pizza,Jack's Pizza,Online,Mass Market,20,5.99,119.8,11.98,107.82,28.06
ORD-103063,CUST-0756,18-08-2024,2024,8,August,Q3,Central,Michigan,Frozen Foods,Lean Cuisine,Supermarket,Family,10,6.49,64.9,9.74,55.17,13.6
ORD-103798,CUST-0046,18-08-2024,2024,8,August,Q3,West,Oregon,International Foods,Maggi,Online,Health & Wellness,25,4.29,107.25,0,107.25,28.59
ORD-104790,CUST-0103,18-08-2024,2024,8,August,Q3,East,Massachusetts,Drinks,Nesquik,Supermarket,Premium,10,6.49,64.9,6.49,58.41,14.9
ORD-100866,CUST-0341,19-08-2024,2024,8,August,Q3,Central,Wisconsin,Coffee & Creamers,Coffee mate,Convenience,Family,40,7.49,299.6,14.98,284.62,90.55
ORD-100801,CUST-0121,20-08-2024,2024,8,August,Q3,Central,Missouri,Drinks,Nesquik,Supermarket,Mass Market,20,6.49,129.8,12.98,116.82,24.92
ORD-101838,CUST-0562,20-08-2024,2024,8,August,Q3,East,New Jersey,Drinks,Nido,Supermarket,Premium,50,10.99,549.5,10.99,538.51,128.42
ORD-101902,CUST-0552,20-08-2024,2024,8,August,Q3,West,Nevada,Baking,Carnation,Wholesale,Mass Market,5,3.99,19.95,0.4,19.55,5.88
ORD-102101,CUST-0790,20-08-2024,2024,8,August,Q3,South,North Carolina,Coffee & Creamers,Coffee mate,Supermarket,Mass Market,5,7.49,37.45,0,37.45,9.82
ORD-102415,CUST-0612,20-08-2024,2024,8,August,Q3,East,New York,Coffee & Creamers,Nescafé CLASICO,Supermarket,Family,75,9.49,711.75,35.59,676.16,196.7
ORD-103435,CUST-0690,20-08-2024,2024,8,August,Q3,Central,Michigan,Frozen Foods,Stouffer's,Retail,Family,10,8.99,89.9,1.8,88.1,22.8
ORD-104118,CUST-0788,20-08-2024,2024,8,August,Q3,East,Virginia,Baking,La Lechera,Wholesale,Premium,5,4.49,22.45,2.25,20.21,5.64
ORD-100250,CUST-0591,22-08-2024,2024,8,August,Q3,South,Tennessee,Drinks,Milo,Online,Family,40,5.99,239.6,35.94,203.66,48.29
ORD-100832,CUST-0360,22-08-2024,2024,8,August,Q3,East,Massachusetts,Baking,Nestlé Toll House,Supermarket,Premium,15,4.99,74.85,0,74.85,23.17
ORD-101336,CUST-0457,22-08-2024,2024,8,August,Q3,Central,Illinois,Baking,Carnation,Supermarket,Premium,50,3.99,199.5,0,199.5,59.96
ORD-102578,CUST-0461,22-08-2024,2024,8,August,Q3,Central,Minnesota,Frozen Foods,Stouffer's,Convenience,Health & Wellness,30,8.99,269.7,13.48,256.21,63.38
ORD-101012,CUST-0566,23-08-2024,2024,8,August,Q3,South,Georgia,Frozen Foods,Stouffer's,Wholesale,Family,30,8.99,269.7,13.48,256.21,49.92
ORD-101647,CUST-0286,23-08-2024,2024,8,August,Q3,West,Colorado,Frozen Pizza,DiGiorno,Supermarket,Family,20,7.99,159.8,12.78,147.02,39.16
ORD-103592,CUST-0303,23-08-2024,2024,8,August,Q3,West,Arizona,Frozen Pizza,DiGiorno,Retail,Premium,50,7.99,399.5,0,399.5,109.52
ORD-103602,CUST-0408,23-08-2024,2024,8,August,Q3,Central,Ohio,Baking,Carnation,Retail,Mass Market,10,3.99,39.9,5.98,33.92,10.58
ORD-103858,CUST-0216,23-08-2024,2024,8,August,Q3,Central,Missouri,Baking,Nestlé Toll House,Retail,Health & Wellness,25,4.99,124.75,2.5,122.26,36.89
ORD-104272,CUST-0002,23-08-2024,2024,8,August,Q3,South,Louisiana,Frozen Pizza,Jack's Pizza,Supermarket,Premium,50,5.99,299.5,0,299.5,87.13
ORD-100905,CUST-0418,24-08-2024,2024,8,August,Q3,East,New York,Coffee & Creamers,Nescafé CLASICO,Supermarket,Premium,25,9.49,237.25,35.59,201.66,55.57
ORD-101082,CUST-0149,24-08-2024,2024,8,August,Q3,West,Washington,International Foods,El Mejor Nido,Supermarket,Premium,40,8.49,339.6,0,339.6,81.31
ORD-103300,CUST-0485,24-08-2024,2024,8,August,Q3,South,Georgia,Frozen Pizza,DiGiorno,Retail,Health & Wellness,75,7.99,599.25,29.96,569.29,158.91
ORD-103733,CUST-0308,24-08-2024,2024,8,August,Q3,East,Massachusetts,Frozen Foods,Lean Cuisine,Convenience,Family,100,6.49,649,32.45,616.55,144.21
ORD-104526,CUST-0327,24-08-2024,2024,8,August,Q3,East,Virginia,Baking,La Lechera,Supermarket,Family,25,4.49,112.25,8.98,103.27,30.84
ORD-100223,CUST-0007,25-08-2024,2024,8,August,Q3,West,Oregon,Drinks,Milo,Retail,Premium,100,5.99,599,11.98,587.02,126.87
ORD-104354,CUST-0684,25-08-2024,2024,8,August,Q3,South,Florida,International Foods,El Mejor Nido,Online,Mass Market,25,8.49,212.25,0,212.25,56.39
ORD-101561,CUST-0295,26-08-2024,2024,8,August,Q3,East,Virginia,Coffee & Creamers,Coffee mate,Online,Health & Wellness,50,7.49,374.5,0,374.5,97.41
ORD-100233,CUST-0520,27-08-2024,2024,8,August,Q3,Central,Minnesota,International Foods,Maggi,Supermarket,Family,15,4.29,64.35,0,64.35,16.57
ORD-102478,CUST-0655,27-08-2024,2024,8,August,Q3,South,North Carolina,Frozen Foods,Hot Pockets,Retail,Family,100,5.99,599,0,599,138.6
ORD-102960,CUST-0528,27-08-2024,2024,8,August,Q3,South,North Carolina,Coffee & Creamers,Nescafé,Retail,Premium,40,8.99,359.6,7.19,352.41,102.19
ORD-103154,CUST-0710,27-08-2024,2024,8,August,Q3,East,New Jersey,Drinks,Nido,Retail,Premium,30,10.99,329.7,32.97,296.73,76.14
ORD-100606,CUST-0726,28-08-2024,2024,8,August,Q3,East,Virginia,Frozen Pizza,DiGiorno,Wholesale,Family,30,7.99,239.7,35.96,203.74,48.62
ORD-102847,CUST-0388,28-08-2024,2024,8,August,Q3,South,Georgia,Frozen Foods,Lean Cuisine,Supermarket,Family,25,6.49,162.25,8.11,154.14,38.68
ORD-104765,CUST-0494,28-08-2024,2024,8,August,Q3,Central,Missouri,Frozen Foods,Stouffer's,Supermarket,Mass Market,5,8.99,44.95,2.25,42.7,9.54
ORD-100090,CUST-0619,29-08-2024,2024,8,August,Q3,East,New Jersey,Coffee & Creamers,Nescafé CLASICO,Convenience,Health & Wellness,20,9.49,189.8,0,189.8,50.98
ORD-101891,CUST-0683,29-08-2024,2024,8,August,Q3,West,Arizona,Frozen Foods,Hot Pockets,Convenience,Mass Market,15,5.99,89.85,7.19,82.66,16.8
ORD-100855,CUST-0527,30-08-2024,2024,8,August,Q3,West,California,Frozen Pizza,Jack's Pizza,Supermarket,Premium,40,5.99,239.6,4.79,234.81,61.52
ORD-103269,CUST-0325,30-08-2024,2024,8,August,Q3,Central,Ohio,International Foods,Maggi,Retail,Family,15,4.29,64.35,9.65,54.7,16.05
ORD-104064,CUST-0235,30-08-2024,2024,8,August,Q3,West,Washington,Frozen Pizza,Jack's Pizza,Supermarket,Premium,40,5.99,239.6,19.17,220.43,57.04
ORD-104872,CUST-0195,30-08-2024,2024,8,August,Q3,West,Washington,Drinks,Nido,Retail,Mass Market,20,10.99,219.8,17.58,202.22,39.47
ORD-100713,CUST-0270,31-08-2024,2024,8,August,Q3,East,Virginia,Drinks,Nesquik,Online,Family,30,6.49,194.7,29.2,165.5,41.68
ORD-102221,CUST-0349,31-08-2024,2024,8,August,Q3,Central,Minnesota,Coffee & Creamers,Nescafé CLASICO,Online,Health & Wellness,20,9.49,189.8,3.8,186,56.97
ORD-103371,CUST-0411,31-08-2024,2024,8,August,Q3,West,California,Frozen Pizza,Tombstone,Retail,Health & Wellness,30,6.99,209.7,10.49,199.22,39.45
ORD-102381,CUST-0610,01-09-2024,2024,9,September,Q3,South,Florida,Frozen Foods,Lean Cuisine,Supermarket,Mass Market,10,6.49,64.9,3.25,61.66,13.6
ORD-102402,CUST-0554,01-09-2024,2024,9,September,Q3,West,Nevada,Frozen Foods,Stouffer's,Online,Family,40,8.99,359.6,17.98,341.62,68.64
ORD-101407,CUST-0751,02-09-2024,2024,9,September,Q3,South,Florida,Frozen Foods,Stouffer's,Convenience,Premium,15,8.99,134.85,13.48,121.36,24.01
ORD-101480,CUST-0662,02-09-2024,2024,9,September,Q3,East,New Jersey,Coffee & Creamers,Coffee mate,Retail,Health & Wellness,25,7.49,187.25,14.98,172.27,44.72
ORD-102719,CUST-0452,02-09-2024,2024,9,September,Q3,South,Texas,Coffee & Creamers,Nescafé CLASICO,Online,Mass Market,30,9.49,284.7,5.69,279.01,93.52
ORD-103492,CUST-0096,02-09-2024,2024,9,September,Q3,Central,Ohio,Frozen Foods,Stouffer's,Convenience,Mass Market,25,8.99,224.75,4.5,220.26,47.8
ORD-103513,CUST-0314,02-09-2024,2024,9,September,Q3,South,Georgia,Frozen Foods,Lean Cuisine,Wholesale,Mass Market,5,6.49,32.45,0,32.45,7.07
ORD-102745,CUST-0546,03-09-2024,2024,9,September,Q3,Central,Illinois,Baking,Carnation,Supermarket,Mass Market,75,3.99,299.25,29.92,269.32,81.76
ORD-103633,CUST-0111,03-09-2024,2024,9,September,Q3,East,New Jersey,International Foods,Maggi,Wholesale,Mass Market,40,4.29,171.6,3.43,168.17,52.54
ORD-100162,CUST-0080,04-09-2024,2024,9,September,Q3,Central,Minnesota,Coffee & Creamers,Nescafé,Online,Premium,75,8.99,674.25,134.85,539.4,155.77
ORD-102710,CUST-0613,04-09-2024,2024,9,September,Q3,East,Massachusetts,International Foods,Maggi,Supermarket,Family,20,4.29,85.8,12.87,72.93,18.24
ORD-104021,CUST-0731,04-09-2024,2024,9,September,Q3,East,Massachusetts,Drinks,Nesquik,Supermarket,Family,20,6.49,129.8,12.98,116.82,31.4
ORD-101799,CUST-0575,05-09-2024,2024,9,September,Q3,West,Nevada,Coffee & Creamers,Nescafé,Online,Mass Market,75,8.99,674.25,67.42,606.83,117.51
ORD-103515,CUST-0023,05-09-2024,2024,9,September,Q3,South,North Carolina,Baking,Carnation,Online,Family,30,3.99,119.7,17.95,101.74,23.46
ORD-103705,CUST-0184,05-09-2024,2024,9,September,Q3,South,Louisiana,Baking,Nestlé Toll House,Wholesale,Mass Market,5,4.99,24.95,3.74,21.21,5.83
ORD-100578,CUST-0599,06-09-2024,2024,9,September,Q3,South,Florida,Frozen Pizza,Tombstone,Wholesale,Mass Market,5,6.99,34.95,0.7,34.25,7.3
ORD-101924,CUST-0293,06-09-2024,2024,9,September,Q3,East,Virginia,Drinks,Nesquik,Supermarket,Mass Market,25,6.49,162.25,12.98,149.27,42.65
ORD-104686,CUST-0022,06-09-2024,2024,9,September,Q3,East,Pennsylvania,Baking,Carnation,Retail,Mass Market,40,3.99,159.6,7.98,151.62,40.69
ORD-101034,CUST-0003,07-09-2024,2024,9,September,Q3,West,California,Coffee & Creamers,Coffee mate,Retail,Family,40,7.49,299.6,44.94,254.66,68.41
ORD-101715,CUST-0444,07-09-2024,2024,9,September,Q3,West,Colorado,Frozen Foods,Stouffer's,Online,Mass Market,50,8.99,449.5,22.48,427.02,91.3
ORD-104489,CUST-0743,07-09-2024,2024,9,September,Q3,South,North Carolina,Drinks,Nido,Convenience,Mass Market,15,10.99,164.85,0,164.85,34.88
ORD-104858,CUST-0229,07-09-2024,2024,9,September,Q3,South,Florida,Frozen Foods,Stouffer's,Online,Family,75,8.99,674.25,13.48,660.76,120.14
ORD-100290,CUST-0465,08-09-2024,2024,9,September,Q3,Central,Wisconsin,Baking,La Lechera,Online,Premium,40,4.49,179.6,14.37,165.23,50.95
ORD-103682,CUST-0672,08-09-2024,2024,9,September,Q3,West,Washington,Frozen Pizza,DiGiorno,Convenience,Mass Market,40,7.99,319.6,25.57,294.03,63.22
ORD-100071,CUST-0291,09-09-2024,2024,9,September,Q3,South,North Carolina,Drinks,Nesquik,Wholesale,Health & Wellness,75,6.49,486.75,0,486.75,128.8
ORD-102784,CUST-0489,09-09-2024,2024,9,September,Q3,South,Florida,Baking,La Lechera,Wholesale,Mass Market,15,4.49,67.35,5.39,61.96,19.22
ORD-104315,CUST-0429,09-09-2024,2024,9,September,Q3,South,Tennessee,Coffee & Creamers,Nescafé,Supermarket,Family,10,8.99,89.9,8.99,80.91,21.61
ORD-101978,CUST-0455,10-09-2024,2024,9,September,Q3,East,New Jersey,Frozen Pizza,DiGiorno,Supermarket,Health & Wellness,30,7.99,239.7,11.99,227.72,46.4
ORD-103966,CUST-0498,10-09-2024,2024,9,September,Q3,South,Georgia,Frozen Foods,Lean Cuisine,Supermarket,Premium,50,6.49,324.5,0,324.5,64.94
ORD-104172,CUST-0291,10-09-2024,2024,9,September,Q3,South,North Carolina,Drinks,Milo,Supermarket,Health & Wellness,20,5.99,119.8,2.4,117.4,26.41
ORD-100001,CUST-0138,11-09-2024,2024,9,September,Q3,East,Virginia,International Foods,El Mejor Nido,Retail,Mass Market,25,8.49,212.25,21.22,191.02,45.46
ORD-100749,CUST-0244,11-09-2024,2024,9,September,Q3,South,North Carolina,Frozen Foods,Hot Pockets,Retail,Family,15,5.99,89.85,4.49,85.36,19.14
ORD-101444,CUST-0604,11-09-2024,2024,9,September,Q3,East,Massachusetts,Frozen Pizza,DiGiorno,Online,Premium,15,7.99,119.85,5.99,113.86,29.99
ORD-101766,CUST-0743,11-09-2024,2024,9,September,Q3,East,Virginia,Frozen Pizza,Tombstone,Wholesale,Family,20,6.99,139.8,11.18,128.62,33.1
ORD-102266,CUST-0653,11-09-2024,2024,9,September,Q3,Central,Wisconsin,Baking,Carnation,Convenience,Mass Market,40,3.99,159.6,0,159.6,50.83
ORD-102293,CUST-0545,11-09-2024,2024,9,September,Q3,West,California,Frozen Foods,Hot Pockets,Retail,Mass Market,50,5.99,299.5,5.99,293.51,49.75
ORD-102372,CUST-0762,12-09-2024,2024,9,September,Q3,South,Texas,Frozen Pizza,Tombstone,Convenience,Family,20,6.99,139.8,27.96,111.84,27.06
ORD-102805,CUST-0666,13-09-2024,2024,9,September,Q3,Central,Minnesota,Frozen Foods,Hot Pockets,Supermarket,Family,40,5.99,239.6,0,239.6,45.69
ORD-100364,CUST-0126,14-09-2024,2024,9,September,Q3,Central,Wisconsin,International Foods,El Mejor Nido,Retail,Mass Market,10,8.49,84.9,4.24,80.66,24.72
ORD-100825,CUST-0500,14-09-2024,2024,9,September,Q3,Central,Minnesota,Frozen Foods,Lean Cuisine,Online,Mass Market,40,6.49,259.6,25.96,233.64,47.14
ORD-101279,CUST-0780,14-09-2024,2024,9,September,Q3,West,Nevada,Drinks,Milo,Supermarket,Mass Market,10,5.99,59.9,4.79,55.11,11.79
ORD-103325,CUST-0770,14-09-2024,2024,9,September,Q3,South,Texas,International Foods,El Mejor Nido,Retail,Mass Market,40,8.49,339.6,6.79,332.81,78.27
ORD-103734,CUST-0503,14-09-2024,2024,9,September,Q3,East,Virginia,Frozen Foods,Hot Pockets,Supermarket,Health & Wellness,15,5.99,89.85,1.8,88.05,19.23
ORD-100296,CUST-0405,15-09-2024,2024,9,September,Q3,Central,Minnesota,Frozen Foods,Hot Pockets,Retail,Health & Wellness,10,5.99,59.9,4.79,55.11,13.43
ORD-102063,CUST-0674,15-09-2024,2024,9,September,Q3,South,North Carolina,Frozen Pizza,Jack's Pizza,Convenience,Family,5,5.99,29.95,0,29.95,6.97
ORD-102074,CUST-0657,15-09-2024,2024,9,September,Q3,South,Georgia,International Foods,Maggi,Retail,Mass Market,30,4.29,128.7,10.3,118.4,33.19
ORD-104420,CUST-0631,15-09-2024,2024,9,September,Q3,West,Nevada,International Foods,El Mejor Nido,Supermarket,Family,10,8.49,84.9,8.49,76.41,20.79
ORD-101796,CUST-0081,16-09-2024,2024,9,September,Q3,West,Washington,Baking,Nestlé Toll House,Supermarket,Family,50,4.99,249.5,4.99,244.51,70.31
ORD-104082,CUST-0172,16-09-2024,2024,9,September,Q3,West,Washington,Coffee & Creamers,Nescafé,Online,Family,20,8.99,179.8,14.38,165.42,48.89
ORD-102231,CUST-0336,17-09-2024,2024,9,September,Q3,Central,Ohio,International Foods,Abuelita,Online,Mass Market,10,5.49,54.9,1.1,53.8,16.05
ORD-103652,CUST-0694,17-09-2024,2024,9,September,Q3,East,Pennsylvania,International Foods,El Mejor Nido,Wholesale,Health & Wellness,25,8.49,212.25,10.61,201.64,50.44
ORD-104911,CUST-0307,17-09-2024,2024,9,September,Q3,South,Louisiana,Coffee & Creamers,Nescafé CLASICO,Supermarket,Family,20,9.49,189.8,18.98,170.82,50.09
ORD-100199,CUST-0070,18-09-2024,2024,9,September,Q3,South,Tennessee,Coffee & Creamers,Nescafé CLASICO,Supermarket,Family,15,9.49,142.35,0,142.35,41.57
ORD-101867,CUST-0123,18-09-2024,2024,9,September,Q3,West,Oregon,Coffee & Creamers,Nescafé,Online,Premium,25,8.99,224.75,22.48,202.28,45.59
ORD-100013,CUST-0519,19-09-2024,2024,9,September,Q3,South,North Carolina,International Foods,Abuelita,Convenience,Family,5,5.49,27.45,1.37,26.08,7.57
ORD-100520,CUST-0438,19-09-2024,2024,9,September,Q3,West,Oregon,International Foods,Maggi,Supermarket,Mass Market,20,4.29,85.8,4.29,81.51,16.94
ORD-101416,CUST-0506,20-09-2024,2024,9,September,Q3,South,Florida,Frozen Foods,Stouffer's,Online,Mass Market,50,8.99,449.5,44.95,404.55,80.52
ORD-101967,CUST-0229,20-09-2024,2024,9,September,Q3,West,Colorado,Baking,Nestlé Toll House,Supermarket,Health & Wellness,100,4.99,499,49.9,449.1,150.72
ORD-103062,CUST-0375,20-09-2024,2024,9,September,Q3,West,California,Frozen Foods,Lean Cuisine,Online,Mass Market,15,6.49,97.35,19.47,77.88,21.51
ORD-103995,CUST-0786,20-09-2024,2024,9,September,Q3,East,Maryland,International Foods,Maggi,Supermarket,Health & Wellness,100,4.29,429,8.58,420.42,119.73
ORD-100046,CUST-0523,21-09-2024,2024,9,September,Q3,Central,Missouri,Baking,Nestlé Toll House,Supermarket,Mass Market,15,4.99,74.85,5.99,68.86,23.7
ORD-103160,CUST-0792,21-09-2024,2024,9,September,Q3,East,Maryland,Baking,Nestlé Toll House,Wholesale,Mass Market,20,4.99,99.8,7.98,91.82,28.4
ORD-102443,CUST-0611,22-09-2024,2024,9,September,Q3,South,Louisiana,Baking,La Lechera,Supermarket,Mass Market,15,4.49,67.35,3.37,63.98,19.11
ORD-103363,CUST-0597,22-09-2024,2024,9,September,Q3,Central,Wisconsin,Frozen Foods,Stouffer's,Convenience,Mass Market,75,8.99,674.25,53.94,620.31,153.62
ORD-103458,CUST-0416,22-09-2024,2024,9,September,Q3,Central,Minnesota,Baking,La Lechera,Wholesale,Premium,10,4.49,44.9,2.25,42.66,12.76
ORD-103786,CUST-0300,22-09-2024,2024,9,September,Q3,West,Nevada,Baking,Carnation,Online,Family,15,3.99,59.85,2.99,56.86,16.58
ORD-100048,CUST-0543,23-09-2024,2024,9,September,Q3,Central,Michigan,International Foods,Maggi,Supermarket,Mass Market,40,4.29,171.6,0,171.6,47.44
ORD-100087,CUST-0742,23-09-2024,2024,9,September,Q3,Central,Missouri,Coffee & Creamers,Nescafé,Online,Mass Market,75,8.99,674.25,0,674.25,206.89
ORD-100750,CUST-0567,23-09-2024,2024,9,September,Q3,Central,Wisconsin,Baking,Nestlé Toll House,Retail,Family,10,4.99,49.9,2.5,47.41,15.34
ORD-101709,CUST-0567,23-09-2024,2024,9,September,Q3,Central,Ohio,Frozen Pizza,DiGiorno,Online,Mass Market,25,7.99,199.75,4,195.76,41.17
ORD-104630,CUST-0568,23-09-2024,2024,9,September,Q3,East,Maryland,International Foods,Maggi,Retail,Family,30,4.29,128.7,6.44,122.26,33.68
ORD-100618,CUST-0608,24-09-2024,2024,9,September,Q3,East,Maryland,Baking,Carnation,Retail,Health & Wellness,5,3.99,19.95,2.99,16.96,4.69
ORD-102611,CUST-0667,24-09-2024,2024,9,September,Q3,South,Florida,Baking,Carnation,Supermarket,Premium,75,3.99,299.25,29.92,269.32,76.64
ORD-102634,CUST-0462,24-09-2024,2024,9,September,Q3,West,Colorado,Frozen Foods,Lean Cuisine,Supermarket,Health & Wellness,15,6.49,97.35,1.95,95.4,19.56
ORD-100571,CUST-0706,25-09-2024,2024,9,September,Q3,East,Massachusetts,Coffee & Creamers,Nescafé CLASICO,Retail,Premium,20,9.49,189.8,15.18,174.62,39.33
ORD-102976,CUST-0061,25-09-2024,2024,9,September,Q3,West,California,Drinks,Nesquik,Retail,Mass Market,10,6.49,64.9,3.25,61.66,16.13
ORD-103840,CUST-0734,25-09-2024,2024,9,September,Q3,Central,Michigan,Coffee & Creamers,Nescafé,Retail,Premium,20,8.99,179.8,8.99,170.81,50.85
ORD-104683,CUST-0331,25-09-2024,2024,9,September,Q3,South,Georgia,International Foods,Maggi,Retail,Mass Market,25,4.29,107.25,5.36,101.89,21.13
ORD-100320,CUST-0016,26-09-2024,2024,9,September,Q3,West,California,Drinks,Nesquik,Convenience,Health & Wellness,75,6.49,486.75,38.94,447.81,114.17
ORD-102474,CUST-0452,26-09-2024,2024,9,September,Q3,Central,Ohio,Coffee & Creamers,Nescafé,Supermarket,Family,75,8.99,674.25,33.71,640.54,175.1
ORD-102833,CUST-0570,26-09-2024,2024,9,September,Q3,West,Oregon,Frozen Pizza,DiGiorno,Wholesale,Family,20,7.99,159.8,0,159.8,43.45
ORD-102619,CUST-0032,27-09-2024,2024,9,September,Q3,South,Florida,Frozen Pizza,DiGiorno,Convenience,Family,40,7.99,319.6,15.98,303.62,67.82
ORD-103638,CUST-0530,27-09-2024,2024,9,September,Q3,West,Nevada,Coffee & Creamers,Coffee mate,Supermarket,Mass Market,15,7.49,112.35,16.85,95.5,29.78
ORD-104941,CUST-0692,27-09-2024,2024,9,September,Q3,East,Virginia,International Foods,El Mejor Nido,Retail,Mass Market,30,8.49,254.7,12.74,241.96,70.24
ORD-101390,CUST-0380,28-09-2024,2024,9,September,Q3,East,New York,Frozen Foods,Hot Pockets,Retail,Health & Wellness,20,5.99,119.8,5.99,113.81,21.72
ORD-103090,CUST-0196,28-09-2024,2024,9,September,Q3,West,Arizona,Frozen Pizza,DiGiorno,Retail,Premium,20,7.99,159.8,12.78,147.02,37.79
ORD-104527,CUST-0614,28-09-2024,2024,9,September,Q3,Central,Michigan,Coffee & Creamers,Nescafé CLASICO,Online,Family,25,9.49,237.25,0,237.25,63.87
ORD-102885,CUST-0157,29-09-2024,2024,9,September,Q3,West,Nevada,Baking,La Lechera,Wholesale,Premium,10,4.49,44.9,4.49,40.41,11.44
ORD-103278,CUST-0509,29-09-2024,2024,9,September,Q3,East,Maryland,International Foods,Maggi,Online,Mass Market,5,4.29,21.45,3.22,18.23,4.99
ORD-103315,CUST-0389,29-09-2024,2024,9,September,Q3,West,Arizona,Coffee & Creamers,Coffee mate,Wholesale,Mass Market,20,7.49,149.8,14.98,134.82,26.51
ORD-103445,CUST-0093,29-09-2024,2024,9,September,Q3,South,North Carolina,Frozen Foods,Stouffer's,Online,Family,30,8.99,269.7,21.58,248.12,48.87
ORD-104324,CUST-0575,29-09-2024,2024,9,September,Q3,East,New York,Baking,Nestlé Toll House,Supermarket,Mass Market,20,4.99,99.8,2,97.8,30.95
ORD-101541,CUST-0388,30-09-2024,2024,9,September,Q3,Central,Wisconsin,International Foods,El Mejor Nido,Retail,Family,40,8.49,339.6,0,339.6,92.43
ORD-101653,CUST-0606,30-09-2024,2024,9,September,Q3,West,Arizona,Coffee & Creamers,Nescafé,Online,Mass Market,20,8.99,179.8,14.38,165.42,45.08
ORD-104612,CUST-0196,30-09-2024,2024,9,September,Q3,West,Washington,Coffee & Creamers,Nescafé,Convenience,Family,20,8.99,179.8,26.97,152.83,40.4
ORD-100857,CUST-0573,01-10-2024,2024,10,October,Q4,West,Nevada,Coffee & Creamers,Coffee mate,Supermarket,Mass Market,40,7.49,299.6,29.96,269.64,81.62
ORD-101293,CUST-0278,01-10-2024,2024,10,October,Q4,Central,Minnesota,Baking,Nestlé Toll House,Retail,Mass Market,20,4.99,99.8,2,97.8,31.12
ORD-102223,CUST-0631,01-10-2024,2024,10,October,Q4,West,Colorado,Baking,La Lechera,Convenience,Premium,15,4.49,67.35,6.74,60.62,16.71
ORD-102310,CUST-0462,01-10-2024,2024,10,October,Q4,East,New York,Frozen Foods,Lean Cuisine,Supermarket,Mass Market,10,6.49,64.9,6.49,58.41,13.83
ORD-103873,CUST-0129,01-10-2024,2024,10,October,Q4,West,Arizona,International Foods,Abuelita,Retail,Mass Market,5,5.49,27.45,1.37,26.08,6.01
ORD-104193,CUST-0234,01-10-2024,2024,10,October,Q4,East,New York,Coffee & Creamers,Nescafé,Supermarket,Mass Market,15,8.99,134.85,13.48,121.36,33.92
ORD-100399,CUST-0196,02-10-2024,2024,10,October,Q4,Central,Missouri,Baking,Nestlé Toll House,Supermarket,Family,30,4.99,149.7,7.49,142.22,40.93
ORD-101297,CUST-0397,02-10-2024,2024,10,October,Q4,West,California,Frozen Foods,Hot Pockets,Online,Mass Market,100,5.99,599,47.92,551.08,118.35
ORD-102140,CUST-0179,02-10-2024,2024,10,October,Q4,South,North Carolina,Drinks,Nesquik,Supermarket,Family,50,6.49,324.5,25.96,298.54,67.18
ORD-103083,CUST-0755,02-10-2024,2024,10,October,Q4,West,Oregon,Coffee & Creamers,Coffee mate,Online,Mass Market,20,7.49,149.8,0,149.8,40.18
ORD-104966,CUST-0417,02-10-2024,2024,10,October,Q4,West,Colorado,International Foods,El Mejor Nido,Supermarket,Family,10,8.49,84.9,4.24,80.66,23.09
ORD-103464,CUST-0484,03-10-2024,2024,10,October,Q4,Central,Minnesota,Frozen Pizza,DiGiorno,Online,Health & Wellness,15,7.99,119.85,2.4,117.45,25.65
ORD-103518,CUST-0660,03-10-2024,2024,10,October,Q4,East,Virginia,Coffee & Creamers,Coffee mate,Retail,Health & Wellness,10,7.49,74.9,7.49,67.41,21.52
ORD-103910,CUST-0440,03-10-2024,2024,10,October,Q4,East,Massachusetts,Baking,Carnation,Supermarket,Premium,30,3.99,119.7,17.95,101.74,32.02
ORD-100208,CUST-0136,04-10-2024,2024,10,October,Q4,Central,Minnesota,Coffee & Creamers,Coffee mate,Convenience,Premium,5,7.49,37.45,0,37.45,11.15
ORD-100416,CUST-0150,04-10-2024,2024,10,October,Q4,East,Massachusetts,Frozen Foods,Hot Pockets,Convenience,Premium,20,5.99,119.8,0,119.8,26.37
ORD-102251,CUST-0030,04-10-2024,2024,10,October,Q4,West,Washington,Frozen Pizza,DiGiorno,Supermarket,Family,15,7.99,119.85,9.59,110.26,26.64
ORD-104918,CUST-0651,05-10-2024,2024,10,October,Q4,East,Maryland,Baking,La Lechera,Retail,Mass Market,15,4.49,67.35,6.74,60.62,16.52
ORD-100166,CUST-0440,06-10-2024,2024,10,October,Q4,South,Texas,Frozen Foods,Stouffer's,Wholesale,Mass Market,100,8.99,899,71.92,827.08,170.37
ORD-100378,CUST-0773,06-10-2024,2024,10,October,Q4,West,Nevada,Drinks,Nido,Supermarket,Health & Wellness,20,10.99,219.8,32.97,186.83,47.4
ORD-100813,CUST-0290,06-10-2024,2024,10,October,Q4,West,Colorado,Coffee & Creamers,Coffee mate,Wholesale,Health & Wellness,40,7.49,299.6,5.99,293.61,89.5
ORD-102026,CUST-0349,06-10-2024,2024,10,October,Q4,West,Arizona,Frozen Foods,Hot Pockets,Retail,Health & Wellness,40,5.99,239.6,11.98,227.62,55.44
ORD-100474,CUST-0018,07-10-2024,2024,10,October,Q4,South,North Carolina,Frozen Pizza,Tombstone,Supermarket,Mass Market,25,6.99,174.75,3.5,171.26,38.14
ORD-100898,CUST-0789,08-10-2024,2024,10,October,Q4,South,Florida,Baking,Nestlé Toll House,Online,Family,10,4.99,49.9,1,48.9,13.45
ORD-101944,CUST-0162,08-10-2024,2024,10,October,Q4,Central,Wisconsin,International Foods,El Mejor Nido,Supermarket,Health & Wellness,15,8.49,127.35,6.37,120.98,34.13
ORD-102403,CUST-0547,08-10-2024,2024,10,October,Q4,East,Virginia,Coffee & Creamers,Nescafé CLASICO,Wholesale,Mass Market,25,9.49,237.25,4.74,232.5,65.52
ORD-102471,CUST-0398,08-10-2024,2024,10,October,Q4,West,Washington,Frozen Foods,Hot Pockets,Wholesale,Mass Market,50,5.99,299.5,59.9,239.6,60.4
ORD-101072,CUST-0691,09-10-2024,2024,10,October,Q4,West,Oregon,Frozen Foods,Hot Pockets,Convenience,Mass Market,10,5.99,59.9,0,59.9,12.13
ORD-102705,CUST-0349,09-10-2024,2024,10,October,Q4,South,Georgia,Coffee & Creamers,Coffee mate,Online,Mass Market,30,7.49,224.7,11.24,213.46,61.73
ORD-103358,CUST-0765,09-10-2024,2024,10,October,Q4,East,Massachusetts,Frozen Foods,Lean Cuisine,Retail,Family,20,6.49,129.8,10.38,119.42,25.64
ORD-100688,CUST-0593,10-10-2024,2024,10,October,Q4,East,Maryland,Frozen Foods,Stouffer's,Retail,Mass Market,20,8.99,179.8,26.97,152.83,27.64
ORD-100870,CUST-0292,10-10-2024,2024,10,October,Q4,South,North Carolina,Coffee & Creamers,Coffee mate,Wholesale,Mass Market,20,7.49,149.8,7.49,142.31,42.45
ORD-102607,CUST-0053,10-10-2024,2024,10,October,Q4,West,Oregon,Coffee & Creamers,Nescafé,Retail,Premium,50,8.99,449.5,22.48,427.02,129.9
ORD-103003,CUST-0373,10-10-2024,2024,10,October,Q4,West,California,Baking,Nestlé Toll House,Online,Mass Market,20,4.99,99.8,0,99.8,31.34
ORD-103402,CUST-0544,10-10-2024,2024,10,October,Q4,West,California,Baking,Carnation,Supermarket,Health & Wellness,25,3.99,99.75,14.96,84.79,21.92
ORD-103560,CUST-0286,10-10-2024,2024,10,October,Q4,East,New York,Drinks,Milo,Wholesale,Premium,40,5.99,239.6,11.98,227.62,55.37
ORD-100092,CUST-0121,11-10-2024,2024,10,October,Q4,Central,Minnesota,Coffee & Creamers,Coffee mate,Convenience,Health & Wellness,30,7.49,224.7,22.47,202.23,61.04
ORD-100600,CUST-0629,11-10-2024,2024,10,October,Q4,West,Washington,Frozen Foods,Hot Pockets,Supermarket,Family,20,5.99,119.8,2.4,117.4,24.71
ORD-101839,CUST-0765,11-10-2024,2024,10,October,Q4,South,Florida,Coffee & Creamers,Coffee mate,Convenience,Family,5,7.49,37.45,3.75,33.71,9.54
ORD-102029,CUST-0692,11-10-2024,2024,10,October,Q4,West,California,Frozen Pizza,Jack's Pizza,Convenience,Family,30,5.99,179.7,14.38,165.32,44.26
ORD-103647,CUST-0666,11-10-2024,2024,10,October,Q4,East,Massachusetts,Frozen Foods,Lean Cuisine,Supermarket,Mass Market,20,6.49,129.8,12.98,116.82,25.23
ORD-104442,CUST-0414,11-10-2024,2024,10,October,Q4,South,North Carolina,Baking,Carnation,Retail,Mass Market,30,3.99,119.7,5.98,113.72,28.52
ORD-101747,CUST-0640,12-10-2024,2024,10,October,Q4,West,Colorado,Frozen Foods,Hot Pockets,Convenience,Family,25,5.99,149.75,22.46,127.29,21.83
ORD-102547,CUST-0579,12-10-2024,2024,10,October,Q4,West,Washington,Baking,Carnation,Retail,Family,15,3.99,59.85,5.98,53.86,15.41
ORD-103060,CUST-0321,12-10-2024,2024,10,October,Q4,South,North Carolina,Baking,La Lechera,Convenience,Family,20,4.49,89.8,1.8,88,26
ORD-103637,CUST-0193,12-10-2024,2024,10,October,Q4,South,North Carolina,Coffee & Creamers,Nescafé CLASICO,Online,Family,20,9.49,189.8,0,189.8,53.38
ORD-100340,CUST-0665,13-10-2024,2024,10,October,Q4,West,Colorado,Baking,Carnation,Wholesale,Mass Market,15,3.99,59.85,4.79,55.06,14.96
ORD-101631,CUST-0378,13-10-2024,2024,10,October,Q4,Central,Minnesota,International Foods,Abuelita,Supermarket,Premium,20,5.49,109.8,0,109.8,31.47
ORD-102632,CUST-0235,13-10-2024,2024,10,October,Q4,Central,Missouri,Drinks,Nesquik,Supermarket,Family,10,6.49,64.9,6.49,58.41,14.07
ORD-103389,CUST-0718,13-10-2024,2024,10,October,Q4,West,Washington,Frozen Pizza,Tombstone,Supermarket,Premium,25,6.99,174.75,8.74,166.01,39.44
ORD-103428,CUST-0520,13-10-2024,2024,10,October,Q4,Central,Missouri,Frozen Foods,Lean Cuisine,Retail,Premium,10,6.49,64.9,1.3,63.6,11.37
ORD-104239,CUST-0361,13-10-2024,2024,10,October,Q4,Central,Minnesota,Coffee & Creamers,Coffee mate,Supermarket,Mass Market,25,7.49,187.25,0,187.25,58.28
ORD-103954,CUST-0416,14-10-2024,2024,10,October,Q4,West,Colorado,Frozen Foods,Hot Pockets,Wholesale,Mass Market,5,5.99,29.95,0,29.95,6.13
ORD-104677,CUST-0308,14-10-2024,2024,10,October,Q4,West,California,Coffee & Creamers,Nescafé CLASICO,Retail,Family,15,9.49,142.35,2.85,139.5,37.42
ORD-104699,CUST-0568,14-10-2024,2024,10,October,Q4,West,Colorado,Frozen Foods,Stouffer's,Retail,Health & Wellness,15,8.99,134.85,6.74,128.11,24.98
ORD-104982,CUST-0768,14-10-2024,2024,10,October,Q4,West,Nevada,Frozen Foods,Lean Cuisine,Retail,Mass Market,40,6.49,259.6,5.19,254.41,64.8
ORD-100881,CUST-0146,15-10-2024,2024,10,October,Q4,West,California,Drinks,Milo,Retail,Family,15,5.99,89.85,4.49,85.36,14.31
ORD-103036,CUST-0076,15-10-2024,2024,10,October,Q4,East,New York,Frozen Foods,Lean Cuisine,Wholesale,Mass Market,25,6.49,162.25,24.34,137.91,36.49
ORD-103596,CUST-0767,15-10-2024,2024,10,October,Q4,Central,Missouri,Drinks,Nesquik,Online,Health & Wellness,10,6.49,64.9,0,64.9,14.33
ORD-104906,CUST-0441,15-10-2024,2024,10,October,Q4,West,Arizona,Coffee & Creamers,Nescafé,Supermarket,Premium,10,8.99,89.9,0,89.9,24.78
ORD-102816,CUST-0457,16-10-2024,2024,10,October,Q4,South,Louisiana,Frozen Pizza,DiGiorno,Supermarket,Mass Market,30,7.99,239.7,0,239.7,55.16
ORD-103223,CUST-0395,16-10-2024,2024,10,October,Q4,West,California,Frozen Pizza,Tombstone,Retail,Health & Wellness,20,6.99,139.8,11.18,128.62,28.26
ORD-103405,CUST-0315,16-10-2024,2024,10,October,Q4,Central,Ohio,Coffee & Creamers,Nescafé CLASICO,Supermarket,Family,40,9.49,379.6,18.98,360.62,114.8
ORD-101281,CUST-0298,17-10-2024,2024,10,October,Q4,Central,Michigan,Frozen Foods,Hot Pockets,Retail,Mass Market,5,5.99,29.95,3,26.96,5.17
ORD-103512,CUST-0558,17-10-2024,2024,10,October,Q4,West,Arizona,Frozen Foods,Hot Pockets,Convenience,Family,30,5.99,179.7,8.99,170.72,38.23
ORD-100307,CUST-0168,18-10-2024,2024,10,October,Q4,East,New Jersey,Frozen Foods,Hot Pockets,Wholesale,Mass Market,15,5.99,89.85,8.99,80.87,18.68
ORD-100704,CUST-0217,18-10-2024,2024,10,October,Q4,West,Washington,Frozen Pizza,Tombstone,Online,Premium,25,6.99,174.75,17.48,157.28,35.52
ORD-101769,CUST-0067,18-10-2024,2024,10,October,Q4,East,Pennsylvania,Baking,Nestlé Toll House,Supermarket,Family,20,4.99,99.8,0,99.8,30.43
ORD-102979,CUST-0643,18-10-2024,2024,10,October,Q4,Central,Illinois,Frozen Pizza,DiGiorno,Supermarket,Mass Market,25,7.99,199.75,39.95,159.8,38.6
ORD-103355,CUST-0615,18-10-2024,2024,10,October,Q4,West,Oregon,Coffee & Creamers,Coffee mate,Supermarket,Family,40,7.49,299.6,14.98,284.62,90.8
ORD-101582,CUST-0210,19-10-2024,2024,10,October,Q4,East,Massachusetts,Frozen Foods,Hot Pockets,Supermarket,Family,75,5.99,449.25,22.46,426.79,90.67
ORD-102353,CUST-0764,19-10-2024,2024,10,October,Q4,Central,Minnesota,International Foods,Abuelita,Retail,Family,25,5.49,137.25,10.98,126.27,26.54
ORD-104252,CUST-0167,19-10-2024,2024,10,October,Q4,West,Arizona,Frozen Foods,Stouffer's,Wholesale,Family,20,8.99,179.8,26.97,152.83,32.63
ORD-103396,CUST-0157,20-10-2024,2024,10,October,Q4,South,Texas,Frozen Pizza,DiGiorno,Supermarket,Family,5,7.99,39.95,3.2,36.75,8.19
ORD-103725,CUST-0490,20-10-2024,2024,10,October,Q4,East,Pennsylvania,International Foods,Abuelita,Retail,Mass Market,40,5.49,219.6,10.98,208.62,59.42
ORD-104026,CUST-0214,20-10-2024,2024,10,October,Q4,South,Georgia,International Foods,El Mejor Nido,Online,Health & Wellness,30,8.49,254.7,5.09,249.61,70.22
ORD-104225,CUST-0706,20-10-2024,2024,10,October,Q4,Central,Minnesota,Baking,Nestlé Toll House,Supermarket,Premium,20,4.99,99.8,0,99.8,29.47
ORD-101006,CUST-0728,21-10-2024,2024,10,October,Q4,Central,Missouri,Frozen Foods,Hot Pockets,Online,Family,20,5.99,119.8,0,119.8,28.54
ORD-102338,CUST-0182,21-10-2024,2024,10,October,Q4,East,Massachusetts,Frozen Foods,Stouffer's,Retail,Family,20,8.99,179.8,3.6,176.2,31.92
ORD-100108,CUST-0361,22-10-2024,2024,10,October,Q4,Central,Missouri,Frozen Pizza,Tombstone,Supermarket,Family,30,6.99,209.7,16.78,192.92,38.46
ORD-100731,CUST-0455,22-10-2024,2024,10,October,Q4,West,Oregon,Coffee & Creamers,Nescafé,Wholesale,Health & Wellness,30,8.99,269.7,5.39,264.31,81.76
ORD-100852,CUST-0049,22-10-2024,2024,10,October,Q4,Central,Illinois,Drinks,Milo,Online,Health & Wellness,5,5.99,29.95,0.6,29.35,6.64
ORD-101356,CUST-0444,22-10-2024,2024,10,October,Q4,South,Louisiana,Frozen Pizza,Tombstone,Supermarket,Mass Market,15,6.99,104.85,10.49,94.36,23.84
ORD-102772,CUST-0762,22-10-2024,2024,10,October,Q4,East,New Jersey,Drinks,Milo,Retail,Family,5,5.99,29.95,0.6,29.35,6.25
ORD-102827,CUST-0785,22-10-2024,2024,10,October,Q4,Central,Michigan,International Foods,Maggi,Supermarket,Mass Market,5,4.29,21.45,0.43,21.02,5.92
ORD-102989,CUST-0790,22-10-2024,2024,10,October,Q4,Central,Wisconsin,Drinks,Nido,Retail,Mass Market,25,10.99,274.75,21.98,252.77,71.8
ORD-104662,CUST-0445,22-10-2024,2024,10,October,Q4,Central,Wisconsin,Frozen Foods,Lean Cuisine,Supermarket,Health & Wellness,25,6.49,162.25,3.24,159,34.44
ORD-102202,CUST-0621,23-10-2024,2024,10,October,Q4,West,Washington,Baking,La Lechera,Retail,Family,10,4.49,44.9,8.98,35.92,11.44
ORD-103010,CUST-0631,23-10-2024,2024,10,October,Q4,West,Colorado,Frozen Pizza,Tombstone,Retail,Health & Wellness,25,6.99,174.75,17.48,157.28,47.08
ORD-104036,CUST-0752,23-10-2024,2024,10,October,Q4,South,Florida,International Foods,Abuelita,Retail,Family,30,5.49,164.7,16.47,148.23,41.93
ORD-100240,CUST-0042,24-10-2024,2024,10,October,Q4,West,Arizona,Drinks,Nido,Supermarket,Family,25,10.99,274.75,5.5,269.26,62.27
ORD-103629,CUST-0068,24-10-2024,2024,10,October,Q4,South,Texas,International Foods,Abuelita,Online,Family,15,5.49,82.35,8.24,74.12,20.62
ORD-102873,CUST-0167,25-10-2024,2024,10,October,Q4,South,Louisiana,Drinks,Nesquik,Online,Mass Market,40,6.49,259.6,25.96,233.64,54.48
ORD-103510,CUST-0775,25-10-2024,2024,10,October,Q4,West,Washington,Frozen Foods,Hot Pockets,Convenience,Health & Wellness,20,5.99,119.8,0,119.8,18.73
ORD-100389,CUST-0269,26-10-2024,2024,10,October,Q4,Central,Illinois,International Foods,Maggi,Supermarket,Health & Wellness,30,4.29,128.7,19.3,109.4,31.52
ORD-101077,CUST-0730,26-10-2024,2024,10,October,Q4,East,New York,Frozen Foods,Stouffer's,Supermarket,Premium,15,8.99,134.85,6.74,128.11,25.92
ORD-101349,CUST-0442,26-10-2024,2024,10,October,Q4,South,Louisiana,Coffee & Creamers,Nescafé,Convenience,Mass Market,75,8.99,674.25,0,674.25,207.7
ORD-102159,CUST-0086,26-10-2024,2024,10,October,Q4,East,New Jersey,Frozen Pizza,Tombstone,Supermarket,Mass Market,15,6.99,104.85,8.39,96.46,26.75
ORD-100515,CUST-0284,27-10-2024,2024,10,October,Q4,West,Nevada,Baking,Nestlé Toll House,Retail,Mass Market,10,4.99,49.9,4.99,44.91,13.73
ORD-100576,CUST-0586,28-10-2024,2024,10,October,Q4,South,North Carolina,Baking,Nestlé Toll House,Supermarket,Mass Market,25,4.99,124.75,18.71,106.04,32.06
ORD-100601,CUST-0621,28-10-2024,2024,10,October,Q4,West,Nevada,Frozen Foods,Hot Pockets,Supermarket,Premium,30,5.99,179.7,17.97,161.73,40.08
ORD-100984,CUST-0663,28-10-2024,2024,10,October,Q4,West,Oregon,International Foods,Maggi,Wholesale,Family,75,4.29,321.75,25.74,296.01,86.14
ORD-101696,CUST-0119,28-10-2024,2024,10,October,Q4,West,Arizona,Coffee & Creamers,Nescafé,Online,Premium,15,8.99,134.85,20.23,114.62,34.02
ORD-101376,CUST-0156,29-10-2024,2024,10,October,Q4,South,Texas,Coffee & Creamers,Nescafé,Supermarket,Premium,30,8.99,269.7,5.39,264.31,79.74
ORD-101530,CUST-0643,29-10-2024,2024,10,October,Q4,Central,Wisconsin,Frozen Pizza,Tombstone,Online,Mass Market,20,6.99,139.8,13.98,125.82,24.41
ORD-101722,CUST-0308,29-10-2024,2024,10,October,Q4,West,Washington,Frozen Foods,Hot Pockets,Supermarket,Mass Market,50,5.99,299.5,14.98,284.52,62.97
ORD-102423,CUST-0315,29-10-2024,2024,10,October,Q4,Central,Missouri,International Foods,Abuelita,Retail,Mass Market,40,5.49,219.6,21.96,197.64,59.89
ORD-100276,CUST-0418,30-10-2024,2024,10,October,Q4,East,Pennsylvania,International Foods,Maggi,Supermarket,Mass Market,25,4.29,107.25,2.14,105.1,30.1
ORD-100432,CUST-0400,30-10-2024,2024,10,October,Q4,South,Tennessee,Baking,Carnation,Online,Family,20,3.99,79.8,6.38,73.42,22.37
ORD-101065,CUST-0115,30-10-2024,2024,10,October,Q4,East,Pennsylvania,Frozen Pizza,Tombstone,Supermarket,Premium,100,6.99,699,0,699,182.43
ORD-101330,CUST-0277,30-10-2024,2024,10,October,Q4,East,Maryland,Drinks,Milo,Wholesale,Family,30,5.99,179.7,26.96,152.74,38.39
ORD-101882,CUST-0463,30-10-2024,2024,10,October,Q4,South,Florida,Coffee & Creamers,Nescafé,Retail,Family,10,8.99,89.9,1.8,88.1,21.96
ORD-104389,CUST-0643,30-10-2024,2024,10,October,Q4,West,Oregon,Frozen Foods,Lean Cuisine,Retail,Mass Market,25,6.49,162.25,8.11,154.14,34.13
ORD-104517,CUST-0594,30-10-2024,2024,10,October,Q4,Central,Michigan,International Foods,Maggi,Online,Premium,5,4.29,21.45,1.07,20.38,5.23
ORD-104809,CUST-0576,30-10-2024,2024,10,October,Q4,West,Arizona,Frozen Foods,Stouffer's,Retail,Family,75,8.99,674.25,0,674.25,159.49
ORD-102123,CUST-0789,31-10-2024,2024,10,October,Q4,South,Florida,Frozen Pizza,Jack's Pizza,Retail,Family,30,5.99,179.7,8.99,170.72,43.45
ORD-104105,CUST-0610,31-10-2024,2024,10,October,Q4,East,Virginia,International Foods,Abuelita,Wholesale,Mass Market,25,5.49,137.25,2.74,134.5,32.08
ORD-104331,CUST-0244,31-10-2024,2024,10,October,Q4,East,Maryland,Frozen Foods,Lean Cuisine,Retail,Family,20,6.49,129.8,12.98,116.82,23.24
ORD-102149,CUST-0171,01-11-2024,2024,11,November,Q4,East,New Jersey,Coffee & Creamers,Nescafé,Wholesale,Premium,40,8.99,359.6,0,359.6,112.34
ORD-103327,CUST-0100,02-11-2024,2024,11,November,Q4,South,Texas,Frozen Pizza,DiGiorno,Supermarket,Health & Wellness,40,7.99,319.6,15.98,303.62,79.77
ORD-103330,CUST-0587,02-11-2024,2024,11,November,Q4,Central,Ohio,Frozen Pizza,DiGiorno,Online,Mass Market,50,7.99,399.5,0,399.5,108.7
ORD-103932,CUST-0442,02-11-2024,2024,11,November,Q4,West,Colorado,International Foods,Maggi,Online,Family,25,4.29,107.25,10.73,96.52,27.94
ORD-104380,CUST-0018,02-11-2024,2024,11,November,Q4,East,Pennsylvania,Drinks,Milo,Online,Premium,50,5.99,299.5,44.92,254.58,65.76
ORD-104713,CUST-0592,02-11-2024,2024,11,November,Q4,West,Washington,Baking,Nestlé Toll House,Convenience,Mass Market,40,4.99,199.6,15.97,183.63,59.14
ORD-101242,CUST-0214,04-11-2024,2024,11,November,Q4,South,Florida,Coffee & Creamers,Nescafé,Wholesale,Mass Market,10,8.99,89.9,13.49,76.42,16.95
ORD-102736,CUST-0389,04-11-2024,2024,11,November,Q4,South,North Carolina,Frozen Pizza,Tombstone,Convenience,Family,10,6.99,69.9,1.4,68.5,17.5
ORD-103576,CUST-0705,04-11-2024,2024,11,November,Q4,East,New Jersey,Frozen Foods,Hot Pockets,Supermarket,Mass Market,75,5.99,449.25,0,449.25,98.99
ORD-104497,CUST-0361,04-11-2024,2024,11,November,Q4,East,Pennsylvania,Baking,La Lechera,Retail,Family,30,4.49,134.7,0,134.7,38.25
ORD-100501,CUST-0158,05-11-2024,2024,11,November,Q4,Central,Ohio,Drinks,Nido,Wholesale,Family,25,10.99,274.75,5.5,269.26,65.87
ORD-100886,CUST-0393,05-11-2024,2024,11,November,Q4,West,Arizona,Frozen Foods,Hot Pockets,Wholesale,Mass Market,50,5.99,299.5,44.92,254.58,54.84
ORD-101795,CUST-0172,05-11-2024,2024,11,November,Q4,West,Washington,Baking,La Lechera,Supermarket,Family,50,4.49,224.5,4.49,220.01,64.58
ORD-104057,CUST-0121,05-11-2024,2024,11,November,Q4,South,Florida,Coffee & Creamers,Nescafé,Retail,Premium,30,8.99,269.7,21.58,248.12,73.64
ORD-104487,CUST-0634,05-11-2024,2024,11,November,Q4,West,Oregon,International Foods,Abuelita,Retail,Premium,15,5.49,82.35,6.59,75.76,18.77
ORD-102545,CUST-0462,06-11-2024,2024,11,November,Q4,West,Nevada,Coffee & Creamers,Coffee mate,Retail,Health & Wellness,10,7.49,74.9,3.75,71.16,20.56
ORD-102835,CUST-0288,06-11-2024,2024,11,November,Q4,East,Virginia,Drinks,Nido,Supermarket,Family,50,10.99,549.5,54.95,494.55,115.13
ORD-103321,CUST-0153,06-11-2024,2024,11,November,Q4,Central,Wisconsin,International Foods,El Mejor Nido,Supermarket,Premium,10,8.49,84.9,0,84.9,21.55
ORD-104462,CUST-0515,06-11-2024,2024,11,November,Q4,East,Massachusetts,Coffee & Creamers,Coffee mate,Retail,Mass Market,50,7.49,374.5,29.96,344.54,106.73
ORD-104767,CUST-0550,06-11-2024,2024,11,November,Q4,South,Tennessee,Frozen Foods,Lean Cuisine,Supermarket,Health & Wellness,5,6.49,32.45,4.87,27.58,6.54
ORD-101353,CUST-0317,07-11-2024,2024,11,November,Q4,East,Maryland,Drinks,Milo,Wholesale,Family,30,5.99,179.7,3.59,176.11,39.33
ORD-101413,CUST-0659,07-11-2024,2024,11,November,Q4,West,Oregon,Baking,Nestlé Toll House,Retail,Mass Market,30,4.99,149.7,7.49,142.22,39.15
ORD-101875,CUST-0610,07-11-2024,2024,11,November,Q4,Central,Michigan,Frozen Foods,Stouffer's,Retail,Family,30,8.99,269.7,5.39,264.31,59.55
ORD-101132,CUST-0660,08-11-2024,2024,11,November,Q4,East,New York,Baking,Carnation,Retail,Premium,30,3.99,119.7,9.58,110.12,34.21
ORD-101320,CUST-0699,09-11-2024,2024,11,November,Q4,West,California,Coffee & Creamers,Nescafé,Online,Mass Market,15,8.99,134.85,13.48,121.36,28.68
ORD-100531,CUST-0678,10-11-2024,2024,11,November,Q4,South,Texas,Drinks,Milo,Online,Mass Market,10,5.99,59.9,11.98,47.92,10.79
ORD-101786,CUST-0392,10-11-2024,2024,11,November,Q4,South,Georgia,Drinks,Nesquik,Convenience,Premium,5,6.49,32.45,0,32.45,8.63
ORD-100288,CUST-0704,11-11-2024,2024,11,November,Q4,Central,Wisconsin,Coffee & Creamers,Nescafé CLASICO,Retail,Family,15,9.49,142.35,11.39,130.96,33.59
ORD-103335,CUST-0375,11-11-2024,2024,11,November,Q4,South,Louisiana,Coffee & Creamers,Nescafé CLASICO,Online,Premium,20,9.49,189.8,28.47,161.33,45.3
ORD-103340,CUST-0478,11-11-2024,2024,11,November,Q4,Central,Minnesota,Frozen Foods,Stouffer's,Retail,Premium,100,8.99,899,71.92,827.08,157.97
ORD-104113,CUST-0684,11-11-2024,2024,11,November,Q4,West,Washington,Frozen Foods,Hot Pockets,Online,Premium,30,5.99,179.7,14.38,165.32,36.41
ORD-104406,CUST-0772,11-11-2024,2024,11,November,Q4,Central,Ohio,Coffee & Creamers,Coffee mate,Wholesale,Premium,20,7.49,149.8,7.49,142.31,39.32
ORD-100155,CUST-0738,12-11-2024,2024,11,November,Q4,South,North Carolina,Frozen Pizza,Tombstone,Retail,Mass Market,30,6.99,209.7,4.19,205.51,47.34
ORD-102955,CUST-0346,12-11-2024,2024,11,November,Q4,South,North Carolina,Coffee & Creamers,Nescafé CLASICO,Online,Family,15,9.49,142.35,0,142.35,35.38
ORD-103484,CUST-0616,12-11-2024,2024,11,November,Q4,South,North Carolina,Frozen Foods,Hot Pockets,Supermarket,Premium,5,5.99,29.95,0.6,29.35,5.51
ORD-100259,CUST-0443,13-11-2024,2024,11,November,Q4,Central,Illinois,Coffee & Creamers,Coffee mate,Wholesale,Health & Wellness,20,7.49,149.8,7.49,142.31,40.14
ORD-100579,CUST-0349,13-11-2024,2024,11,November,Q4,East,Massachusetts,Coffee & Creamers,Coffee mate,Convenience,Health & Wellness,15,7.49,112.35,2.25,110.1,29.52
ORD-102416,CUST-0385,13-11-2024,2024,11,November,Q4,South,North Carolina,Baking,La Lechera,Convenience,Family,15,4.49,67.35,1.35,66,21.46
ORD-104508,CUST-0774,13-11-2024,2024,11,November,Q4,West,California,Baking,La Lechera,Retail,Mass Market,15,4.49,67.35,1.35,66,17.61
ORD-104535,CUST-0763,13-11-2024,2024,11,November,Q4,Central,Michigan,Frozen Pizza,Tombstone,Supermarket,Family,15,6.99,104.85,15.73,89.12,19.26
ORD-101355,CUST-0033,14-11-2024,2024,11,November,Q4,East,Virginia,Drinks,Nesquik,Convenience,Mass Market,20,6.49,129.8,6.49,123.31,27.1
ORD-104073,CUST-0320,14-11-2024,2024,11,November,Q4,Central,Wisconsin,Coffee & Creamers,Coffee mate,Online,Mass Market,25,7.49,187.25,18.73,168.52,41.83
ORD-104724,CUST-0417,14-11-2024,2024,11,November,Q4,East,New York,Drinks,Nesquik,Supermarket,Mass Market,30,6.49,194.7,3.89,190.81,44.51
ORD-101578,CUST-0012,15-11-2024,2024,11,November,Q4,Central,Illinois,International Foods,Abuelita,Retail,Health & Wellness,15,5.49,82.35,1.65,80.7,20.77
ORD-101979,CUST-0016,15-11-2024,2024,11,November,Q4,South,Tennessee,Frozen Foods,Lean Cuisine,Convenience,Mass Market,5,6.49,32.45,1.62,30.83,6.69
ORD-102339,CUST-0147,15-11-2024,2024,11,November,Q4,West,Oregon,Drinks,Nesquik,Convenience,Mass Market,15,6.49,97.35,4.87,92.48,25.68
ORD-103530,CUST-0579,15-11-2024,2024,11,November,Q4,East,Pennsylvania,Frozen Pizza,DiGiorno,Supermarket,Mass Market,15,7.99,119.85,17.98,101.87,25.22
ORD-103577,CUST-0492,15-11-2024,2024,11,November,Q4,West,Colorado,Frozen Foods,Lean Cuisine,Wholesale,Family,5,6.49,32.45,0,32.45,5.72
ORD-103843,CUST-0437,15-11-2024,2024,11,November,Q4,East,Massachusetts,Baking,Nestlé Toll House,Convenience,Premium,50,4.99,249.5,12.48,237.02,60.24
ORD-104540,CUST-0411,15-11-2024,2024,11,November,Q4,West,Colorado,Coffee & Creamers,Nescafé,Online,Mass Market,40,8.99,359.6,17.98,341.62,85.94
ORD-101961,CUST-0271,16-11-2024,2024,11,November,Q4,West,Oregon,International Foods,Abuelita,Wholesale,Health & Wellness,40,5.49,219.6,10.98,208.62,55.86
ORD-103690,CUST-0554,16-11-2024,2024,11,November,Q4,West,Washington,Coffee & Creamers,Nescafé,Supermarket,Family,40,8.99,359.6,0,359.6,102.88
ORD-104984,CUST-0124,16-11-2024,2024,11,November,Q4,South,Tennessee,Coffee & Creamers,Coffee mate,Supermarket,Family,25,7.49,187.25,14.98,172.27,50.43
ORD-100266,CUST-0582,17-11-2024,2024,11,November,Q4,Central,Wisconsin,International Foods,Abuelita,Supermarket,Mass Market,20,5.49,109.8,2.2,107.6,30.15
ORD-101048,CUST-0589,17-11-2024,2024,11,November,Q4,West,Oregon,International Foods,Abuelita,Supermarket,Family,20,5.49,109.8,0,109.8,28.69
ORD-103777,CUST-0226,17-11-2024,2024,11,November,Q4,South,Louisiana,Frozen Pizza,DiGiorno,Retail,Mass Market,40,7.99,319.6,31.96,287.64,81.73
ORD-103008,CUST-0701,19-11-2024,2024,11,November,Q4,West,Colorado,Frozen Foods,Lean Cuisine,Online,Mass Market,30,6.49,194.7,19.47,175.23,44.49
ORD-104928,CUST-0455,19-11-2024,2024,11,November,Q4,West,Oregon,Frozen Foods,Stouffer's,Retail,Family,75,8.99,674.25,13.48,660.76,145.4
ORD-101943,CUST-0293,20-11-2024,2024,11,November,Q4,South,Florida,Frozen Pizza,DiGiorno,Wholesale,Mass Market,75,7.99,599.25,89.89,509.36,104.94
ORD-102227,CUST-0239,20-11-2024,2024,11,November,Q4,East,New Jersey,Coffee & Creamers,Nescafé CLASICO,Wholesale,Family,10,9.49,94.9,14.24,80.67,22.13
ORD-100150,CUST-0777,21-11-2024,2024,11,November,Q4,East,New Jersey,International Foods,El Mejor Nido,Online,Premium,30,8.49,254.7,25.47,229.23,53.08
ORD-100213,CUST-0529,21-11-2024,2024,11,November,Q4,Central,Illinois,Frozen Foods,Stouffer's,Wholesale,Premium,10,8.99,89.9,8.99,80.91,18.16
ORD-100486,CUST-0718,21-11-2024,2024,11,November,Q4,South,Louisiana,Coffee & Creamers,Nescafé,Online,Mass Market,5,8.99,44.95,3.6,41.35,12.48
ORD-100823,CUST-0379,21-11-2024,2024,11,November,Q4,East,Maryland,Frozen Foods,Stouffer's,Supermarket,Premium,10,8.99,89.9,13.49,76.42,18.19
ORD-101494,CUST-0148,21-11-2024,2024,11,November,Q4,West,Nevada,Baking,Carnation,Retail,Premium,30,3.99,119.7,11.97,107.73,32.59
ORD-100058,CUST-0749,22-11-2024,2024,11,November,Q4,West,Washington,Frozen Pizza,Tombstone,Retail,Premium,30,6.99,209.7,16.78,192.92,59.34
ORD-100241,CUST-0573,22-11-2024,2024,11,November,Q4,South,North Carolina,Coffee & Creamers,Coffee mate,Wholesale,Family,50,7.49,374.5,18.73,355.78,104.59
ORD-101927,CUST-0180,22-11-2024,2024,11,November,Q4,Central,Minnesota,Drinks,Nesquik,Retail,Premium,25,6.49,162.25,24.34,137.91,33.37
ORD-102931,CUST-0026,23-11-2024,2024,11,November,Q4,Central,Wisconsin,International Foods,Maggi,Wholesale,Health & Wellness,20,4.29,85.8,8.58,77.22,21.92
ORD-104107,CUST-0030,23-11-2024,2024,11,November,Q4,South,North Carolina,Frozen Pizza,DiGiorno,Supermarket,Mass Market,30,7.99,239.7,11.99,227.72,58.11
ORD-104818,CUST-0449,23-11-2024,2024,11,November,Q4,South,Florida,Drinks,Milo,Online,Health & Wellness,40,5.99,239.6,19.17,220.43,59
ORD-102167,CUST-0270,24-11-2024,2024,11,November,Q4,Central,Ohio,Baking,Nestlé Toll House,Retail,Premium,15,4.99,74.85,3.74,71.11,19.88
ORD-104195,CUST-0407,24-11-2024,2024,11,November,Q4,Central,Minnesota,Frozen Foods,Hot Pockets,Supermarket,Family,5,5.99,29.95,1.5,28.45,5.35
ORD-104222,CUST-0380,24-11-2024,2024,11,November,Q4,Central,Illinois,International Foods,Abuelita,Online,Mass Market,75,5.49,411.75,32.94,378.81,107.67
ORD-104436,CUST-0207,24-11-2024,2024,11,November,Q4,East,Maryland,Frozen Pizza,DiGiorno,Supermarket,Mass Market,40,7.99,319.6,0,319.6,98.88
ORD-100298,CUST-0424,25-11-2024,2024,11,November,Q4,West,California,Frozen Foods,Hot Pockets,Retail,Family,75,5.99,449.25,22.46,426.79,94.62
ORD-102650,CUST-0385,25-11-2024,2024,11,November,Q4,East,Virginia,International Foods,El Mejor Nido,Wholesale,Premium,25,8.49,212.25,42.45,169.8,45.73
ORD-103302,CUST-0748,25-11-2024,2024,11,November,Q4,South,Texas,Coffee & Creamers,Nescafé,Retail,Family,15,8.99,134.85,10.79,124.06,35.78
ORD-103791,CUST-0276,25-11-2024,2024,11,November,Q4,West,Colorado,Drinks,Nido,Supermarket,Family,20,10.99,219.8,32.97,186.83,46.85
ORD-103985,CUST-0378,25-11-2024,2024,11,November,Q4,South,Florida,Baking,Nestlé Toll House,Online,Family,15,4.99,74.85,7.49,67.37,20.51
ORD-104996,CUST-0015,25-11-2024,2024,11,November,Q4,South,Texas,Frozen Foods,Stouffer's,Retail,Premium,15,8.99,134.85,13.48,121.36,29.31
ORD-101736,CUST-0580,26-11-2024,2024,11,November,Q4,South,Florida,Frozen Pizza,Tombstone,Supermarket,Family,50,6.99,349.5,6.99,342.51,94.43
ORD-101806,CUST-0125,26-11-2024,2024,11,November,Q4,South,Florida,Drinks,Nido,Retail,Family,40,10.99,439.6,21.98,417.62,92.19
ORD-100587,CUST-0198,27-11-2024,2024,11,November,Q4,West,Nevada,International Foods,Maggi,Wholesale,Family,50,4.29,214.5,0,214.5,59.69
ORD-102452,CUST-0141,29-11-2024,2024,11,November,Q4,South,Tennessee,Coffee & Creamers,Nescafé CLASICO,Online,Family,20,9.49,189.8,0,189.8,55.4
ORD-100876,CUST-0208,30-11-2024,2024,11,November,Q4,West,Colorado,International Foods,Maggi,Wholesale,Family,5,4.29,21.45,1.72,19.73,5.1
ORD-102356,CUST-0721,30-11-2024,2024,11,November,Q4,West,Oregon,Drinks,Milo,Retail,Family,50,5.99,299.5,44.92,254.58,59.52
ORD-100247,CUST-0552,01-12-2024,2024,12,December,Q4,East,Massachusetts,Drinks,Milo,Supermarket,Mass Market,100,5.99,599,29.95,569.05,143
ORD-103050,CUST-0049,01-12-2024,2024,12,December,Q4,West,Nevada,Coffee & Creamers,Nescafé,Convenience,Mass Market,40,8.99,359.6,7.19,352.41,116.94
ORD-103794,CUST-0070,01-12-2024,2024,12,December,Q4,Central,Missouri,Frozen Foods,Hot Pockets,Wholesale,Family,10,5.99,59.9,4.79,55.11,14.02
ORD-104706,CUST-0588,01-12-2024,2024,12,December,Q4,East,Maryland,Baking,Nestlé Toll House,Supermarket,Premium,10,4.99,49.9,4.99,44.91,13.17
ORD-103058,CUST-0208,02-12-2024,2024,12,December,Q4,West,Washington,Frozen Pizza,Jack's Pizza,Retail,Premium,50,5.99,299.5,5.99,293.51,75.39
ORD-103155,CUST-0779,02-12-2024,2024,12,December,Q4,East,Massachusetts,Drinks,Nesquik,Convenience,Mass Market,50,6.49,324.5,16.23,308.27,69.82
ORD-104130,CUST-0779,02-12-2024,2024,12,December,Q4,West,Colorado,International Foods,Abuelita,Wholesale,Mass Market,30,5.49,164.7,8.24,156.46,44.39
ORD-104847,CUST-0229,02-12-2024,2024,12,December,Q4,South,North Carolina,Frozen Pizza,DiGiorno,Retail,Mass Market,20,7.99,159.8,7.99,151.81,29.2
ORD-100109,CUST-0685,03-12-2024,2024,12,December,Q4,West,Colorado,Drinks,Nido,Supermarket,Premium,25,10.99,274.75,0,274.75,56.53
ORD-101773,CUST-0118,03-12-2024,2024,12,December,Q4,South,Texas,Coffee & Creamers,Nescafé CLASICO,Retail,Mass Market,5,9.49,47.45,7.12,40.33,12.71
ORD-102117,CUST-0744,03-12-2024,2024,12,December,Q4,East,New York,Drinks,Nesquik,Online,Health & Wellness,40,6.49,259.6,5.19,254.41,61.88
ORD-103846,CUST-0458,03-12-2024,2024,12,December,Q4,Central,Wisconsin,Drinks,Milo,Online,Family,20,5.99,119.8,5.99,113.81,24.31
ORD-101473,CUST-0449,04-12-2024,2024,12,December,Q4,South,Louisiana,Drinks,Nido,Retail,Mass Market,40,10.99,439.6,35.17,404.43,81.2
ORD-101812,CUST-0126,04-12-2024,2024,12,December,Q4,South,Florida,International Foods,Maggi,Convenience,Premium,5,4.29,21.45,1.07,20.38,5.74
ORD-102314,CUST-0570,04-12-2024,2024,12,December,Q4,Central,Ohio,Drinks,Nido,Retail,Mass Market,30,10.99,329.7,16.48,313.21,74.54
ORD-102675,CUST-0049,04-12-2024,2024,12,December,Q4,South,Louisiana,Frozen Pizza,DiGiorno,Retail,Family,20,7.99,159.8,7.99,151.81,32.8
ORD-101901,CUST-0692,05-12-2024,2024,12,December,Q4,Central,Ohio,International Foods,El Mejor Nido,Retail,Family,15,8.49,127.35,0,127.35,33.5
ORD-102162,CUST-0323,05-12-2024,2024,12,December,Q4,Central,Michigan,International Foods,El Mejor Nido,Wholesale,Mass Market,30,8.49,254.7,5.09,249.61,57.72
ORD-103907,CUST-0237,05-12-2024,2024,12,December,Q4,East,New York,Coffee & Creamers,Nescafé CLASICO,Retail,Family,30,9.49,284.7,28.47,256.23,75.86
ORD-100070,CUST-0110,06-12-2024,2024,12,December,Q4,South,Texas,Drinks,Milo,Retail,Premium,50,5.99,299.5,0,299.5,64.01
ORD-100956,CUST-0498,06-12-2024,2024,12,December,Q4,East,New Jersey,International Foods,El Mejor Nido,Retail,Family,30,8.49,254.7,12.74,241.96,50.78
ORD-102045,CUST-0727,06-12-2024,2024,12,December,Q4,South,Louisiana,Frozen Foods,Stouffer's,Convenience,Mass Market,15,8.99,134.85,6.74,128.11,31.26
ORD-104632,CUST-0440,06-12-2024,2024,12,December,Q4,East,New York,Coffee & Creamers,Nescafé,Retail,Family,15,8.99,134.85,10.79,124.06,38.52
ORD-100366,CUST-0290,07-12-2024,2024,12,December,Q4,East,Pennsylvania,Frozen Foods,Lean Cuisine,Retail,Mass Market,30,6.49,194.7,15.58,179.12,42.02
ORD-101439,CUST-0243,07-12-2024,2024,12,December,Q4,West,Oregon,International Foods,Maggi,Online,Family,20,4.29,85.8,6.86,78.94,20.44
ORD-102075,CUST-0501,07-12-2024,2024,12,December,Q4,South,Louisiana,Coffee & Creamers,Nescafé CLASICO,Retail,Mass Market,30,9.49,284.7,22.78,261.92,78.3
ORD-104954,CUST-0619,07-12-2024,2024,12,December,Q4,Central,Michigan,Frozen Foods,Lean Cuisine,Retail,Health & Wellness,30,6.49,194.7,19.47,175.23,33.37
ORD-100064,CUST-0715,08-12-2024,2024,12,December,Q4,East,Maryland,Frozen Foods,Lean Cuisine,Retail,Family,15,6.49,97.35,0,97.35,14.82
ORD-100273,CUST-0774,08-12-2024,2024,12,December,Q4,South,Florida,Baking,La Lechera,Retail,Mass Market,30,4.49,134.7,13.47,121.23,37.96
ORD-100990,CUST-0468,08-12-2024,2024,12,December,Q4,South,Louisiana,Frozen Foods,Stouffer's,Online,Family,40,8.99,359.6,35.96,323.64,66.98
ORD-101294,CUST-0336,08-12-2024,2024,12,December,Q4,Central,Wisconsin,Coffee & Creamers,Nescafé CLASICO,Supermarket,Health & Wellness,40,9.49,379.6,0,379.6,120.9
ORD-101614,CUST-0542,08-12-2024,2024,12,December,Q4,East,Virginia,Frozen Pizza,DiGiorno,Online,Premium,25,7.99,199.75,9.99,189.76,38.99
ORD-102260,CUST-0634,08-12-2024,2024,12,December,Q4,East,Pennsylvania,Baking,La Lechera,Supermarket,Mass Market,10,4.49,44.9,0,44.9,11.17
ORD-102406,CUST-0659,08-12-2024,2024,12,December,Q4,Central,Missouri,International Foods,Maggi,Online,Family,10,4.29,42.9,0,42.9,11.75
ORD-103556,CUST-0546,08-12-2024,2024,12,December,Q4,Central,Minnesota,Frozen Pizza,Tombstone,Supermarket,Family,20,6.99,139.8,20.97,118.83,28.09
ORD-104014,CUST-0683,08-12-2024,2024,12,December,Q4,West,Washington,Frozen Foods,Lean Cuisine,Wholesale,Premium,10,6.49,64.9,5.19,59.71,17.16
ORD-104968,CUST-0657,08-12-2024,2024,12,December,Q4,Central,Wisconsin,International Foods,El Mejor Nido,Online,Premium,75,8.49,636.75,95.51,541.24,177.26
ORD-100115,CUST-0498,09-12-2024,2024,12,December,Q4,Central,Missouri,Coffee & Creamers,Coffee mate,Retail,Family,20,7.49,149.8,7.49,142.31,45.33
ORD-100877,CUST-0165,09-12-2024,2024,12,December,Q4,Central,Wisconsin,Frozen Foods,Stouffer's,Online,Premium,25,8.99,224.75,4.5,220.26,46.2
ORD-101058,CUST-0012,10-12-2024,2024,12,December,Q4,East,Pennsylvania,Coffee & Creamers,Nescafé,Retail,Family,10,8.99,89.9,17.98,71.92,21.25
ORD-102126,CUST-0125,10-12-2024,2024,12,December,Q4,Central,Michigan,Coffee & Creamers,Nescafé,Wholesale,Mass Market,20,8.99,179.8,8.99,170.81,48.82
ORD-102183,CUST-0154,10-12-2024,2024,12,December,Q4,West,California,Drinks,Nesquik,Online,Family,5,6.49,32.45,1.62,30.83,6.98
ORD-103071,CUST-0508,10-12-2024,2024,12,December,Q4,Central,Minnesota,Frozen Pizza,Tombstone,Retail,Premium,30,6.99,209.7,10.49,199.22,49.38
ORD-103164,CUST-0227,10-12-2024,2024,12,December,Q4,East,Maryland,Frozen Pizza,Tombstone,Online,Mass Market,20,6.99,139.8,13.98,125.82,29.75
ORD-103329,CUST-0105,10-12-2024,2024,12,December,Q4,West,California,Coffee & Creamers,Nescafé,Supermarket,Health & Wellness,15,8.99,134.85,0,134.85,32.82
ORD-102041,CUST-0733,11-12-2024,2024,12,December,Q4,South,Florida,Baking,La Lechera,Retail,Mass Market,15,4.49,67.35,0,67.35,22.08
ORD-104455,CUST-0071,11-12-2024,2024,12,December,Q4,South,Louisiana,Frozen Foods,Hot Pockets,Online,Family,15,5.99,89.85,1.8,88.05,17.86
ORD-100871,CUST-0778,12-12-2024,2024,12,December,Q4,East,New York,International Foods,Abuelita,Retail,Premium,75,5.49,411.75,20.59,391.16,91.51
ORD-101139,CUST-0275,12-12-2024,2024,12,December,Q4,East,Virginia,Baking,La Lechera,Supermarket,Mass Market,50,4.49,224.5,33.67,190.82,59.45
ORD-102289,CUST-0620,12-12-2024,2024,12,December,Q4,East,Pennsylvania,Baking,Carnation,Supermarket,Health & Wellness,25,3.99,99.75,4.99,94.76,30.9
ORD-104084,CUST-0221,12-12-2024,2024,12,December,Q4,Central,Michigan,Frozen Foods,Stouffer's,Supermarket,Mass Market,10,8.99,89.9,13.49,76.42,17.84
ORD-102622,CUST-0677,13-12-2024,2024,12,December,Q4,South,Georgia,Baking,Carnation,Convenience,Health & Wellness,25,3.99,99.75,4.99,94.76,32.1
ORD-104390,CUST-0535,13-12-2024,2024,12,December,Q4,West,Washington,Frozen Pizza,DiGiorno,Retail,Family,25,7.99,199.75,15.98,183.77,48.13
ORD-101157,CUST-0208,14-12-2024,2024,12,December,Q4,West,Washington,Frozen Foods,Stouffer's,Supermarket,Mass Market,40,8.99,359.6,7.19,352.41,66.83
ORD-102777,CUST-0667,14-12-2024,2024,12,December,Q4,West,Arizona,Frozen Foods,Stouffer's,Online,Family,10,8.99,89.9,13.49,76.42,16.33
ORD-104238,CUST-0418,14-12-2024,2024,12,December,Q4,South,Louisiana,Coffee & Creamers,Nescafé,Online,Family,100,8.99,899,134.85,764.15,200.93
ORD-100038,CUST-0444,15-12-2024,2024,12,December,Q4,West,Oregon,Baking,Nestlé Toll House,Online,Family,20,4.99,99.8,4.99,94.81,24.62
ORD-102335,CUST-0092,15-12-2024,2024,12,December,Q4,West,Nevada,Coffee & Creamers,Nescafé,Online,Family,10,8.99,89.9,8.99,80.91,24.85
ORD-101049,CUST-0675,16-12-2024,2024,12,December,Q4,South,Tennessee,Drinks,Nesquik,Retail,Mass Market,30,6.49,194.7,9.74,184.96,47.49
ORD-102046,CUST-0386,16-12-2024,2024,12,December,Q4,Central,Missouri,Baking,La Lechera,Retail,Family,5,4.49,22.45,1.8,20.65,6.38
ORD-102889,CUST-0403,16-12-2024,2024,12,December,Q4,South,North Carolina,Frozen Foods,Hot Pockets,Retail,Health & Wellness,25,5.99,149.75,0,149.75,30.43
ORD-100410,CUST-0448,17-12-2024,2024,12,December,Q4,West,Nevada,Coffee & Creamers,Nescafé,Supermarket,Family,5,8.99,44.95,4.5,40.46,10.14
ORD-102886,CUST-0344,17-12-2024,2024,12,December,Q4,South,Texas,International Foods,Abuelita,Online,Mass Market,25,5.49,137.25,10.98,126.27,37.87
ORD-101477,CUST-0036,18-12-2024,2024,12,December,Q4,South,Louisiana,Frozen Foods,Stouffer's,Wholesale,Health & Wellness,20,8.99,179.8,8.99,170.81,29
ORD-101886,CUST-0548,18-12-2024,2024,12,December,Q4,East,Massachusetts,Frozen Pizza,Jack's Pizza,Wholesale,Health & Wellness,75,5.99,449.25,35.94,413.31,102.87
ORD-103377,CUST-0201,18-12-2024,2024,12,December,Q4,South,Georgia,Coffee & Creamers,Nescafé CLASICO,Retail,Premium,40,9.49,379.6,7.59,372.01,101.82
ORD-103751,CUST-0462,18-12-2024,2024,12,December,Q4,South,Louisiana,Baking,Nestlé Toll House,Retail,Mass Market,10,4.99,49.9,1,48.9,12.38
ORD-104744,CUST-0253,18-12-2024,2024,12,December,Q4,South,North Carolina,Frozen Pizza,DiGiorno,Online,Premium,50,7.99,399.5,39.95,359.55,91.9
ORD-104956,CUST-0507,18-12-2024,2024,12,December,Q4,Central,Ohio,International Foods,Maggi,Online,Family,30,4.29,128.7,0,128.7,31.92
ORD-100495,CUST-0708,19-12-2024,2024,12,December,Q4,East,New York,Drinks,Milo,Supermarket,Mass Market,20,5.99,119.8,9.58,110.22,30.77
ORD-100884,CUST-0202,19-12-2024,2024,12,December,Q4,West,California,International Foods,Maggi,Retail,Mass Market,20,4.29,85.8,0,85.8,23.95
ORD-101054,CUST-0148,19-12-2024,2024,12,December,Q4,South,Louisiana,Baking,La Lechera,Supermarket,Family,50,4.49,224.5,22.45,202.05,63.42
ORD-102901,CUST-0445,19-12-2024,2024,12,December,Q4,West,Arizona,Baking,Nestlé Toll House,Online,Mass Market,15,4.99,74.85,5.99,68.86,22.17
ORD-104236,CUST-0442,19-12-2024,2024,12,December,Q4,East,Pennsylvania,International Foods,Abuelita,Convenience,Health & Wellness,20,5.49,109.8,0,109.8,31.78
ORD-101047,CUST-0259,20-12-2024,2024,12,December,Q4,West,Nevada,Coffee & Creamers,Nescafé,Online,Health & Wellness,5,8.99,44.95,3.6,41.35,11.37
ORD-101098,CUST-0454,20-12-2024,2024,12,December,Q4,West,California,Drinks,Nesquik,Supermarket,Premium,15,6.49,97.35,4.87,92.48,22.03
ORD-102285,CUST-0465,20-12-2024,2024,12,December,Q4,West,Washington,Drinks,Nesquik,Wholesale,Mass Market,30,6.49,194.7,3.89,190.81,35.32
ORD-102017,CUST-0009,21-12-2024,2024,12,December,Q4,East,Virginia,International Foods,Abuelita,Online,Health & Wellness,15,5.49,82.35,6.59,75.76,20.86
ORD-102358,CUST-0409,21-12-2024,2024,12,December,Q4,West,Nevada,Frozen Foods,Lean Cuisine,Wholesale,Family,10,6.49,64.9,6.49,58.41,12.39
ORD-103885,CUST-0039,21-12-2024,2024,12,December,Q4,South,Louisiana,Frozen Pizza,Jack's Pizza,Wholesale,Mass Market,20,5.99,119.8,5.99,113.81,29.02
ORD-104599,CUST-0528,21-12-2024,2024,12,December,Q4,East,Maryland,Baking,Nestlé Toll House,Supermarket,Mass Market,5,4.99,24.95,0,24.95,7.03
ORD-100673,CUST-0407,22-12-2024,2024,12,December,Q4,West,Washington,Frozen Pizza,Tombstone,Wholesale,Premium,20,6.99,139.8,0,139.8,38.96
ORD-102839,CUST-0406,22-12-2024,2024,12,December,Q4,South,North Carolina,Drinks,Nesquik,Retail,Family,40,6.49,259.6,25.96,233.64,51.32
ORD-104816,CUST-0701,22-12-2024,2024,12,December,Q4,South,Tennessee,International Foods,Abuelita,Convenience,Health & Wellness,75,5.49,411.75,61.76,349.99,109.73
ORD-101536,CUST-0657,23-12-2024,2024,12,December,Q4,West,Arizona,International Foods,El Mejor Nido,Online,Premium,20,8.49,169.8,16.98,152.82,43.9
ORD-101634,CUST-0440,23-12-2024,2024,12,December,Q4,South,Louisiana,Baking,Carnation,Retail,Family,15,3.99,59.85,5.98,53.86,18.06
ORD-103099,CUST-0714,23-12-2024,2024,12,December,Q4,West,Arizona,Coffee & Creamers,Nescafé CLASICO,Online,Health & Wellness,15,9.49,142.35,7.12,135.23,36.15
ORD-103311,CUST-0083,23-12-2024,2024,12,December,Q4,Central,Illinois,International Foods,Maggi,Convenience,Mass Market,75,4.29,321.75,0,321.75,89.18
ORD-104293,CUST-0058,23-12-2024,2024,12,December,Q4,Central,Missouri,Baking,Carnation,Online,Premium,25,3.99,99.75,7.98,91.77,26.73
ORD-102846,CUST-0053,24-12-2024,2024,12,December,Q4,East,New Jersey,International Foods,Abuelita,Convenience,Family,10,5.49,54.9,1.1,53.8,15.15
ORD-103711,CUST-0399,24-12-2024,2024,12,December,Q4,West,California,Frozen Pizza,DiGiorno,Online,Premium,30,7.99,239.7,35.96,203.74,50.25
ORD-104488,CUST-0090,24-12-2024,2024,12,December,Q4,East,Pennsylvania,Frozen Pizza,Tombstone,Retail,Mass Market,40,6.99,279.6,22.37,257.23,73.61
ORD-102344,CUST-0360,25-12-2024,2024,12,December,Q4,East,New York,Coffee & Creamers,Nescafé CLASICO,Convenience,Family,50,9.49,474.5,23.72,450.78,148.52
ORD-102475,CUST-0131,25-12-2024,2024,12,December,Q4,Central,Missouri,Baking,La Lechera,Retail,Family,20,4.49,89.8,0,89.8,22.52
ORD-103778,CUST-0481,25-12-2024,2024,12,December,Q4,Central,Illinois,International Foods,El Mejor Nido,Retail,Family,5,8.49,42.45,0,42.45,10.2
ORD-104145,CUST-0145,25-12-2024,2024,12,December,Q4,South,North Carolina,Baking,Nestlé Toll House,Online,Premium,25,4.99,124.75,6.24,118.51,34.3
ORD-104230,CUST-0060,25-12-2024,2024,12,December,Q4,West,Nevada,Frozen Pizza,Jack's Pizza,Supermarket,Premium,75,5.99,449.25,89.85,359.4,83.75
ORD-104560,CUST-0660,25-12-2024,2024,12,December,Q4,South,Louisiana,Frozen Pizza,Jack's Pizza,Online,Mass Market,40,5.99,239.6,19.17,220.43,58.14
ORD-100811,CUST-0067,26-12-2024,2024,12,December,Q4,South,Georgia,Coffee & Creamers,Coffee mate,Retail,Health & Wellness,10,7.49,74.9,5.99,68.91,24.59
ORD-101202,CUST-0125,26-12-2024,2024,12,December,Q4,West,Nevada,Frozen Pizza,DiGiorno,Supermarket,Family,20,7.99,159.8,7.99,151.81,40.66
ORD-102059,CUST-0505,27-12-2024,2024,12,December,Q4,Central,Wisconsin,Frozen Pizza,DiGiorno,Convenience,Family,40,7.99,319.6,0,319.6,82.26
ORD-102467,CUST-0068,27-12-2024,2024,12,December,Q4,East,Maryland,Frozen Pizza,Tombstone,Supermarket,Health & Wellness,25,6.99,174.75,13.98,160.77,41.44
ORD-103664,CUST-0652,27-12-2024,2024,12,December,Q4,West,Nevada,Coffee & Creamers,Coffee mate,Retail,Family,20,7.49,149.8,7.49,142.31,42.69
ORD-104143,CUST-0020,27-12-2024,2024,12,December,Q4,West,Nevada,International Foods,El Mejor Nido,Retail,Health & Wellness,75,8.49,636.75,31.84,604.91,175.32
ORD-104588,CUST-0760,27-12-2024,2024,12,December,Q4,West,Nevada,International Foods,Maggi,Wholesale,Premium,50,4.29,214.5,10.73,203.78,51.66
ORD-100351,CUST-0154,28-12-2024,2024,12,December,Q4,East,New York,Frozen Pizza,Tombstone,Online,Mass Market,15,6.99,104.85,8.39,96.46,24.28
ORD-101388,CUST-0136,28-12-2024,2024,12,December,Q4,West,Colorado,Frozen Foods,Lean Cuisine,Wholesale,Mass Market,30,6.49,194.7,3.89,190.81,44.18
ORD-101930,CUST-0224,28-12-2024,2024,12,December,Q4,West,Nevada,Drinks,Nido,Supermarket,Mass Market,10,10.99,109.9,2.2,107.7,22.89
ORD-103012,CUST-0128,28-12-2024,2024,12,December,Q4,East,New Jersey,Frozen Foods,Hot Pockets,Online,Mass Market,10,5.99,59.9,8.99,50.92,9.8
ORD-103655,CUST-0578,28-12-2024,2024,12,December,Q4,West,California,Coffee & Creamers,Nescafé CLASICO,Convenience,Mass Market,20,9.49,189.8,3.8,186,48.85
ORD-104000,CUST-0015,28-12-2024,2024,12,December,Q4,West,California,Frozen Foods,Hot Pockets,Wholesale,Family,40,5.99,239.6,0,239.6,51.06
ORD-100985,CUST-0132,29-12-2024,2024,12,December,Q4,Central,Ohio,Drinks,Nesquik,Supermarket,Family,25,6.49,162.25,24.34,137.91,32.7
ORD-103392,CUST-0502,29-12-2024,2024,12,December,Q4,South,Texas,Coffee & Creamers,Coffee mate,Retail,Premium,75,7.49,561.75,56.18,505.58,160.23
ORD-104707,CUST-0081,29-12-2024,2024,12,December,Q4,South,Georgia,Baking,Carnation,Retail,Family,15,3.99,59.85,1.2,58.65,16.43
ORD-103102,CUST-0591,30-12-2024,2024,12,December,Q4,Central,Wisconsin,Drinks,Milo,Retail,Health & Wellness,50,5.99,299.5,23.96,275.54,62.36
ORD-102525,CUST-0581,31-12-2024,2024,12,December,Q4,South,Tennessee,Frozen Foods,Stouffer's,Retail,Premium,10,8.99,89.9,4.5,85.4,22.01
ORD-102556,CUST-0072,31-12-2024,2024,12,December,Q4,South,Texas,Coffee & Creamers,Coffee mate,Convenience,Mass Market,30,7.49,224.7,11.24,213.46,48.16
ORD-102655,CUST-0432,31-12-2024,2024,12,December,Q4,South,Louisiana,Coffee & Creamers,Coffee mate,Online,Health & Wellness,25,7.49,187.25,0,187.25,53.52
ORD-100678,CUST-0135,01-01-2025,2025,1,January,Q1,East,New York,Frozen Pizza,DiGiorno,Wholesale,Premium,25,7.99,199.75,29.96,169.79,47.07
ORD-101257,CUST-0603,01-01-2025,2025,1,January,Q1,West,Washington,Frozen Pizza,DiGiorno,Wholesale,Mass Market,25,7.99,199.75,0,199.75,51.65
ORD-101610,CUST-0748,02-01-2025,2025,1,January,Q1,Central,Michigan,Drinks,Nesquik,Online,Family,30,6.49,194.7,38.94,155.76,37.8
ORD-102171,CUST-0014,02-01-2025,2025,1,January,Q1,Central,Missouri,Drinks,Nido,Supermarket,Mass Market,15,10.99,164.85,32.97,131.88,40.59
ORD-104198,CUST-0703,02-01-2025,2025,1,January,Q1,East,Maryland,Coffee & Creamers,Nescafé,Online,Mass Market,30,8.99,269.7,5.39,264.31,65.22
ORD-104482,CUST-0194,02-01-2025,2025,1,January,Q1,East,Pennsylvania,Frozen Pizza,DiGiorno,Wholesale,Family,5,7.99,39.95,2,37.95,9.35
ORD-104633,CUST-0149,02-01-2025,2025,1,January,Q1,South,Florida,Frozen Foods,Hot Pockets,Convenience,Family,40,5.99,239.6,4.79,234.81,47.22
ORD-100054,CUST-0530,03-01-2025,2025,1,January,Q1,South,Georgia,Drinks,Nido,Online,Family,20,10.99,219.8,4.4,215.4,50.5
ORD-100234,CUST-0133,03-01-2025,2025,1,January,Q1,East,Pennsylvania,International Foods,Maggi,Wholesale,Mass Market,40,4.29,171.6,13.73,157.87,48.32
ORD-101005,CUST-0465,03-01-2025,2025,1,January,Q1,South,Louisiana,Drinks,Nesquik,Online,Mass Market,15,6.49,97.35,0,97.35,24.8
ORD-102180,CUST-0611,03-01-2025,2025,1,January,Q1,East,Pennsylvania,Frozen Foods,Hot Pockets,Online,Health & Wellness,20,5.99,119.8,0,119.8,25.74
ORD-104780,CUST-0377,03-01-2025,2025,1,January,Q1,West,Nevada,Frozen Foods,Stouffer's,Retail,Family,30,8.99,269.7,5.39,264.31,66.04
ORD-100786,CUST-0615,04-01-2025,2025,1,January,Q1,South,Texas,Coffee & Creamers,Coffee mate,Convenience,Family,25,7.49,187.25,14.98,172.27,49.77
ORD-101539,CUST-0021,04-01-2025,2025,1,January,Q1,West,Oregon,Coffee & Creamers,Nescafé,Online,Family,10,8.99,89.9,1.8,88.1,24.12
ORD-101862,CUST-0138,04-01-2025,2025,1,January,Q1,Central,Illinois,International Foods,El Mejor Nido,Convenience,Family,25,8.49,212.25,10.61,201.64,58.3
ORD-103614,CUST-0008,04-01-2025,2025,1,January,Q1,South,Georgia,Baking,Carnation,Convenience,Mass Market,50,3.99,199.5,15.96,183.54,50.27
ORD-103828,CUST-0363,04-01-2025,2025,1,January,Q1,East,New York,International Foods,Maggi,Supermarket,Premium,15,4.29,64.35,3.22,61.13,14.28
ORD-100988,CUST-0528,05-01-2025,2025,1,January,Q1,East,New Jersey,Frozen Pizza,Tombstone,Online,Family,15,6.99,104.85,8.39,96.46,23.75
ORD-101360,CUST-0409,05-01-2025,2025,1,January,Q1,Central,Ohio,Frozen Foods,Stouffer's,Supermarket,Premium,15,8.99,134.85,13.48,121.36,18.22
ORD-101774,CUST-0734,05-01-2025,2025,1,January,Q1,South,Louisiana,Baking,La Lechera,Wholesale,Premium,75,4.49,336.75,33.68,303.08,92.78
ORD-102066,CUST-0734,05-01-2025,2025,1,January,Q1,South,Tennessee,Frozen Pizza,DiGiorno,Supermarket,Health & Wellness,15,7.99,119.85,5.99,113.86,21.75
ORD-102883,CUST-0247,05-01-2025,2025,1,January,Q1,West,Nevada,Frozen Pizza,Jack's Pizza,Convenience,Premium,75,5.99,449.25,0,449.25,110.46
ORD-103699,CUST-0512,05-01-2025,2025,1,January,Q1,South,Florida,Frozen Pizza,Jack's Pizza,Retail,Premium,10,5.99,59.9,1.2,58.7,11.54
ORD-104841,CUST-0660,05-01-2025,2025,1,January,Q1,South,North Carolina,Frozen Foods,Lean Cuisine,Retail,Family,10,6.49,64.9,0,64.9,15.81
ORD-105006,CUST-0685,05-01-2025,2025,1,January,Q1,West,Arizona,Coffee & Creamers,Coffee mate,Wholesale,Mass Market,30,7.49,224.7,11.24,213.46,53.52
ORD-100498,CUST-0779,06-01-2025,2025,1,January,Q1,West,Arizona,Frozen Foods,Hot Pockets,Retail,Health & Wellness,25,5.99,149.75,0,149.75,34.9
ORD-102006,CUST-0655,06-01-2025,2025,1,January,Q1,Central,Illinois,Frozen Foods,Hot Pockets,Convenience,Family,20,5.99,119.8,11.98,107.82,24.61
ORD-102277,CUST-0462,06-01-2025,2025,1,January,Q1,Central,Illinois,Frozen Foods,Lean Cuisine,Online,Family,10,6.49,64.9,0,64.9,14.75
ORD-102762,CUST-0032,06-01-2025,2025,1,January,Q1,West,Arizona,Baking,Nestlé Toll House,Supermarket,Premium,10,4.99,49.9,2.5,47.41,15.59
ORD-103697,CUST-0745,06-01-2025,2025,1,January,Q1,South,Texas,Coffee & Creamers,Coffee mate,Online,Mass Market,25,7.49,187.25,3.74,183.5,47.83
ORD-104056,CUST-0328,06-01-2025,2025,1,January,Q1,West,Arizona,Frozen Foods,Hot Pockets,Supermarket,Family,15,5.99,89.85,0,89.85,18.44
ORD-100077,CUST-0432,07-01-2025,2025,1,January,Q1,South,Georgia,International Foods,Maggi,Retail,Family,15,4.29,64.35,9.65,54.7,15.51
ORD-100226,CUST-0074,07-01-2025,2025,1,January,Q1,West,California,Coffee & Creamers,Nescafé,Wholesale,Premium,5,8.99,44.95,0.9,44.05,12.05
ORD-100373,CUST-0279,07-01-2025,2025,1,January,Q1,West,Washington,Frozen Pizza,Jack's Pizza,Supermarket,Mass Market,15,5.99,89.85,0,89.85,22.52
ORD-101411,CUST-0149,07-01-2025,2025,1,January,Q1,West,Colorado,Frozen Foods,Lean Cuisine,Wholesale,Mass Market,5,6.49,32.45,0,32.45,6.83
ORD-102184,CUST-0552,07-01-2025,2025,1,January,Q1,East,New York,Frozen Foods,Lean Cuisine,Supermarket,Family,40,6.49,259.6,38.94,220.66,43.1
ORD-103737,CUST-0714,07-01-2025,2025,1,January,Q1,Central,Ohio,International Foods,Abuelita,Retail,Premium,5,5.49,27.45,2.75,24.7,6.46
ORD-104059,CUST-0765,07-01-2025,2025,1,January,Q1,South,Florida,Frozen Foods,Lean Cuisine,Retail,Mass Market,25,6.49,162.25,3.24,159,30.34
ORD-104549,CUST-0168,07-01-2025,2025,1,January,Q1,Central,Ohio,Frozen Foods,Hot Pockets,Online,Family,75,5.99,449.25,8.98,440.26,99.99
ORD-102513,CUST-0090,08-01-2025,2025,1,January,Q1,East,Pennsylvania,International Foods,El Mejor Nido,Supermarket,Mass Market,40,8.49,339.6,33.96,305.64,67.9
ORD-103852,CUST-0329,08-01-2025,2025,1,January,Q1,West,Arizona,Frozen Foods,Lean Cuisine,Supermarket,Mass Market,30,6.49,194.7,15.58,179.12,39.26
ORD-104295,CUST-0722,08-01-2025,2025,1,January,Q1,East,Pennsylvania,Frozen Pizza,Tombstone,Online,Premium,30,6.99,209.7,4.19,205.51,55.07
ORD-104357,CUST-0514,08-01-2025,2025,1,January,Q1,West,Colorado,Frozen Foods,Lean Cuisine,Online,Family,40,6.49,259.6,38.94,220.66,45.03
ORD-100457,CUST-0609,09-01-2025,2025,1,January,Q1,West,Arizona,Frozen Pizza,DiGiorno,Convenience,Premium,25,7.99,199.75,19.98,179.78,40.68
ORD-100841,CUST-0444,09-01-2025,2025,1,January,Q1,West,Oregon,Frozen Foods,Stouffer's,Supermarket,Health & Wellness,5,8.99,44.95,0.9,44.05,8.82
ORD-101039,CUST-0527,09-01-2025,2025,1,January,Q1,West,Arizona,Coffee & Creamers,Coffee mate,Supermarket,Mass Market,15,7.49,112.35,11.24,101.12,31.35
ORD-103207,CUST-0721,10-01-2025,2025,1,January,Q1,South,North Carolina,International Foods,Maggi,Online,Mass Market,15,4.29,64.35,6.44,57.91,17.34
ORD-103789,CUST-0437,10-01-2025,2025,1,January,Q1,West,California,Drinks,Milo,Retail,Premium,25,5.99,149.75,7.49,142.26,35.59
ORD-104253,CUST-0167,10-01-2025,2025,1,January,Q1,East,Maryland,Coffee & Creamers,Nescafé,Online,Premium,15,8.99,134.85,2.7,132.15,39.6
ORD-104670,CUST-0730,11-01-2025,2025,1,January,Q1,Central,Michigan,Coffee & Creamers,Nescafé,Convenience,Premium,15,8.99,134.85,0,134.85,32.51
ORD-101506,CUST-0475,12-01-2025,2025,1,January,Q1,East,Maryland,Coffee & Creamers,Coffee mate,Convenience,Premium,25,7.49,187.25,14.98,172.27,45.99
ORD-102549,CUST-0209,12-01-2025,2025,1,January,Q1,East,New York,Coffee & Creamers,Nescafé CLASICO,Online,Premium,40,9.49,379.6,37.96,341.64,86.79
ORD-103301,CUST-0077,12-01-2025,2025,1,January,Q1,East,New Jersey,Frozen Foods,Lean Cuisine,Retail,Premium,50,6.49,324.5,25.96,298.54,67.06
ORD-104401,CUST-0787,12-01-2025,2025,1,January,Q1,West,Colorado,International Foods,El Mejor Nido,Wholesale,Family,50,8.49,424.5,8.49,416.01,108.89
ORD-104672,CUST-0485,12-01-2025,2025,1,January,Q1,South,Tennessee,International Foods,El Mejor Nido,Retail,Premium,15,8.49,127.35,10.19,117.16,29.2
ORD-100306,CUST-0043,13-01-2025,2025,1,January,Q1,South,Texas,International Foods,Maggi,Online,Mass Market,15,4.29,64.35,9.65,54.7,11.16
ORD-101325,CUST-0694,13-01-2025,2025,1,January,Q1,South,North Carolina,Frozen Foods,Hot Pockets,Retail,Family,25,5.99,149.75,22.46,127.29,31
ORD-102205,CUST-0327,13-01-2025,2025,1,January,Q1,Central,Michigan,Frozen Foods,Hot Pockets,Supermarket,Mass Market,50,5.99,299.5,5.99,293.51,56.01
ORD-101118,CUST-0785,14-01-2025,2025,1,January,Q1,South,Louisiana,International Foods,Abuelita,Online,Family,30,5.49,164.7,16.47,148.23,40.8
ORD-101313,CUST-0042,14-01-2025,2025,1,January,Q1,Central,Illinois,International Foods,Maggi,Supermarket,Premium,25,4.29,107.25,2.14,105.1,23.29
ORD-102928,CUST-0057,14-01-2025,2025,1,January,Q1,South,North Carolina,Coffee & Creamers,Nescafé CLASICO,Online,Family,5,9.49,47.45,3.8,43.65,11.79
ORD-103268,CUST-0414,14-01-2025,2025,1,January,Q1,Central,Illinois,Baking,Nestlé Toll House,Online,Family,15,4.99,74.85,0,74.85,22.91
ORD-103400,CUST-0327,14-01-2025,2025,1,January,Q1,Central,Minnesota,Frozen Pizza,Jack's Pizza,Convenience,Health & Wellness,25,5.99,149.75,0,149.75,43.31
ORD-100321,CUST-0512,15-01-2025,2025,1,January,Q1,Central,Illinois,Drinks,Nesquik,Convenience,Family,20,6.49,129.8,0,129.8,28.48
ORD-101881,CUST-0694,15-01-2025,2025,1,January,Q1,Central,Missouri,Frozen Foods,Lean Cuisine,Convenience,Family,25,6.49,162.25,24.34,137.91,24.23
ORD-103281,CUST-0030,15-01-2025,2025,1,January,Q1,East,New Jersey,Coffee & Creamers,Coffee mate,Wholesale,Health & Wellness,30,7.49,224.7,11.24,213.46,62.4
ORD-104582,CUST-0390,15-01-2025,2025,1,January,Q1,East,Virginia,Frozen Foods,Lean Cuisine,Retail,Health & Wellness,75,6.49,486.75,48.68,438.08,96.14
ORD-100377,CUST-0612,16-01-2025,2025,1,January,Q1,South,Georgia,Frozen Foods,Stouffer's,Supermarket,Mass Market,25,8.99,224.75,11.24,213.51,49.54
ORD-101166,CUST-0234,17-01-2025,2025,1,January,Q1,South,Florida,Coffee & Creamers,Coffee mate,Retail,Health & Wellness,75,7.49,561.75,0,561.75,177.08
ORD-101824,CUST-0720,17-01-2025,2025,1,January,Q1,South,Florida,Drinks,Milo,Online,Family,30,5.99,179.7,26.96,152.74,36.46
ORD-103825,CUST-0252,17-01-2025,2025,1,January,Q1,West,Washington,Frozen Foods,Stouffer's,Online,Family,5,8.99,44.95,2.25,42.7,9.24
ORD-104135,CUST-0110,17-01-2025,2025,1,January,Q1,Central,Wisconsin,Coffee & Creamers,Coffee mate,Supermarket,Health & Wellness,5,7.49,37.45,0.75,36.7,8.06
ORD-104940,CUST-0186,17-01-2025,2025,1,January,Q1,South,Texas,Coffee & Creamers,Nescafé,Wholesale,Mass Market,75,8.99,674.25,33.71,640.54,204.5
ORD-100257,CUST-0395,18-01-2025,2025,1,January,Q1,South,North Carolina,Frozen Foods,Hot Pockets,Supermarket,Premium,30,5.99,179.7,17.97,161.73,36.86
ORD-101138,CUST-0226,18-01-2025,2025,1,January,Q1,East,Pennsylvania,Frozen Foods,Hot Pockets,Convenience,Premium,40,5.99,239.6,11.98,227.62,48.89
ORD-101400,CUST-0346,18-01-2025,2025,1,January,Q1,Central,Minnesota,Coffee & Creamers,Nescafé CLASICO,Retail,Family,25,9.49,237.25,23.72,213.52,58.12
ORD-102336,CUST-0037,18-01-2025,2025,1,January,Q1,East,Maryland,International Foods,Abuelita,Convenience,Family,10,5.49,54.9,1.1,53.8,12.22
ORD-104282,CUST-0651,18-01-2025,2025,1,January,Q1,Central,Wisconsin,Coffee & Creamers,Coffee mate,Convenience,Health & Wellness,25,7.49,187.25,0,187.25,56.72
ORD-104460,CUST-0635,18-01-2025,2025,1,January,Q1,Central,Ohio,International Foods,Abuelita,Retail,Family,25,5.49,137.25,27.45,109.8,32.34
ORD-104942,CUST-0268,18-01-2025,2025,1,January,Q1,East,Virginia,Drinks,Nesquik,Retail,Family,75,6.49,486.75,97.35,389.4,108.19
ORD-102465,CUST-0687,19-01-2025,2025,1,January,Q1,Central,Ohio,Coffee & Creamers,Coffee mate,Supermarket,Mass Market,25,7.49,187.25,0,187.25,49.1
ORD-103580,CUST-0361,19-01-2025,2025,1,January,Q1,East,Massachusetts,Drinks,Milo,Supermarket,Family,15,5.99,89.85,13.48,76.37,16.36
ORD-104086,CUST-0741,19-01-2025,2025,1,January,Q1,West,Arizona,International Foods,Abuelita,Retail,Family,100,5.49,549,54.9,494.1,132.08
ORD-101042,CUST-0591,20-01-2025,2025,1,January,Q1,South,Texas,Coffee & Creamers,Nescafé,Supermarket,Mass Market,30,8.99,269.7,53.94,215.76,52.67
ORD-102616,CUST-0466,20-01-2025,2025,1,January,Q1,West,Washington,Frozen Foods,Stouffer's,Retail,Family,75,8.99,674.25,67.42,606.83,135.12
ORD-103479,CUST-0297,20-01-2025,2025,1,January,Q1,East,Massachusetts,Frozen Foods,Lean Cuisine,Supermarket,Health & Wellness,40,6.49,259.6,20.77,238.83,55.84
ORD-103537,CUST-0644,20-01-2025,2025,1,January,Q1,West,Colorado,Frozen Foods,Stouffer's,Retail,Mass Market,20,8.99,179.8,3.6,176.2,37.6
ORD-104786,CUST-0556,20-01-2025,2025,1,January,Q1,East,Pennsylvania,Drinks,Nido,Supermarket,Family,50,10.99,549.5,43.96,505.54,143
ORD-102638,CUST-0762,21-01-2025,2025,1,January,Q1,South,Texas,Frozen Foods,Stouffer's,Retail,Health & Wellness,50,8.99,449.5,44.95,404.55,79.47
ORD-103908,CUST-0169,21-01-2025,2025,1,January,Q1,East,Virginia,Coffee & Creamers,Nescafé,Supermarket,Family,25,8.99,224.75,0,224.75,63.73
ORD-100123,CUST-0328,22-01-2025,2025,1,January,Q1,East,Maryland,International Foods,Abuelita,Wholesale,Family,30,5.49,164.7,8.24,156.46,34.03
ORD-100356,CUST-0069,22-01-2025,2025,1,January,Q1,Central,Ohio,Coffee & Creamers,Nescafé,Wholesale,Premium,20,8.99,179.8,14.38,165.42,46.14
ORD-101425,CUST-0526,22-01-2025,2025,1,January,Q1,South,North Carolina,Coffee & Creamers,Nescafé,Online,Family,30,8.99,269.7,53.94,215.76,60.09
ORD-103372,CUST-0700,22-01-2025,2025,1,January,Q1,Central,Michigan,Drinks,Nido,Supermarket,Premium,15,10.99,164.85,3.3,161.55,32.6
ORD-103987,CUST-0121,22-01-2025,2025,1,January,Q1,West,Nevada,Frozen Foods,Hot Pockets,Retail,Health & Wellness,5,5.99,29.95,4.49,25.46,5.29
ORD-102807,CUST-0279,23-01-2025,2025,1,January,Q1,Central,Michigan,Frozen Foods,Hot Pockets,Online,Mass Market,25,5.99,149.75,3,146.76,36.19
ORD-102966,CUST-0156,24-01-2025,2025,1,January,Q1,Central,Illinois,Drinks,Nido,Online,Family,40,10.99,439.6,8.79,430.81,127.71
ORD-103736,CUST-0508,24-01-2025,2025,1,January,Q1,East,Massachusetts,Baking,Carnation,Supermarket,Family,25,3.99,99.75,2,97.76,29.38
ORD-104041,CUST-0182,24-01-2025,2025,1,January,Q1,South,Florida,Frozen Foods,Stouffer's,Online,Premium,25,8.99,224.75,0,224.75,53.9
ORD-104492,CUST-0769,24-01-2025,2025,1,January,Q1,Central,Michigan,International Foods,Maggi,Wholesale,Family,15,4.29,64.35,3.22,61.13,15.01
ORD-100906,CUST-0253,25-01-2025,2025,1,January,Q1,South,Florida,Coffee & Creamers,Nescafé,Supermarket,Mass Market,40,8.99,359.6,17.98,341.62,101.26
ORD-101468,CUST-0304,25-01-2025,2025,1,January,Q1,East,Maryland,International Foods,Abuelita,Wholesale,Mass Market,30,5.49,164.7,16.47,148.23,43.22
ORD-102106,CUST-0069,25-01-2025,2025,1,January,Q1,East,Pennsylvania,Coffee & Creamers,Coffee mate,Online,Premium,10,7.49,74.9,0,74.9,21.97
ORD-103356,CUST-0348,25-01-2025,2025,1,January,Q1,West,California,International Foods,Abuelita,Supermarket,Mass Market,25,5.49,137.25,13.73,123.52,35.92
ORD-104065,CUST-0347,25-01-2025,2025,1,January,Q1,South,Louisiana,Frozen Pizza,Tombstone,Wholesale,Family,15,6.99,104.85,0,104.85,29.06
ORD-104411,CUST-0222,25-01-2025,2025,1,January,Q1,West,Oregon,Frozen Pizza,DiGiorno,Supermarket,Premium,5,7.99,39.95,0.8,39.15,10.18
ORD-104783,CUST-0581,25-01-2025,2025,1,January,Q1,Central,Wisconsin,Frozen Foods,Hot Pockets,Supermarket,Premium,20,5.99,119.8,0,119.8,23.42
ORD-104863,CUST-0012,25-01-2025,2025,1,January,Q1,West,Colorado,Frozen Pizza,DiGiorno,Retail,Health & Wellness,15,7.99,119.85,0,119.85,31.32
ORD-100067,CUST-0515,26-01-2025,2025,1,January,Q1,West,Nevada,Frozen Foods,Stouffer's,Wholesale,Premium,75,8.99,674.25,134.85,539.4,135.16
ORD-100853,CUST-0792,26-01-2025,2025,1,January,Q1,West,Nevada,International Foods,Maggi,Retail,Mass Market,20,4.29,85.8,4.29,81.51,22.22
ORD-102666,CUST-0139,26-01-2025,2025,1,January,Q1,East,Pennsylvania,Frozen Foods,Lean Cuisine,Wholesale,Health & Wellness,25,6.49,162.25,24.34,137.91,26.66
ORD-104016,CUST-0436,26-01-2025,2025,1,January,Q1,West,Arizona,Frozen Foods,Hot Pockets,Online,Health & Wellness,20,5.99,119.8,23.96,95.84,22.48
ORD-100492,CUST-0588,27-01-2025,2025,1,January,Q1,Central,Missouri,Coffee & Creamers,Nescafé,Retail,Mass Market,10,8.99,89.9,7.19,82.71,20.95
ORD-100998,CUST-0690,27-01-2025,2025,1,January,Q1,West,Oregon,Drinks,Nesquik,Supermarket,Family,30,6.49,194.7,0,194.7,48.22
ORD-101343,CUST-0251,27-01-2025,2025,1,January,Q1,South,Florida,Frozen Pizza,DiGiorno,Retail,Family,75,7.99,599.25,0,599.25,176.93
ORD-102148,CUST-0426,27-01-2025,2025,1,January,Q1,East,Virginia,International Foods,Maggi,Supermarket,Family,20,4.29,85.8,12.87,72.93,19.28
ORD-102194,CUST-0377,27-01-2025,2025,1,January,Q1,Central,Minnesota,Frozen Pizza,Tombstone,Wholesale,Mass Market,10,6.99,69.9,5.59,64.31,18.31
ORD-102325,CUST-0336,27-01-2025,2025,1,January,Q1,South,Florida,International Foods,Abuelita,Online,Mass Market,75,5.49,411.75,20.59,391.16,103.79
ORD-102771,CUST-0345,27-01-2025,2025,1,January,Q1,West,Arizona,Baking,Nestlé Toll House,Online,Family,25,4.99,124.75,9.98,114.77,30.56
ORD-100041,CUST-0457,28-01-2025,2025,1,January,Q1,West,Colorado,Frozen Foods,Stouffer's,Convenience,Family,40,8.99,359.6,35.96,323.64,69.12
ORD-103686,CUST-0556,28-01-2025,2025,1,January,Q1,Central,Illinois,International Foods,Maggi,Supermarket,Mass Market,20,4.29,85.8,12.87,72.93,20.02
ORD-103953,CUST-0070,28-01-2025,2025,1,January,Q1,South,Florida,International Foods,El Mejor Nido,Online,Family,5,8.49,42.45,4.24,38.21,10.42
ORD-104646,CUST-0407,28-01-2025,2025,1,January,Q1,Central,Michigan,Frozen Foods,Lean Cuisine,Supermarket,Family,15,6.49,97.35,7.79,89.56,20.2
ORD-103180,CUST-0043,29-01-2025,2025,1,January,Q1,Central,Michigan,Baking,Carnation,Wholesale,Health & Wellness,40,3.99,159.6,23.94,135.66,40.07
ORD-103459,CUST-0308,29-01-2025,2025,1,January,Q1,Central,Wisconsin,Frozen Pizza,DiGiorno,Wholesale,Family,5,7.99,39.95,4,35.96,7.42
ORD-104352,CUST-0489,29-01-2025,2025,1,January,Q1,Central,Missouri,Frozen Foods,Hot Pockets,Retail,Mass Market,50,5.99,299.5,0,299.5,70.44
ORD-101813,CUST-0595,30-01-2025,2025,1,January,Q1,West,Colorado,Drinks,Nido,Supermarket,Mass Market,20,10.99,219.8,4.4,215.4,51.28
ORD-102053,CUST-0425,30-01-2025,2025,1,January,Q1,West,Arizona,Frozen Foods,Stouffer's,Wholesale,Mass Market,10,8.99,89.9,8.99,80.91,13.03
ORD-103266,CUST-0647,30-01-2025,2025,1,January,Q1,West,Colorado,Coffee & Creamers,Nescafé,Online,Premium,25,8.99,224.75,17.98,206.77,58.67
ORD-103590,CUST-0302,30-01-2025,2025,1,January,Q1,West,Washington,International Foods,El Mejor Nido,Wholesale,Family,25,8.49,212.25,0,212.25,58.69
ORD-104124,CUST-0349,30-01-2025,2025,1,January,Q1,South,Georgia,Drinks,Nido,Wholesale,Family,15,10.99,164.85,13.19,151.66,38.67
ORD-101543,CUST-0145,01-02-2025,2025,2,February,Q1,Central,Minnesota,Frozen Foods,Hot Pockets,Online,Family,10,5.99,59.9,1.2,58.7,15.78
ORD-102580,CUST-0200,01-02-2025,2025,2,February,Q1,Central,Missouri,Frozen Foods,Lean Cuisine,Wholesale,Premium,15,6.49,97.35,9.74,87.62,18.91
ORD-104263,CUST-0349,01-02-2025,2025,2,February,Q1,East,New York,International Foods,El Mejor Nido,Online,Health & Wellness,25,8.49,212.25,16.98,195.27,41.58
ORD-104853,CUST-0214,01-02-2025,2025,2,February,Q1,South,Georgia,Frozen Foods,Lean Cuisine,Retail,Premium,10,6.49,64.9,3.25,61.66,14.84
ORD-101596,CUST-0376,03-02-2025,2025,2,February,Q1,Central,Illinois,Drinks,Milo,Retail,Health & Wellness,10,5.99,59.9,3,56.91,15.67
ORD-103754,CUST-0506,03-02-2025,2025,2,February,Q1,Central,Minnesota,Coffee & Creamers,Coffee mate,Retail,Premium,20,7.49,149.8,0,149.8,47.14
ORD-101303,CUST-0678,04-02-2025,2025,2,February,Q1,West,Oregon,Frozen Pizza,Jack's Pizza,Retail,Family,5,5.99,29.95,0,29.95,7.97
ORD-103020,CUST-0285,04-02-2025,2025,2,February,Q1,South,Georgia,Drinks,Nido,Convenience,Mass Market,15,10.99,164.85,13.19,151.66,37.91
ORD-101625,CUST-0383,05-02-2025,2025,2,February,Q1,West,California,Frozen Foods,Hot Pockets,Wholesale,Mass Market,50,5.99,299.5,14.98,284.52,54.7
ORD-103221,CUST-0064,05-02-2025,2025,2,February,Q1,East,Massachusetts,Frozen Foods,Stouffer's,Wholesale,Health & Wellness,25,8.99,224.75,11.24,213.51,47.1
ORD-100583,CUST-0124,06-02-2025,2025,2,February,Q1,East,New Jersey,Frozen Foods,Lean Cuisine,Supermarket,Family,15,6.49,97.35,1.95,95.4,25.51
ORD-103708,CUST-0425,06-02-2025,2025,2,February,Q1,East,Virginia,International Foods,Maggi,Retail,Premium,100,4.29,429,34.32,394.68,112.25
ORD-103993,CUST-0369,06-02-2025,2025,2,February,Q1,Central,Wisconsin,Frozen Pizza,DiGiorno,Wholesale,Family,40,7.99,319.6,15.98,303.62,76.5
ORD-100401,CUST-0666,07-02-2025,2025,2,February,Q1,West,Washington,Baking,Carnation,Supermarket,Health & Wellness,30,3.99,119.7,9.58,110.12,34.11
ORD-101300,CUST-0087,07-02-2025,2025,2,February,Q1,Central,Michigan,Frozen Foods,Hot Pockets,Wholesale,Mass Market,50,5.99,299.5,0,299.5,73.11
ORD-102303,CUST-0091,07-02-2025,2025,2,February,Q1,East,New Jersey,Coffee & Creamers,Coffee mate,Online,Health & Wellness,15,7.49,112.35,11.24,101.12,29.85
ORD-101167,CUST-0376,08-02-2025,2025,2,February,Q1,South,Tennessee,Frozen Pizza,Tombstone,Convenience,Family,75,6.99,524.25,78.64,445.61,88.21
ORD-101791,CUST-0605,08-02-2025,2025,2,February,Q1,West,Nevada,International Foods,Abuelita,Online,Family,50,5.49,274.5,21.96,252.54,61.65
ORD-102043,CUST-0151,08-02-2025,2025,2,February,Q1,Central,Wisconsin,Frozen Foods,Lean Cuisine,Retail,Family,10,6.49,64.9,9.74,55.17,13.36
ORD-102368,CUST-0075,08-02-2025,2025,2,February,Q1,Central,Missouri,Baking,Nestlé Toll House,Supermarket,Health & Wellness,10,4.99,49.9,2.5,47.41,13.94
ORD-103912,CUST-0437,08-02-2025,2025,2,February,Q1,East,Maryland,Coffee & Creamers,Coffee mate,Retail,Mass Market,15,7.49,112.35,5.62,106.73,29.42
ORD-100017,CUST-0240,09-02-2025,2025,2,February,Q1,East,New Jersey,International Foods,El Mejor Nido,Wholesale,Family,15,8.49,127.35,2.55,124.8,37.15
ORD-101671,CUST-0554,09-02-2025,2025,2,February,Q1,East,Massachusetts,Coffee & Creamers,Nescafé,Retail,Premium,5,8.99,44.95,3.6,41.35,10.9
ORD-102665,CUST-0637,09-02-2025,2025,2,February,Q1,Central,Illinois,Frozen Pizza,Jack's Pizza,Wholesale,Health & Wellness,20,5.99,119.8,5.99,113.81,34.31
ORD-102722,CUST-0740,09-02-2025,2025,2,February,Q1,South,North Carolina,Frozen Foods,Lean Cuisine,Online,Mass Market,40,6.49,259.6,0,259.6,54.8
ORD-104103,CUST-0619,09-02-2025,2025,2,February,Q1,Central,Wisconsin,International Foods,El Mejor Nido,Retail,Family,25,8.49,212.25,10.61,201.64,56.73
ORD-104410,CUST-0012,09-02-2025,2025,2,February,Q1,Central,Wisconsin,Frozen Pizza,DiGiorno,Supermarket,Family,100,7.99,799,79.9,719.1,192.72
ORD-100039,CUST-0251,10-02-2025,2025,2,February,Q1,Central,Michigan,Coffee & Creamers,Coffee mate,Supermarket,Family,40,7.49,299.6,14.98,284.62,64.9
ORD-100516,CUST-0534,10-02-2025,2025,2,February,Q1,West,Arizona,Frozen Foods,Hot Pockets,Supermarket,Mass Market,15,5.99,89.85,13.48,76.37,18.04
ORD-100530,CUST-0195,10-02-2025,2025,2,February,Q1,South,Louisiana,Frozen Foods,Lean Cuisine,Online,Premium,75,6.49,486.75,9.74,477.02,116.99
ORD-101470,CUST-0440,10-02-2025,2025,2,February,Q1,South,Louisiana,Frozen Pizza,DiGiorno,Retail,Mass Market,100,7.99,799,39.95,759.05,153.36
ORD-102550,CUST-0622,10-02-2025,2025,2,February,Q1,West,California,International Foods,Maggi,Wholesale,Family,40,4.29,171.6,13.73,157.87,47.25
ORD-104510,CUST-0345,11-02-2025,2025,2,February,Q1,South,Texas,Frozen Pizza,Jack's Pizza,Wholesale,Mass Market,10,5.99,59.9,4.79,55.11,14.13
ORD-101373,CUST-0413,12-02-2025,2025,2,February,Q1,South,Louisiana,Frozen Pizza,DiGiorno,Online,Family,20,7.99,159.8,7.99,151.81,31.74
ORD-101431,CUST-0180,12-02-2025,2025,2,February,Q1,East,Maryland,Baking,La Lechera,Supermarket,Family,25,4.49,112.25,5.61,106.64,33.58
ORD-102673,CUST-0627,12-02-2025,2025,2,February,Q1,Central,Ohio,Baking,Carnation,Wholesale,Premium,50,3.99,199.5,9.98,189.52,45.4
ORD-102947,CUST-0377,12-02-2025,2025,2,February,Q1,East,Massachusetts,Drinks,Nesquik,Retail,Mass Market,15,6.49,97.35,7.79,89.56,19.71
ORD-103111,CUST-0758,12-02-2025,2025,2,February,Q1,Central,Missouri,Frozen Foods,Hot Pockets,Retail,Family,40,5.99,239.6,11.98,227.62,53.38
ORD-103588,CUST-0145,12-02-2025,2025,2,February,Q1,South,Georgia,Frozen Pizza,Tombstone,Retail,Health & Wellness,15,6.99,104.85,2.1,102.75,28.89
ORD-103349,CUST-0353,13-02-2025,2025,2,February,Q1,East,Virginia,Coffee & Creamers,Nescafé CLASICO,Supermarket,Mass Market,20,9.49,189.8,18.98,170.82,54.36
ORD-104639,CUST-0435,13-02-2025,2025,2,February,Q1,Central,Missouri,Drinks,Milo,Retail,Premium,50,5.99,299.5,0,299.5,76.03
ORD-101952,CUST-0021,14-02-2025,2025,2,February,Q1,West,California,Baking,Carnation,Supermarket,Mass Market,10,3.99,39.9,0,39.9,12.87
ORD-104358,CUST-0057,14-02-2025,2025,2,February,Q1,Central,Ohio,Baking,Nestlé Toll House,Convenience,Premium,15,4.99,74.85,3.74,71.11,22.86
ORD-101856,CUST-0336,15-02-2025,2025,2,February,Q1,West,Colorado,Baking,Carnation,Online,Mass Market,20,3.99,79.8,1.6,78.2,25.24
ORD-102235,CUST-0560,15-02-2025,2025,2,February,Q1,Central,Ohio,International Foods,Abuelita,Convenience,Family,30,5.49,164.7,16.47,148.23,36.64
ORD-102313,CUST-0662,15-02-2025,2025,2,February,Q1,East,Pennsylvania,Drinks,Nesquik,Wholesale,Family,10,6.49,64.9,5.19,59.71,14.18
ORD-103086,CUST-0190,15-02-2025,2025,2,February,Q1,Central,Ohio,Frozen Foods,Hot Pockets,Supermarket,Family,50,5.99,299.5,23.96,275.54,49.36
ORD-104214,CUST-0351,15-02-2025,2025,2,February,Q1,West,Arizona,Frozen Foods,Lean Cuisine,Wholesale,Mass Market,20,6.49,129.8,2.6,127.2,26.44
ORD-104503,CUST-0629,15-02-2025,2025,2,February,Q1,East,Pennsylvania,Frozen Foods,Hot Pockets,Supermarket,Premium,40,5.99,239.6,0,239.6,51.38
ORD-104690,CUST-0511,15-02-2025,2025,2,February,Q1,South,Florida,Baking,Nestlé Toll House,Supermarket,Family,75,4.99,374.25,18.71,355.54,109.2
ORD-104916,CUST-0528,15-02-2025,2025,2,February,Q1,South,Texas,Coffee & Creamers,Coffee mate,Retail,Family,40,7.49,299.6,14.98,284.62,86.32
ORD-100023,CUST-0343,16-02-2025,2025,2,February,Q1,East,New York,International Foods,Maggi,Online,Health & Wellness,20,4.29,85.8,12.87,72.93,18.08
ORD-100891,CUST-0743,16-02-2025,2025,2,February,Q1,Central,Minnesota,Drinks,Milo,Wholesale,Family,20,5.99,119.8,17.97,101.83,24.93
ORD-100346,CUST-0502,17-02-2025,2025,2,February,Q1,Central,Illinois,Drinks,Nido,Supermarket,Health & Wellness,20,10.99,219.8,10.99,208.81,55.01
ORD-101592,CUST-0394,17-02-2025,2025,2,February,Q1,South,Louisiana,Coffee & Creamers,Coffee mate,Online,Premium,40,7.49,299.6,0,299.6,81.52
ORD-101998,CUST-0590,17-02-2025,2025,2,February,Q1,West,California,International Foods,El Mejor Nido,Retail,Mass Market,75,8.49,636.75,0,636.75,148.82
ORD-102331,CUST-0270,17-02-2025,2025,2,February,Q1,West,California,Frozen Foods,Stouffer's,Supermarket,Mass Market,25,8.99,224.75,17.98,206.77,45.05
ORD-103670,CUST-0588,17-02-2025,2025,2,February,Q1,East,Virginia,Coffee & Creamers,Coffee mate,Wholesale,Health & Wellness,5,7.49,37.45,0,37.45,10.32
ORD-104801,CUST-0724,17-02-2025,2025,2,February,Q1,West,Oregon,Drinks,Milo,Retail,Premium,25,5.99,149.75,22.46,127.29,32.73
ORD-102114,CUST-0286,18-02-2025,2025,2,February,Q1,South,Georgia,Baking,Nestlé Toll House,Wholesale,Premium,20,4.99,99.8,7.98,91.82,26.94
ORD-103142,CUST-0460,18-02-2025,2025,2,February,Q1,South,Texas,Frozen Foods,Lean Cuisine,Supermarket,Mass Market,30,6.49,194.7,29.2,165.5,32.74
ORD-104555,CUST-0693,18-02-2025,2025,2,February,Q1,East,Pennsylvania,Frozen Pizza,Tombstone,Supermarket,Mass Market,75,6.99,524.25,26.21,498.04,131.99
ORD-100821,CUST-0074,19-02-2025,2025,2,February,Q1,South,Florida,Coffee & Creamers,Coffee mate,Online,Premium,10,7.49,74.9,11.24,63.67,16.27
ORD-102576,CUST-0275,19-02-2025,2025,2,February,Q1,Central,Minnesota,Drinks,Nido,Wholesale,Mass Market,15,10.99,164.85,3.3,161.55,41.83
ORD-104376,CUST-0676,19-02-2025,2025,2,February,Q1,East,New York,International Foods,Abuelita,Wholesale,Health & Wellness,10,5.49,54.9,2.75,52.16,12.79
ORD-104399,CUST-0650,19-02-2025,2025,2,February,Q1,West,California,Frozen Foods,Stouffer's,Wholesale,Family,30,8.99,269.7,13.48,256.21,67.86
ORD-100004,CUST-0584,20-02-2025,2025,2,February,Q1,Central,Illinois,Drinks,Milo,Wholesale,Mass Market,40,5.99,239.6,0,239.6,57.75
ORD-100297,CUST-0090,20-02-2025,2025,2,February,Q1,South,Texas,Frozen Pizza,DiGiorno,Retail,Family,5,7.99,39.95,3.2,36.75,9.36
ORD-101044,CUST-0311,20-02-2025,2025,2,February,Q1,Central,Illinois,Baking,Nestlé Toll House,Online,Family,10,4.99,49.9,4.99,44.91,11.96
ORD-102866,CUST-0436,20-02-2025,2025,2,February,Q1,Central,Illinois,Coffee & Creamers,Nescafé,Wholesale,Mass Market,15,8.99,134.85,20.23,114.62,33.08
ORD-101973,CUST-0635,21-02-2025,2025,2,February,Q1,East,New Jersey,Baking,Nestlé Toll House,Convenience,Mass Market,30,4.99,149.7,0,149.7,45.63
ORD-102385,CUST-0293,21-02-2025,2025,2,February,Q1,East,Virginia,Coffee & Creamers,Nescafé CLASICO,Retail,Mass Market,5,9.49,47.45,7.12,40.33,10.52
ORD-102442,CUST-0564,21-02-2025,2025,2,February,Q1,Central,Missouri,Coffee & Creamers,Nescafé,Supermarket,Family,15,8.99,134.85,10.79,124.06,32.15
ORD-103636,CUST-0562,21-02-2025,2025,2,February,Q1,East,New Jersey,Coffee & Creamers,Coffee mate,Wholesale,Mass Market,15,7.49,112.35,16.85,95.5,27.78
ORD-104819,CUST-0388,21-02-2025,2025,2,February,Q1,South,North Carolina,Coffee & Creamers,Nescafé,Supermarket,Mass Market,30,8.99,269.7,21.58,248.12,71.39
ORD-100725,CUST-0562,22-02-2025,2025,2,February,Q1,Central,Michigan,Coffee & Creamers,Coffee mate,Online,Mass Market,30,7.49,224.7,22.47,202.23,63.35
ORD-101599,CUST-0557,22-02-2025,2025,2,February,Q1,West,Arizona,Coffee & Creamers,Coffee mate,Retail,Family,50,7.49,374.5,7.49,367.01,102.11
ORD-102700,CUST-0384,22-02-2025,2025,2,February,Q1,South,Texas,Frozen Foods,Hot Pockets,Online,Health & Wellness,100,5.99,599,47.92,551.08,113.45
ORD-103648,CUST-0090,22-02-2025,2025,2,February,Q1,East,Massachusetts,Baking,Nestlé Toll House,Retail,Mass Market,10,4.99,49.9,4.99,44.91,13.12
ORD-104208,CUST-0288,22-02-2025,2025,2,February,Q1,Central,Missouri,Frozen Foods,Lean Cuisine,Online,Premium,40,6.49,259.6,25.96,233.64,48.27
ORD-100337,CUST-0684,23-02-2025,2025,2,February,Q1,South,Texas,Coffee & Creamers,Coffee mate,Online,Mass Market,20,7.49,149.8,3,146.8,44.76
ORD-100970,CUST-0242,23-02-2025,2025,2,February,Q1,East,Virginia,Frozen Foods,Stouffer's,Wholesale,Mass Market,40,8.99,359.6,28.77,330.83,66.78
ORD-101324,CUST-0755,23-02-2025,2025,2,February,Q1,West,Oregon,International Foods,El Mejor Nido,Retail,Mass Market,10,8.49,84.9,4.24,80.66,21.09
ORD-102030,CUST-0308,23-02-2025,2025,2,February,Q1,Central,Ohio,Frozen Foods,Lean Cuisine,Supermarket,Mass Market,5,6.49,32.45,0,32.45,7.55
ORD-102904,CUST-0103,23-02-2025,2025,2,February,Q1,East,Massachusetts,Drinks,Nido,Retail,Health & Wellness,40,10.99,439.6,21.98,417.62,98.38
ORD-103516,CUST-0681,23-02-2025,2025,2,February,Q1,South,Louisiana,Frozen Pizza,Jack's Pizza,Retail,Family,25,5.99,149.75,3,146.76,43.27
ORD-104768,CUST-0114,23-02-2025,2025,2,February,Q1,West,Washington,International Foods,El Mejor Nido,Retail,Premium,50,8.49,424.5,0,424.5,118.82
ORD-100170,CUST-0500,24-02-2025,2025,2,February,Q1,Central,Missouri,Coffee & Creamers,Coffee mate,Convenience,Health & Wellness,15,7.49,112.35,11.24,101.12,29.78
ORD-100345,CUST-0356,24-02-2025,2025,2,February,Q1,East,New Jersey,Frozen Pizza,Tombstone,Supermarket,Family,10,6.99,69.9,3.5,66.4,18.36
ORD-101458,CUST-0289,24-02-2025,2025,2,February,Q1,Central,Michigan,Frozen Foods,Hot Pockets,Convenience,Mass Market,5,5.99,29.95,1.5,28.45,6.2
ORD-103395,CUST-0476,24-02-2025,2025,2,February,Q1,South,Georgia,Frozen Pizza,DiGiorno,Supermarket,Family,25,7.99,199.75,39.95,159.8,41.09
ORD-104284,CUST-0226,24-02-2025,2025,2,February,Q1,West,Nevada,Drinks,Nesquik,Online,Health & Wellness,5,6.49,32.45,3.25,29.2,6.86
ORD-101437,CUST-0419,25-02-2025,2025,2,February,Q1,East,Virginia,Frozen Foods,Hot Pockets,Supermarket,Health & Wellness,15,5.99,89.85,4.49,85.36,17.92
ORD-103130,CUST-0562,25-02-2025,2025,2,February,Q1,South,Tennessee,Coffee & Creamers,Nescafé CLASICO,Supermarket,Premium,20,9.49,189.8,15.18,174.62,57.57
ORD-101124,CUST-0363,26-02-2025,2025,2,February,Q1,South,Louisiana,Frozen Pizza,Jack's Pizza,Convenience,Family,10,5.99,59.9,8.99,50.92,14.07
ORD-101143,CUST-0233,26-02-2025,2025,2,February,Q1,Central,Minnesota,Frozen Foods,Hot Pockets,Online,Family,15,5.99,89.85,4.49,85.36,16.39
ORD-104104,CUST-0038,26-02-2025,2025,2,February,Q1,West,Arizona,Frozen Pizza,Jack's Pizza,Wholesale,Health & Wellness,15,5.99,89.85,7.19,82.66,22.98
ORD-101348,CUST-0045,27-02-2025,2025,2,February,Q1,East,Massachusetts,Drinks,Nesquik,Supermarket,Health & Wellness,15,6.49,97.35,4.87,92.48,23.88
ORD-101615,CUST-0514,27-02-2025,2025,2,February,Q1,East,Virginia,Baking,Carnation,Retail,Mass Market,10,3.99,39.9,7.98,31.92,9.94
ORD-101948,CUST-0052,27-02-2025,2025,2,February,Q1,West,Washington,Frozen Pizza,DiGiorno,Convenience,Mass Market,25,7.99,199.75,15.98,183.77,42.74
ORD-102354,CUST-0789,27-02-2025,2025,2,February,Q1,South,Georgia,Coffee & Creamers,Nescafé,Supermarket,Mass Market,15,8.99,134.85,20.23,114.62,33.09
ORD-103526,CUST-0572,28-02-2025,2025,2,February,Q1,West,Arizona,Drinks,Nido,Online,Family,30,10.99,329.7,0,329.7,72.99
ORD-104269,CUST-0631,28-02-2025,2025,2,February,Q1,South,Georgia,International Foods,Abuelita,Supermarket,Family,15,5.49,82.35,0,82.35,21.39
ORD-104333,CUST-0148,28-02-2025,2025,2,February,Q1,East,New York,Drinks,Nido,Convenience,Family,30,10.99,329.7,65.94,263.76,50.47
ORD-100983,CUST-0248,01-03-2025,2025,3,March,Q1,West,Oregon,Coffee & Creamers,Nescafé,Online,Health & Wellness,5,8.99,44.95,0,44.95,11.49
ORD-102187,CUST-0556,01-03-2025,2025,3,March,Q1,South,Georgia,Frozen Foods,Hot Pockets,Wholesale,Mass Market,15,5.99,89.85,4.49,85.36,19.71
ORD-102563,CUST-0098,01-03-2025,2025,3,March,Q1,West,Arizona,Frozen Foods,Hot Pockets,Supermarket,Mass Market,40,5.99,239.6,19.17,220.43,49.27
ORD-102721,CUST-0095,01-03-2025,2025,3,March,Q1,South,Texas,Baking,Nestlé Toll House,Retail,Mass Market,15,4.99,74.85,5.99,68.86,24.18
ORD-103557,CUST-0410,01-03-2025,2025,3,March,Q1,East,Pennsylvania,Coffee & Creamers,Nescafé,Supermarket,Mass Market,10,8.99,89.9,0,89.9,24.92
ORD-104776,CUST-0206,01-03-2025,2025,3,March,Q1,South,Tennessee,Drinks,Nido,Retail,Mass Market,30,10.99,329.7,16.48,313.21,73.61
ORD-100893,CUST-0123,02-03-2025,2025,3,March,Q1,South,Tennessee,Coffee & Creamers,Nescafé,Retail,Family,25,8.99,224.75,0,224.75,61.86
ORD-102492,CUST-0532,02-03-2025,2025,3,March,Q1,West,Colorado,Coffee & Creamers,Nescafé,Online,Mass Market,50,8.99,449.5,8.99,440.51,141.41
ORD-103587,CUST-0490,02-03-2025,2025,3,March,Q1,East,New York,Baking,Nestlé Toll House,Retail,Mass Market,20,4.99,99.8,9.98,89.82,23.21
ORD-100354,CUST-0491,03-03-2025,2025,3,March,Q1,West,Arizona,International Foods,El Mejor Nido,Wholesale,Family,40,8.49,339.6,0,339.6,102.18
ORD-101680,CUST-0616,03-03-2025,2025,3,March,Q1,Central,Michigan,Drinks,Nesquik,Supermarket,Family,15,6.49,97.35,7.79,89.56,21.77
ORD-102225,CUST-0366,03-03-2025,2025,3,March,Q1,West,Colorado,Frozen Foods,Lean Cuisine,Retail,Mass Market,15,6.49,97.35,0,97.35,20.99
ORD-102407,CUST-0214,03-03-2025,2025,3,March,Q1,East,New Jersey,Coffee & Creamers,Nescafé CLASICO,Wholesale,Family,10,9.49,94.9,4.74,90.16,25.37
ORD-102867,CUST-0162,03-03-2025,2025,3,March,Q1,East,New Jersey,International Foods,Abuelita,Supermarket,Mass Market,30,5.49,164.7,13.18,151.52,36.35
ORD-104142,CUST-0654,03-03-2025,2025,3,March,Q1,West,Nevada,International Foods,El Mejor Nido,Retail,Family,15,8.49,127.35,10.19,117.16,32.44
ORD-101069,CUST-0342,04-03-2025,2025,3,March,Q1,East,New York,International Foods,Maggi,Wholesale,Mass Market,15,4.29,64.35,5.15,59.2,15.86
ORD-101234,CUST-0599,04-03-2025,2025,3,March,Q1,West,Oregon,Frozen Foods,Hot Pockets,Retail,Mass Market,15,5.99,89.85,7.19,82.66,20.62
ORD-102345,CUST-0717,04-03-2025,2025,3,March,Q1,South,North Carolina,Coffee & Creamers,Coffee mate,Supermarket,Premium,20,7.49,149.8,3,146.8,40.74
ORD-104141,CUST-0742,04-03-2025,2025,3,March,Q1,East,Maryland,Frozen Foods,Lean Cuisine,Online,Mass Market,75,6.49,486.75,48.68,438.08,84.7
ORD-104502,CUST-0700,04-03-2025,2025,3,March,Q1,East,Massachusetts,Frozen Pizza,DiGiorno,Retail,Family,30,7.99,239.7,0,239.7,59.14
ORD-100440,CUST-0739,05-03-2025,2025,3,March,Q1,West,California,Drinks,Milo,Supermarket,Family,25,5.99,149.75,11.98,137.77,35.94
ORD-100522,CUST-0230,05-03-2025,2025,3,March,Q1,East,Pennsylvania,Frozen Foods,Lean Cuisine,Wholesale,Health & Wellness,15,6.49,97.35,4.87,92.48,21.1
ORD-101105,CUST-0492,05-03-2025,2025,3,March,Q1,South,Tennessee,Frozen Pizza,Jack's Pizza,Wholesale,Premium,20,5.99,119.8,11.98,107.82,25.06
ORD-101699,CUST-0251,05-03-2025,2025,3,March,Q1,South,Tennessee,International Foods,Maggi,Supermarket,Mass Market,10,4.29,42.9,4.29,38.61,8.97
ORD-102278,CUST-0108,05-03-2025,2025,3,March,Q1,East,Maryland,Frozen Foods,Hot Pockets,Supermarket,Family,20,5.99,119.8,5.99,113.81,23.86
ORD-101314,CUST-0485,06-03-2025,2025,3,March,Q1,South,Louisiana,Coffee & Creamers,Nescafé,Convenience,Mass Market,50,8.99,449.5,67.42,382.08,101.74
ORD-100118,CUST-0480,07-03-2025,2025,3,March,Q1,West,Colorado,Coffee & Creamers,Nescafé CLASICO,Online,Mass Market,20,9.49,189.8,28.47,161.33,40
ORD-100620,CUST-0234,07-03-2025,2025,3,March,Q1,Central,Wisconsin,Baking,Nestlé Toll House,Supermarket,Mass Market,40,4.99,199.6,15.97,183.63,63.73
ORD-101009,CUST-0195,07-03-2025,2025,3,March,Q1,West,Nevada,Drinks,Nido,Convenience,Mass Market,15,10.99,164.85,0,164.85,45.6
ORD-101010,CUST-0330,07-03-2025,2025,3,March,Q1,East,New Jersey,Frozen Pizza,DiGiorno,Supermarket,Family,15,7.99,119.85,11.99,107.86,32.63
ORD-101966,CUST-0153,07-03-2025,2025,3,March,Q1,Central,Wisconsin,Coffee & Creamers,Coffee mate,Online,Family,25,7.49,187.25,3.74,183.5,49.98
ORD-102519,CUST-0726,08-03-2025,2025,3,March,Q1,Central,Ohio,Drinks,Milo,Retail,Family,15,5.99,89.85,0,89.85,23.06
ORD-104043,CUST-0216,08-03-2025,2025,3,March,Q1,East,Massachusetts,International Foods,Abuelita,Retail,Mass Market,50,5.49,274.5,27.45,247.05,69.16
ORD-104573,CUST-0250,08-03-2025,2025,3,March,Q1,West,Colorado,Baking,Carnation,Retail,Family,15,3.99,59.85,4.79,55.06,18.27
ORD-103227,CUST-0474,09-03-2025,2025,3,March,Q1,West,California,Frozen Pizza,DiGiorno,Retail,Family,30,7.99,239.7,19.18,220.52,53.32
ORD-103345,CUST-0326,09-03-2025,2025,3,March,Q1,East,Maryland,Frozen Foods,Hot Pockets,Online,Mass Market,25,5.99,149.75,3,146.76,38.29
ORD-102782,CUST-0177,10-03-2025,2025,3,March,Q1,South,Texas,Frozen Pizza,DiGiorno,Online,Family,75,7.99,599.25,47.94,551.31,130.55
ORD-104283,CUST-0587,10-03-2025,2025,3,March,Q1,West,Arizona,International Foods,Abuelita,Supermarket,Family,20,5.49,109.8,8.78,101.02,26.08
ORD-104381,CUST-0539,10-03-2025,2025,3,March,Q1,West,Colorado,Baking,La Lechera,Retail,Premium,15,4.49,67.35,13.47,53.88,14.89
ORD-104413,CUST-0561,10-03-2025,2025,3,March,Q1,Central,Wisconsin,Baking,Carnation,Retail,Family,25,3.99,99.75,0,99.75,30.98
ORD-100249,CUST-0213,11-03-2025,2025,3,March,Q1,South,North Carolina,Drinks,Milo,Supermarket,Mass Market,20,5.99,119.8,2.4,117.4,26.68
ORD-101247,CUST-0788,11-03-2025,2025,3,March,Q1,West,Oregon,Coffee & Creamers,Nescafé,Retail,Mass Market,10,8.99,89.9,4.5,85.4,28.76
ORD-101265,CUST-0416,11-03-2025,2025,3,March,Q1,West,California,International Foods,Abuelita,Retail,Mass Market,20,5.49,109.8,5.49,104.31,27.65
ORD-102874,CUST-0593,11-03-2025,2025,3,March,Q1,East,Virginia,Frozen Foods,Stouffer's,Retail,Health & Wellness,5,8.99,44.95,3.6,41.35,9.3
ORD-100610,CUST-0510,12-03-2025,2025,3,March,Q1,Central,Wisconsin,International Foods,El Mejor Nido,Retail,Mass Market,75,8.49,636.75,31.84,604.91,178.9
ORD-101781,CUST-0631,12-03-2025,2025,3,March,Q1,West,Arizona,Coffee & Creamers,Coffee mate,Online,Premium,20,7.49,149.8,14.98,134.82,37.16
ORD-104955,CUST-0527,12-03-2025,2025,3,March,Q1,East,Virginia,Coffee & Creamers,Coffee mate,Retail,Premium,20,7.49,149.8,11.98,137.82,41.39
ORD-102012,CUST-0038,13-03-2025,2025,3,March,Q1,West,Oregon,Coffee & Creamers,Coffee mate,Supermarket,Mass Market,20,7.49,149.8,7.49,142.31,42.43
ORD-103217,CUST-0452,13-03-2025,2025,3,March,Q1,West,Washington,Baking,La Lechera,Wholesale,Family,40,4.49,179.6,8.98,170.62,52.74
ORD-101070,CUST-0637,14-03-2025,2025,3,March,Q1,East,Pennsylvania,Frozen Foods,Lean Cuisine,Supermarket,Family,30,6.49,194.7,29.2,165.5,37.68
ORD-101441,CUST-0420,14-03-2025,2025,3,March,Q1,South,Florida,Coffee & Creamers,Nescafé,Supermarket,Family,20,8.99,179.8,0,179.8,55.53
ORD-103051,CUST-0282,14-03-2025,2025,3,March,Q1,West,Washington,Frozen Pizza,DiGiorno,Retail,Mass Market,25,7.99,199.75,15.98,183.77,49.36
ORD-104687,CUST-0264,14-03-2025,2025,3,March,Q1,West,Oregon,Coffee & Creamers,Nescafé,Supermarket,Mass Market,15,8.99,134.85,0,134.85,37.65
ORD-100062,CUST-0532,15-03-2025,2025,3,March,Q1,East,New York,Coffee & Creamers,Nescafé CLASICO,Convenience,Family,25,9.49,237.25,0,237.25,67.12
ORD-101428,CUST-0621,15-03-2025,2025,3,March,Q1,South,Texas,International Foods,El Mejor Nido,Wholesale,Premium,30,8.49,254.7,5.09,249.61,70.08
ORD-102247,CUST-0368,15-03-2025,2025,3,March,Q1,West,California,International Foods,Abuelita,Retail,Mass Market,30,5.49,164.7,8.24,156.46,43.74
ORD-104127,CUST-0182,15-03-2025,2025,3,March,Q1,Central,Ohio,Frozen Foods,Stouffer's,Online,Premium,40,8.99,359.6,7.19,352.41,71.26
ORD-103975,CUST-0498,16-03-2025,2025,3,March,Q1,East,Pennsylvania,Baking,Carnation,Retail,Family,25,3.99,99.75,2,97.76,34.54
ORD-101224,CUST-0180,17-03-2025,2025,3,March,Q1,South,North Carolina,Drinks,Milo,Online,Family,20,5.99,119.8,5.99,113.81,24.73
ORD-102698,CUST-0524,17-03-2025,2025,3,March,Q1,East,Pennsylvania,Coffee & Creamers,Coffee mate,Supermarket,Mass Market,25,7.49,187.25,9.36,177.89,52.79
ORD-102712,CUST-0363,17-03-2025,2025,3,March,Q1,East,Pennsylvania,International Foods,Maggi,Online,Mass Market,10,4.29,42.9,6.44,36.46,10.07
ORD-103656,CUST-0682,17-03-2025,2025,3,March,Q1,West,Arizona,Frozen Foods,Lean Cuisine,Wholesale,Family,25,6.49,162.25,12.98,149.27,32.65
ORD-103900,CUST-0622,17-03-2025,2025,3,March,Q1,South,Louisiana,Coffee & Creamers,Nescafé,Wholesale,Family,10,8.99,89.9,4.5,85.4,22.58
ORD-103967,CUST-0538,17-03-2025,2025,3,March,Q1,East,Maryland,Baking,La Lechera,Wholesale,Health & Wellness,15,4.49,67.35,10.1,57.25,17.99
ORD-104676,CUST-0767,17-03-2025,2025,3,March,Q1,South,Texas,Frozen Pizza,Tombstone,Retail,Mass Market,5,6.99,34.95,1.75,33.2,8
ORD-101522,CUST-0197,18-03-2025,2025,3,March,Q1,South,Texas,International Foods,Abuelita,Supermarket,Health & Wellness,40,5.49,219.6,21.96,197.64,57.65
ORD-103333,CUST-0587,18-03-2025,2025,3,March,Q1,West,Arizona,International Foods,Abuelita,Supermarket,Mass Market,20,5.49,109.8,10.98,98.82,28.59
ORD-104701,CUST-0072,18-03-2025,2025,3,March,Q1,West,Nevada,Drinks,Milo,Online,Premium,100,5.99,599,0,599,137.46
ORD-104871,CUST-0632,18-03-2025,2025,3,March,Q1,East,New Jersey,Baking,Carnation,Online,Mass Market,50,3.99,199.5,29.92,169.58,52.69
ORD-101670,CUST-0527,19-03-2025,2025,3,March,Q1,South,Georgia,Frozen Foods,Stouffer's,Convenience,Family,30,8.99,269.7,40.46,229.24,57.51
ORD-103489,CUST-0258,19-03-2025,2025,3,March,Q1,West,Arizona,Coffee & Creamers,Coffee mate,Supermarket,Mass Market,25,7.49,187.25,14.98,172.27,50.09
ORD-104306,CUST-0154,19-03-2025,2025,3,March,Q1,West,California,International Foods,Abuelita,Supermarket,Family,15,5.49,82.35,6.59,75.76,22.38
ORD-101620,CUST-0617,20-03-2025,2025,3,March,Q1,Central,Ohio,Frozen Foods,Stouffer's,Wholesale,Premium,15,8.99,134.85,13.48,121.36,27.93
ORD-103764,CUST-0442,20-03-2025,2025,3,March,Q1,East,Massachusetts,Frozen Foods,Hot Pockets,Retail,Family,20,5.99,119.8,0,119.8,19.2
ORD-101378,CUST-0724,21-03-2025,2025,3,March,Q1,East,Pennsylvania,Frozen Foods,Lean Cuisine,Retail,Family,15,6.49,97.35,0,97.35,19.6
ORD-102070,CUST-0079,21-03-2025,2025,3,March,Q1,East,Massachusetts,Frozen Foods,Hot Pockets,Supermarket,Mass Market,30,5.99,179.7,0,179.7,44.21
ORD-102496,CUST-0260,21-03-2025,2025,3,March,Q1,East,Pennsylvania,Frozen Foods,Stouffer's,Supermarket,Family,20,8.99,179.8,3.6,176.2,42.79
ORD-103524,CUST-0465,21-03-2025,2025,3,March,Q1,West,Nevada,Frozen Foods,Lean Cuisine,Wholesale,Family,25,6.49,162.25,8.11,154.14,34.61
ORD-103956,CUST-0180,21-03-2025,2025,3,March,Q1,South,Florida,Frozen Foods,Stouffer's,Supermarket,Health & Wellness,15,8.99,134.85,6.74,128.11,26.85
ORD-104494,CUST-0722,21-03-2025,2025,3,March,Q1,South,Tennessee,Coffee & Creamers,Nescafé,Wholesale,Premium,10,8.99,89.9,0,89.9,25.09
ORD-100254,CUST-0649,22-03-2025,2025,3,March,Q1,East,New York,Baking,La Lechera,Retail,Family,20,4.49,89.8,4.49,85.31,26.82
ORD-101743,CUST-0724,22-03-2025,2025,3,March,Q1,South,Florida,Frozen Pizza,Jack's Pizza,Online,Mass Market,75,5.99,449.25,0,449.25,98.15
ORD-102438,CUST-0010,22-03-2025,2025,3,March,Q1,East,Maryland,Baking,Carnation,Retail,Premium,50,3.99,199.5,29.92,169.58,50.74
ORD-103205,CUST-0238,22-03-2025,2025,3,March,Q1,Central,Missouri,Frozen Pizza,DiGiorno,Online,Family,15,7.99,119.85,5.99,113.86,29.84
ORD-100050,CUST-0458,23-03-2025,2025,3,March,Q1,West,Nevada,Coffee & Creamers,Coffee mate,Retail,Mass Market,50,7.49,374.5,29.96,344.54,99.47
ORD-104895,CUST-0089,23-03-2025,2025,3,March,Q1,East,Pennsylvania,Drinks,Nido,Supermarket,Health & Wellness,40,10.99,439.6,8.79,430.81,98.98
ORD-104977,CUST-0680,23-03-2025,2025,3,March,Q1,West,California,International Foods,Maggi,Retail,Family,50,4.29,214.5,4.29,210.21,44.94
ORD-100122,CUST-0661,24-03-2025,2025,3,March,Q1,South,Texas,Frozen Foods,Lean Cuisine,Supermarket,Family,30,6.49,194.7,9.74,184.96,40.32
ORD-101538,CUST-0693,24-03-2025,2025,3,March,Q1,Central,Missouri,Frozen Pizza,DiGiorno,Retail,Mass Market,5,7.99,39.95,7.99,31.96,8.66
ORD-103657,CUST-0033,24-03-2025,2025,3,March,Q1,East,New Jersey,Frozen Pizza,DiGiorno,Retail,Mass Market,10,7.99,79.9,4,75.9,16.83
ORD-100010,CUST-0079,25-03-2025,2025,3,March,Q1,Central,Ohio,Drinks,Nesquik,Supermarket,Mass Market,25,6.49,162.25,24.34,137.91,28.33
ORD-101559,CUST-0502,25-03-2025,2025,3,March,Q1,South,North Carolina,Coffee & Creamers,Nescafé CLASICO,Online,Family,5,9.49,47.45,0,47.45,12.33
ORD-102182,CUST-0422,25-03-2025,2025,3,March,Q1,West,California,Frozen Foods,Lean Cuisine,Retail,Premium,100,6.49,649,32.45,616.55,136.25
ORD-104394,CUST-0247,25-03-2025,2025,3,March,Q1,West,California,International Foods,Maggi,Retail,Mass Market,15,4.29,64.35,6.44,57.91,16.81
ORD-104652,CUST-0397,25-03-2025,2025,3,March,Q1,Central,Michigan,Frozen Foods,Hot Pockets,Retail,Premium,75,5.99,449.25,44.92,404.32,102.37
ORD-104796,CUST-0480,25-03-2025,2025,3,March,Q1,East,New Jersey,Baking,Carnation,Convenience,Premium,5,3.99,19.95,0,19.95,6.33
ORD-102514,CUST-0498,26-03-2025,2025,3,March,Q1,East,Virginia,Frozen Foods,Stouffer's,Retail,Family,40,8.99,359.6,0,359.6,83.52
ORD-102820,CUST-0238,26-03-2025,2025,3,March,Q1,East,Virginia,International Foods,El Mejor Nido,Supermarket,Premium,15,8.49,127.35,6.37,120.98,29.03
ORD-104849,CUST-0725,26-03-2025,2025,3,March,Q1,South,Florida,Drinks,Milo,Retail,Health & Wellness,10,5.99,59.9,1.2,58.7,16.25
ORD-101168,CUST-0475,27-03-2025,2025,3,March,Q1,East,Pennsylvania,Baking,Carnation,Retail,Health & Wellness,20,3.99,79.8,3.99,75.81,24.02
ORD-102375,CUST-0767,27-03-2025,2025,3,March,Q1,Central,Minnesota,International Foods,Maggi,Convenience,Family,50,4.29,214.5,17.16,197.34,49.51
ORD-102663,CUST-0266,27-03-2025,2025,3,March,Q1,West,Nevada,Drinks,Nido,Wholesale,Health & Wellness,40,10.99,439.6,8.79,430.81,92.13
ORD-101427,CUST-0058,28-03-2025,2025,3,March,Q1,West,Colorado,International Foods,Abuelita,Retail,Family,15,5.49,82.35,4.12,78.23,16.71
ORD-101562,CUST-0204,28-03-2025,2025,3,March,Q1,West,Oregon,Frozen Pizza,Tombstone,Supermarket,Health & Wellness,20,6.99,139.8,0,139.8,41.05
ORD-101686,CUST-0478,28-03-2025,2025,3,March,Q1,South,Georgia,Baking,Nestlé Toll House,Online,Premium,15,4.99,74.85,1.5,73.35,22.18
ORD-101273,CUST-0224,29-03-2025,2025,3,March,Q1,South,North Carolina,Coffee & Creamers,Coffee mate,Supermarket,Mass Market,25,7.49,187.25,9.36,177.89,50.78
ORD-101727,CUST-0753,29-03-2025,2025,3,March,Q1,East,Maryland,Coffee & Creamers,Nescafé,Retail,Mass Market,50,8.99,449.5,22.48,427.02,130.93
ORD-103208,CUST-0030,29-03-2025,2025,3,March,Q1,Central,Minnesota,Drinks,Nido,Supermarket,Family,10,10.99,109.9,10.99,98.91,22.87
ORD-104170,CUST-0479,29-03-2025,2025,3,March,Q1,West,Nevada,Frozen Foods,Stouffer's,Retail,Premium,25,8.99,224.75,11.24,213.51,54.96
ORD-104647,CUST-0612,29-03-2025,2025,3,March,Q1,Central,Wisconsin,International Foods,Abuelita,Online,Mass Market,15,5.49,82.35,16.47,65.88,16.92
ORD-101085,CUST-0154,30-03-2025,2025,3,March,Q1,South,Tennessee,Frozen Foods,Lean Cuisine,Wholesale,Mass Market,50,6.49,324.5,48.68,275.82,51.93
ORD-100024,CUST-0587,31-03-2025,2025,3,March,Q1,East,Massachusetts,Baking,Nestlé Toll House,Wholesale,Premium,10,4.99,49.9,3.99,45.91,14.1
ORD-100694,CUST-0129,31-03-2025,2025,3,March,Q1,West,Arizona,Coffee & Creamers,Nescafé,Retail,Family,5,8.99,44.95,0,44.95,10.56
ORD-104018,CUST-0058,31-03-2025,2025,3,March,Q1,South,Louisiana,Frozen Pizza,Tombstone,Supermarket,Family,10,6.99,69.9,3.5,66.4,14.12
ORD-100163,CUST-0149,01-04-2025,2025,4,April,Q2,Central,Missouri,International Foods,Abuelita,Retail,Premium,50,5.49,274.5,27.45,247.05,56.47
ORD-101381,CUST-0685,01-04-2025,2025,4,April,Q2,West,California,Drinks,Nido,Online,Family,20,10.99,219.8,10.99,208.81,54.32
ORD-103438,CUST-0577,01-04-2025,2025,4,April,Q2,Central,Illinois,Frozen Foods,Lean Cuisine,Wholesale,Premium,50,6.49,324.5,25.96,298.54,61.62
ORD-103945,CUST-0723,01-04-2025,2025,4,April,Q2,West,Nevada,Drinks,Nido,Supermarket,Family,10,10.99,109.9,8.79,101.11,26.04
ORD-104285,CUST-0656,01-04-2025,2025,4,April,Q2,Central,Missouri,Frozen Foods,Hot Pockets,Retail,Premium,15,5.99,89.85,4.49,85.36,23.8
ORD-104957,CUST-0462,01-04-2025,2025,4,April,Q2,East,Virginia,Frozen Foods,Hot Pockets,Retail,Mass Market,25,5.99,149.75,3,146.76,34.82
ORD-100878,CUST-0187,02-04-2025,2025,4,April,Q2,Central,Wisconsin,Baking,Nestlé Toll House,Online,Family,20,4.99,99.8,0,99.8,31.89
ORD-101915,CUST-0224,02-04-2025,2025,4,April,Q2,East,New Jersey,Baking,La Lechera,Supermarket,Premium,5,4.49,22.45,1.12,21.33,6.06
ORD-102208,CUST-0612,02-04-2025,2025,4,April,Q2,South,North Carolina,Drinks,Nido,Online,Premium,25,10.99,274.75,0,274.75,63.04
ORD-102613,CUST-0641,02-04-2025,2025,4,April,Q2,West,Arizona,Frozen Foods,Lean Cuisine,Convenience,Premium,20,6.49,129.8,19.47,110.33,26.37
ORD-103859,CUST-0623,02-04-2025,2025,4,April,Q2,East,Pennsylvania,Baking,Nestlé Toll House,Online,Premium,15,4.99,74.85,11.23,63.62,22.43
ORD-104873,CUST-0360,02-04-2025,2025,4,April,Q2,West,California,Baking,Nestlé Toll House,Supermarket,Health & Wellness,15,4.99,74.85,0,74.85,22.53
ORD-100978,CUST-0663,03-04-2025,2025,4,April,Q2,West,Washington,Frozen Foods,Hot Pockets,Online,Mass Market,15,5.99,89.85,7.19,82.66,17.39
ORD-101936,CUST-0439,03-04-2025,2025,4,April,Q2,South,Florida,Baking,Carnation,Supermarket,Health & Wellness,10,3.99,39.9,2,37.91,11.09
ORD-102811,CUST-0094,03-04-2025,2025,4,April,Q2,West,Arizona,Coffee & Creamers,Coffee mate,Online,Mass Market,5,7.49,37.45,3,34.45,10.24
ORD-103776,CUST-0749,03-04-2025,2025,4,April,Q2,South,Tennessee,Coffee & Creamers,Coffee mate,Online,Premium,15,7.49,112.35,0,112.35,33.58
ORD-100484,CUST-0116,05-04-2025,2025,4,April,Q2,Central,Illinois,Coffee & Creamers,Nescafé CLASICO,Retail,Premium,25,9.49,237.25,4.74,232.5,57.16
ORD-102832,CUST-0156,05-04-2025,2025,4,April,Q2,Central,Michigan,Frozen Foods,Lean Cuisine,Supermarket,Health & Wellness,30,6.49,194.7,9.74,184.96,41.86
ORD-102996,CUST-0730,05-04-2025,2025,4,April,Q2,South,Tennessee,International Foods,Abuelita,Supermarket,Mass Market,20,5.49,109.8,5.49,104.31,28.09
ORD-100383,CUST-0145,06-04-2025,2025,4,April,Q2,Central,Michigan,Frozen Pizza,DiGiorno,Retail,Mass Market,50,7.99,399.5,31.96,367.54,82.95
ORD-101277,CUST-0006,06-04-2025,2025,4,April,Q2,West,Nevada,Coffee & Creamers,Nescafé,Online,Mass Market,15,8.99,134.85,6.74,128.11,35.65
ORD-101345,CUST-0107,06-04-2025,2025,4,April,Q2,Central,Minnesota,Frozen Foods,Lean Cuisine,Supermarket,Mass Market,40,6.49,259.6,25.96,233.64,53.46
ORD-101571,CUST-0457,06-04-2025,2025,4,April,Q2,Central,Illinois,Frozen Foods,Lean Cuisine,Wholesale,Family,10,6.49,64.9,3.25,61.66,13.46
ORD-100490,CUST-0302,07-04-2025,2025,4,April,Q2,South,North Carolina,International Foods,El Mejor Nido,Retail,Mass Market,25,8.49,212.25,16.98,195.27,47.6
ORD-100733,CUST-0092,07-04-2025,2025,4,April,Q2,Central,Minnesota,Frozen Foods,Stouffer's,Online,Family,25,8.99,224.75,11.24,213.51,56.26
ORD-102485,CUST-0675,07-04-2025,2025,4,April,Q2,East,Maryland,Baking,La Lechera,Supermarket,Health & Wellness,20,4.49,89.8,13.47,76.33,22.27
ORD-101734,CUST-0041,08-04-2025,2025,4,April,Q2,East,Massachusetts,Coffee & Creamers,Nescafé CLASICO,Online,Family,50,9.49,474.5,0,474.5,132.97
ORD-102272,CUST-0126,08-04-2025,2025,4,April,Q2,East,New York,Baking,Nestlé Toll House,Supermarket,Premium,20,4.99,99.8,9.98,89.82,27.19
ORD-103061,CUST-0655,08-04-2025,2025,4,April,Q2,East,Maryland,International Foods,Abuelita,Convenience,Family,25,5.49,137.25,2.74,134.5,41.7
ORD-103409,CUST-0558,08-04-2025,2025,4,April,Q2,West,Nevada,Frozen Pizza,Jack's Pizza,Supermarket,Family,40,5.99,239.6,4.79,234.81,52.68
ORD-104191,CUST-0259,08-04-2025,2025,4,April,Q2,Central,Missouri,Coffee & Creamers,Nescafé,Convenience,Premium,20,8.99,179.8,3.6,176.2,49.54
ORD-104953,CUST-0599,08-04-2025,2025,4,April,Q2,East,Pennsylvania,Frozen Foods,Stouffer's,Convenience,Mass Market,40,8.99,359.6,71.92,287.68,58.08
ORD-100094,CUST-0606,09-04-2025,2025,4,April,Q2,Central,Illinois,Frozen Pizza,DiGiorno,Supermarket,Mass Market,25,7.99,199.75,15.98,183.77,42.87
ORD-100329,CUST-0538,09-04-2025,2025,4,April,Q2,East,Virginia,Baking,Nestlé Toll House,Retail,Mass Market,30,4.99,149.7,0,149.7,39.2
ORD-100380,CUST-0275,09-04-2025,2025,4,April,Q2,East,Pennsylvania,International Foods,Maggi,Supermarket,Mass Market,30,4.29,128.7,10.3,118.4,32.28
ORD-101692,CUST-0202,09-04-2025,2025,4,April,Q2,East,Massachusetts,International Foods,Maggi,Convenience,Family,5,4.29,21.45,0.43,21.02,5.54
ORD-103911,CUST-0225,09-04-2025,2025,4,April,Q2,West,Oregon,Frozen Foods,Hot Pockets,Wholesale,Health & Wellness,25,5.99,149.75,0,149.75,34.09
ORD-103960,CUST-0350,09-04-2025,2025,4,April,Q2,West,Oregon,Baking,La Lechera,Supermarket,Mass Market,100,4.49,449,67.35,381.65,113.3
ORD-104039,CUST-0120,09-04-2025,2025,4,April,Q2,Central,Missouri,Frozen Pizza,Tombstone,Wholesale,Family,20,6.99,139.8,2.8,137,37.97
ORD-101652,CUST-0003,10-04-2025,2025,4,April,Q2,East,Maryland,Baking,Carnation,Online,Premium,25,3.99,99.75,2,97.76,24.66
ORD-102111,CUST-0522,10-04-2025,2025,4,April,Q2,West,Nevada,Coffee & Creamers,Nescafé CLASICO,Retail,Mass Market,15,9.49,142.35,14.24,128.12,36.19
ORD-103412,CUST-0681,10-04-2025,2025,4,April,Q2,West,California,International Foods,El Mejor Nido,Supermarket,Family,15,8.49,127.35,0,127.35,31.91
ORD-100632,CUST-0651,11-04-2025,2025,4,April,Q2,South,Florida,Drinks,Milo,Wholesale,Health & Wellness,25,5.99,149.75,0,149.75,36.6
ORD-101055,CUST-0466,11-04-2025,2025,4,April,Q2,South,Texas,Drinks,Nesquik,Wholesale,Premium,20,6.49,129.8,2.6,127.2,34.96
ORD-101749,CUST-0291,11-04-2025,2025,4,April,Q2,South,Florida,Frozen Foods,Stouffer's,Supermarket,Family,30,8.99,269.7,21.58,248.12,66.9
ORD-102394,CUST-0596,11-04-2025,2025,4,April,Q2,West,Oregon,Coffee & Creamers,Coffee mate,Online,Premium,15,7.49,112.35,11.24,101.12,30.47
ORD-102321,CUST-0791,12-04-2025,2025,4,April,Q2,South,Texas,Frozen Foods,Stouffer's,Retail,Health & Wellness,40,8.99,359.6,28.77,330.83,48.35
ORD-103691,CUST-0672,12-04-2025,2025,4,April,Q2,South,Georgia,Frozen Pizza,DiGiorno,Retail,Family,20,7.99,159.8,3.2,156.6,37.58
ORD-103832,CUST-0386,12-04-2025,2025,4,April,Q2,South,Florida,Frozen Pizza,Jack's Pizza,Convenience,Mass Market,15,5.99,89.85,7.19,82.66,22.6
ORD-104787,CUST-0560,12-04-2025,2025,4,April,Q2,South,Texas,Coffee & Creamers,Coffee mate,Convenience,Premium,20,7.49,149.8,22.47,127.33,38.71
ORD-102068,CUST-0700,13-04-2025,2025,4,April,Q2,West,California,Frozen Foods,Hot Pockets,Retail,Mass Market,75,5.99,449.25,89.85,359.4,78.57
ORD-103850,CUST-0296,13-04-2025,2025,4,April,Q2,West,California,Coffee & Creamers,Nescafé,Retail,Family,15,8.99,134.85,0,134.85,40.2
ORD-104845,CUST-0269,13-04-2025,2025,4,April,Q2,West,Colorado,Frozen Pizza,Tombstone,Supermarket,Mass Market,10,6.99,69.9,3.5,66.4,15.7
ORD-100132,CUST-0452,15-04-2025,2025,4,April,Q2,West,Arizona,Coffee & Creamers,Coffee mate,Retail,Family,25,7.49,187.25,14.98,172.27,46.93
ORD-100971,CUST-0619,15-04-2025,2025,4,April,Q2,Central,Illinois,International Foods,Maggi,Supermarket,Family,5,4.29,21.45,2.14,19.3,5.88
ORD-103370,CUST-0455,15-04-2025,2025,4,April,Q2,Central,Wisconsin,Baking,La Lechera,Retail,Family,20,4.49,89.8,0,89.8,26.32
ORD-104046,CUST-0381,15-04-2025,2025,4,April,Q2,East,Massachusetts,Coffee & Creamers,Nescafé,Retail,Mass Market,75,8.99,674.25,67.42,606.83,172.96
ORD-104751,CUST-0473,15-04-2025,2025,4,April,Q2,East,Pennsylvania,Frozen Pizza,DiGiorno,Online,Family,15,7.99,119.85,23.97,95.88,28.42
ORD-100080,CUST-0602,16-04-2025,2025,4,April,Q2,West,Nevada,International Foods,Maggi,Online,Health & Wellness,25,4.29,107.25,8.58,98.67,29.57
ORD-100368,CUST-0001,16-04-2025,2025,4,April,Q2,South,Texas,Frozen Foods,Hot Pockets,Convenience,Family,10,5.99,59.9,5.99,53.91,9.33
ORD-100417,CUST-0125,16-04-2025,2025,4,April,Q2,East,New York,Frozen Foods,Hot Pockets,Retail,Premium,100,5.99,599,47.92,551.08,131.57
ORD-104092,CUST-0360,16-04-2025,2025,4,April,Q2,East,Maryland,Baking,La Lechera,Wholesale,Family,25,4.49,112.25,2.24,110,35.39
ORD-100513,CUST-0560,17-04-2025,2025,4,April,Q2,South,North Carolina,International Foods,Abuelita,Retail,Family,15,5.49,82.35,1.65,80.7,23.11
ORD-101309,CUST-0493,17-04-2025,2025,4,April,Q2,East,New Jersey,Coffee & Creamers,Nescafé CLASICO,Wholesale,Family,20,9.49,189.8,18.98,170.82,42.9
ORD-101555,CUST-0376,17-04-2025,2025,4,April,Q2,West,Nevada,Frozen Pizza,DiGiorno,Retail,Family,25,7.99,199.75,9.99,189.76,53.02
ORD-102892,CUST-0598,17-04-2025,2025,4,April,Q2,Central,Ohio,Baking,Nestlé Toll House,Supermarket,Mass Market,20,4.99,99.8,2,97.8,24.44
ORD-103190,CUST-0287,17-04-2025,2025,4,April,Q2,South,Georgia,Frozen Foods,Stouffer's,Wholesale,Family,25,8.99,224.75,11.24,213.51,42.36
ORD-103810,CUST-0638,17-04-2025,2025,4,April,Q2,West,Nevada,International Foods,Maggi,Retail,Health & Wellness,5,4.29,21.45,2.14,19.3,5.27
ORD-103941,CUST-0148,17-04-2025,2025,4,April,Q2,Central,Missouri,Drinks,Nido,Retail,Family,30,10.99,329.7,65.94,263.76,61.53
ORD-100093,CUST-0255,18-04-2025,2025,4,April,Q2,South,Georgia,Drinks,Milo,Supermarket,Mass Market,100,5.99,599,89.85,509.15,113.15
ORD-101860,CUST-0435,18-04-2025,2025,4,April,Q2,Central,Minnesota,Coffee & Creamers,Nescafé,Retail,Health & Wellness,30,8.99,269.7,13.48,256.21,73.68
ORD-102667,CUST-0519,18-04-2025,2025,4,April,Q2,West,Colorado,International Foods,Maggi,Supermarket,Family,25,4.29,107.25,5.36,101.89,27.2
ORD-103999,CUST-0709,18-04-2025,2025,4,April,Q2,Central,Illinois,Baking,Carnation,Retail,Family,40,3.99,159.6,15.96,143.64,39.83
ORD-104374,CUST-0485,18-04-2025,2025,4,April,Q2,East,New Jersey,Frozen Foods,Hot Pockets,Supermarket,Mass Market,40,5.99,239.6,0,239.6,49.31
ORD-100317,CUST-0258,19-04-2025,2025,4,April,Q2,East,Maryland,Baking,Carnation,Wholesale,Family,15,3.99,59.85,2.99,56.86,17.99
ORD-100655,CUST-0564,19-04-2025,2025,4,April,Q2,East,Pennsylvania,Drinks,Nesquik,Supermarket,Mass Market,10,6.49,64.9,6.49,58.41,14.19
ORD-101222,CUST-0548,19-04-2025,2025,4,April,Q2,West,California,Frozen Foods,Hot Pockets,Online,Family,5,5.99,29.95,0,29.95,5.77
ORD-103889,CUST-0441,19-04-2025,2025,4,April,Q2,Central,Ohio,Frozen Foods,Stouffer's,Supermarket,Health & Wellness,100,8.99,899,134.85,764.15,156.81
ORD-100311,CUST-0179,20-04-2025,2025,4,April,Q2,East,New York,Drinks,Nido,Retail,Family,15,10.99,164.85,24.73,140.12,34.72
ORD-100488,CUST-0095,20-04-2025,2025,4,April,Q2,East,New York,Baking,Carnation,Retail,Premium,5,3.99,19.95,1.6,18.35,5.06
ORD-100668,CUST-0710,20-04-2025,2025,4,April,Q2,West,Arizona,Baking,Carnation,Convenience,Premium,40,3.99,159.6,0,159.6,49.62
ORD-101142,CUST-0306,20-04-2025,2025,4,April,Q2,East,Pennsylvania,International Foods,El Mejor Nido,Convenience,Family,100,8.49,849,42.45,806.55,217.61
ORD-101987,CUST-0770,20-04-2025,2025,4,April,Q2,Central,Illinois,International Foods,El Mejor Nido,Retail,Family,50,8.49,424.5,42.45,382.05,94.14
ORD-102359,CUST-0743,20-04-2025,2025,4,April,Q2,Central,Minnesota,International Foods,El Mejor Nido,Online,Health & Wellness,50,8.49,424.5,21.22,403.28,121.13
ORD-104001,CUST-0661,20-04-2025,2025,4,April,Q2,Central,Ohio,Frozen Pizza,DiGiorno,Supermarket,Mass Market,40,7.99,319.6,6.39,313.21,77.6
ORD-102594,CUST-0502,21-04-2025,2025,4,April,Q2,Central,Missouri,Baking,La Lechera,Supermarket,Mass Market,30,4.49,134.7,6.74,127.97,31.05
ORD-104667,CUST-0756,21-04-2025,2025,4,April,Q2,West,Washington,Frozen Pizza,DiGiorno,Retail,Family,30,7.99,239.7,23.97,215.73,46.38
ORD-100641,CUST-0672,22-04-2025,2025,4,April,Q2,West,Arizona,Baking,Carnation,Convenience,Mass Market,15,3.99,59.85,2.99,56.86,15.17
ORD-100809,CUST-0086,22-04-2025,2025,4,April,Q2,East,Pennsylvania,Frozen Foods,Stouffer's,Retail,Premium,5,8.99,44.95,0,44.95,9.13
ORD-102151,CUST-0066,22-04-2025,2025,4,April,Q2,East,New Jersey,International Foods,Abuelita,Supermarket,Health & Wellness,15,5.49,82.35,0,82.35,22.68
ORD-102568,CUST-0032,22-04-2025,2025,4,April,Q2,East,Virginia,Frozen Foods,Stouffer's,Wholesale,Mass Market,40,8.99,359.6,53.94,305.66,72.09
ORD-103366,CUST-0573,22-04-2025,2025,4,April,Q2,Central,Wisconsin,Frozen Pizza,Tombstone,Online,Mass Market,30,6.99,209.7,31.46,178.24,41.39
ORD-100134,CUST-0680,23-04-2025,2025,4,April,Q2,East,Pennsylvania,Baking,La Lechera,Online,Family,20,4.49,89.8,8.98,80.82,20.92
ORD-100237,CUST-0463,23-04-2025,2025,4,April,Q2,East,Maryland,International Foods,Abuelita,Wholesale,Family,15,5.49,82.35,1.65,80.7,22.19
ORD-101591,CUST-0038,23-04-2025,2025,4,April,Q2,Central,Missouri,Drinks,Nesquik,Online,Mass Market,40,6.49,259.6,5.19,254.41,63.9
ORD-102781,CUST-0187,23-04-2025,2025,4,April,Q2,West,Washington,Coffee & Creamers,Nescafé,Online,Premium,25,8.99,224.75,17.98,206.77,64.92
ORD-104361,CUST-0690,23-04-2025,2025,4,April,Q2,West,Nevada,Frozen Foods,Stouffer's,Supermarket,Premium,50,8.99,449.5,22.48,427.02,72.97
ORD-100623,CUST-0411,24-04-2025,2025,4,April,Q2,East,Pennsylvania,Frozen Foods,Stouffer's,Supermarket,Health & Wellness,15,8.99,134.85,26.97,107.88,25.85
ORD-101357,CUST-0286,24-04-2025,2025,4,April,Q2,South,Florida,Frozen Pizza,Tombstone,Online,Family,15,6.99,104.85,2.1,102.75,21.64
ORD-100218,CUST-0137,25-04-2025,2025,4,April,Q2,Central,Minnesota,Drinks,Milo,Online,Family,75,5.99,449.25,44.92,404.32,94.49
ORD-100385,CUST-0501,25-04-2025,2025,4,April,Q2,Central,Minnesota,Frozen Foods,Lean Cuisine,Supermarket,Premium,100,6.49,649,64.9,584.1,134.07
ORD-103394,CUST-0730,25-04-2025,2025,4,April,Q2,East,Maryland,Drinks,Nido,Wholesale,Family,15,10.99,164.85,16.48,148.36,38.49
ORD-104201,CUST-0382,25-04-2025,2025,4,April,Q2,South,Louisiana,Coffee & Creamers,Nescafé,Wholesale,Family,10,8.99,89.9,1.8,88.1,25.56
ORD-104414,CUST-0504,25-04-2025,2025,4,April,Q2,Central,Ohio,Frozen Foods,Stouffer's,Wholesale,Mass Market,15,8.99,134.85,0,134.85,22.04
ORD-103645,CUST-0136,26-04-2025,2025,4,April,Q2,South,Texas,Frozen Pizza,DiGiorno,Supermarket,Mass Market,15,7.99,119.85,11.99,107.86,27.31
ORD-103829,CUST-0526,26-04-2025,2025,4,April,Q2,South,Florida,Frozen Pizza,Jack's Pizza,Online,Mass Market,50,5.99,299.5,44.92,254.58,79.35
ORD-103091,CUST-0028,27-04-2025,2025,4,April,Q2,East,New Jersey,International Foods,El Mejor Nido,Wholesale,Family,15,8.49,127.35,0,127.35,41.98
ORD-100911,CUST-0717,28-04-2025,2025,4,April,Q2,Central,Michigan,Coffee & Creamers,Coffee mate,Retail,Family,20,7.49,149.8,11.98,137.82,43.32
ORD-101544,CUST-0494,28-04-2025,2025,4,April,Q2,West,Oregon,Coffee & Creamers,Coffee mate,Retail,Mass Market,5,7.49,37.45,0,37.45,9.55
ORD-102024,CUST-0333,28-04-2025,2025,4,April,Q2,West,Arizona,International Foods,Maggi,Retail,Family,20,4.29,85.8,12.87,72.93,20.4
ORD-102518,CUST-0497,28-04-2025,2025,4,April,Q2,East,Pennsylvania,International Foods,Abuelita,Online,Family,25,5.49,137.25,0,137.25,38.38
ORD-102929,CUST-0046,28-04-2025,2025,4,April,Q2,Central,Illinois,Baking,Carnation,Convenience,Family,10,3.99,39.9,3.19,36.71,11.6
ORD-103069,CUST-0435,28-04-2025,2025,4,April,Q2,West,Arizona,Frozen Foods,Stouffer's,Retail,Premium,40,8.99,359.6,0,359.6,83.73
ORD-103084,CUST-0626,28-04-2025,2025,4,April,Q2,Central,Minnesota,Frozen Pizza,Jack's Pizza,Wholesale,Family,100,5.99,599,59.9,539.1,132.24
ORD-103532,CUST-0447,28-04-2025,2025,4,April,Q2,South,Florida,Frozen Pizza,DiGiorno,Wholesale,Health & Wellness,100,7.99,799,15.98,783.02,155.62
ORD-103677,CUST-0440,28-04-2025,2025,4,April,Q2,West,Arizona,Drinks,Nesquik,Supermarket,Premium,40,6.49,259.6,20.77,238.83,54.14
ORD-103872,CUST-0597,28-04-2025,2025,4,April,Q2,West,Washington,Coffee & Creamers,Coffee mate,Retail,Mass Market,50,7.49,374.5,18.73,355.78,102.44
ORD-100851,CUST-0692,29-04-2025,2025,4,April,Q2,West,Oregon,Frozen Foods,Hot Pockets,Supermarket,Premium,20,5.99,119.8,23.96,95.84,20.3
ORD-100883,CUST-0328,29-04-2025,2025,4,April,Q2,West,California,International Foods,Maggi,Wholesale,Mass Market,50,4.29,214.5,0,214.5,65.42
ORD-103808,CUST-0511,29-04-2025,2025,4,April,Q2,East,New York,Coffee & Creamers,Nescafé CLASICO,Online,Mass Market,25,9.49,237.25,35.59,201.66,63.09
ORD-101629,CUST-0481,30-04-2025,2025,4,April,Q2,West,California,Frozen Pizza,DiGiorno,Online,Premium,75,7.99,599.25,11.98,587.26,122.57
ORD-102025,CUST-0174,30-04-2025,2025,4,April,Q2,East,New York,Baking,Nestlé Toll House,Online,Mass Market,20,4.99,99.8,14.97,84.83,25.3
ORD-104551,CUST-0140,30-04-2025,2025,4,April,Q2,South,North Carolina,Frozen Foods,Stouffer's,Wholesale,Family,30,8.99,269.7,0,269.7,53.47
ORD-100628,CUST-0377,01-05-2025,2025,5,May,Q2,Central,Missouri,Frozen Foods,Stouffer's,Online,Premium,25,8.99,224.75,4.5,220.26,44.44
ORD-103276,CUST-0125,01-05-2025,2025,5,May,Q2,South,Tennessee,Frozen Foods,Lean Cuisine,Supermarket,Mass Market,15,6.49,97.35,4.87,92.48,21.87
ORD-103423,CUST-0631,01-05-2025,2025,5,May,Q2,South,Texas,Drinks,Nesquik,Wholesale,Mass Market,40,6.49,259.6,38.94,220.66,53.04
ORD-103981,CUST-0741,01-05-2025,2025,5,May,Q2,South,Louisiana,Frozen Foods,Stouffer's,Retail,Family,20,8.99,179.8,8.99,170.81,42.46
ORD-104952,CUST-0280,01-05-2025,2025,5,May,Q2,West,Washington,Frozen Pizza,Jack's Pizza,Retail,Mass Market,40,5.99,239.6,11.98,227.62,62.63
ORD-100861,CUST-0503,02-05-2025,2025,5,May,Q2,South,Texas,Frozen Pizza,DiGiorno,Retail,Family,20,7.99,159.8,15.98,143.82,32.39
ORD-102370,CUST-0454,02-05-2025,2025,5,May,Q2,Central,Missouri,International Foods,El Mejor Nido,Convenience,Family,30,8.49,254.7,25.47,229.23,65.5
ORD-103220,CUST-0070,03-05-2025,2025,5,May,Q2,Central,Ohio,Frozen Pizza,Jack's Pizza,Convenience,Mass Market,10,5.99,59.9,3,56.91,15.72
ORD-103265,CUST-0121,03-05-2025,2025,5,May,Q2,South,Texas,Coffee & Creamers,Coffee mate,Retail,Health & Wellness,25,7.49,187.25,9.36,177.89,54.19
ORD-103689,CUST-0701,03-05-2025,2025,5,May,Q2,West,Nevada,International Foods,El Mejor Nido,Convenience,Premium,25,8.49,212.25,10.61,201.64,45.8
ORD-104213,CUST-0511,03-05-2025,2025,5,May,Q2,Central,Michigan,Frozen Pizza,Tombstone,Wholesale,Health & Wellness,5,6.99,34.95,0,34.95,9.32
ORD-103388,CUST-0127,04-05-2025,2025,5,May,Q2,Central,Wisconsin,Frozen Pizza,Tombstone,Convenience,Health & Wellness,5,6.99,34.95,2.8,32.15,8.79
ORD-104640,CUST-0263,04-05-2025,2025,5,May,Q2,South,Tennessee,Coffee & Creamers,Nescafé CLASICO,Online,Premium,5,9.49,47.45,3.8,43.65,11.96
ORD-101266,CUST-0064,05-05-2025,2025,5,May,Q2,West,Colorado,Baking,Carnation,Convenience,Family,15,3.99,59.85,8.98,50.87,16.19
ORD-101421,CUST-0649,05-05-2025,2025,5,May,Q2,East,Virginia,Frozen Pizza,DiGiorno,Online,Family,30,7.99,239.7,0,239.7,54.53
ORD-102534,CUST-0726,05-05-2025,2025,5,May,Q2,West,Washington,Coffee & Creamers,Nescafé,Retail,Mass Market,15,8.99,134.85,26.97,107.88,30.42
ORD-103225,CUST-0567,05-05-2025,2025,5,May,Q2,West,Colorado,Drinks,Nido,Supermarket,Mass Market,15,10.99,164.85,3.3,161.55,41.2
ORD-103239,CUST-0784,05-05-2025,2025,5,May,Q2,Central,Michigan,Frozen Foods,Lean Cuisine,Retail,Premium,10,6.49,64.9,3.25,61.66,12.52
ORD-103731,CUST-0235,05-05-2025,2025,5,May,Q2,West,Colorado,Coffee & Creamers,Coffee mate,Supermarket,Premium,25,7.49,187.25,9.36,177.89,49.48
ORD-100033,CUST-0628,06-05-2025,2025,5,May,Q2,West,Nevada,Baking,Nestlé Toll House,Retail,Premium,30,4.99,149.7,14.97,134.73,37.34
ORD-102641,CUST-0387,06-05-2025,2025,5,May,Q2,East,New York,Coffee & Creamers,Nescafé,Online,Premium,25,8.99,224.75,33.71,191.04,52.58
ORD-104840,CUST-0612,06-05-2025,2025,5,May,Q2,East,New Jersey,Frozen Pizza,DiGiorno,Wholesale,Family,40,7.99,319.6,6.39,313.21,84.94
ORD-101472,CUST-0774,07-05-2025,2025,5,May,Q2,Central,Wisconsin,Baking,Carnation,Supermarket,Family,5,3.99,19.95,2,17.96,4.69
ORD-102087,CUST-0468,07-05-2025,2025,5,May,Q2,West,Colorado,Frozen Foods,Stouffer's,Retail,Mass Market,20,8.99,179.8,35.96,143.84,36.68
ORD-102178,CUST-0176,07-05-2025,2025,5,May,Q2,Central,Wisconsin,Frozen Pizza,DiGiorno,Supermarket,Premium,10,7.99,79.9,1.6,78.3,18.46
ORD-103958,CUST-0744,07-05-2025,2025,5,May,Q2,East,Maryland,Frozen Foods,Hot Pockets,Online,Family,15,5.99,89.85,13.48,76.37,20.97
ORD-102685,CUST-0773,08-05-2025,2025,5,May,Q2,East,Maryland,International Foods,Maggi,Retail,Mass Market,40,4.29,171.6,3.43,168.17,45.06
ORD-104531,CUST-0250,08-05-2025,2025,5,May,Q2,West,Colorado,Coffee & Creamers,Nescafé,Retail,Health & Wellness,50,8.99,449.5,35.96,413.54,112.11
ORD-100685,CUST-0419,09-05-2025,2025,5,May,Q2,South,Louisiana,Coffee & Creamers,Nescafé CLASICO,Retail,Family,5,9.49,47.45,4.74,42.71,11.85
ORD-101032,CUST-0491,09-05-2025,2025,5,May,Q2,Central,Michigan,Coffee & Creamers,Nescafé,Supermarket,Mass Market,25,8.99,224.75,17.98,206.77,61.75
ORD-101172,CUST-0293,09-05-2025,2025,5,May,Q2,South,North Carolina,Baking,Carnation,Supermarket,Family,25,3.99,99.75,0,99.75,27.8
ORD-103549,CUST-0480,09-05-2025,2025,5,May,Q2,East,Virginia,International Foods,Maggi,Wholesale,Health & Wellness,5,4.29,21.45,4.29,17.16,5.03
ORD-103918,CUST-0758,09-05-2025,2025,5,May,Q2,East,Virginia,Frozen Foods,Lean Cuisine,Convenience,Health & Wellness,15,6.49,97.35,1.95,95.4,19.14
ORD-103917,CUST-0585,10-05-2025,2025,5,May,Q2,Central,Missouri,Baking,La Lechera,Wholesale,Health & Wellness,5,4.49,22.45,1.12,21.33,6.36
ORD-100827,CUST-0278,11-05-2025,2025,5,May,Q2,East,Virginia,International Foods,El Mejor Nido,Supermarket,Family,30,8.49,254.7,20.38,234.32,57.88
ORD-101436,CUST-0416,11-05-2025,2025,5,May,Q2,West,Nevada,Drinks,Nesquik,Retail,Mass Market,50,6.49,324.5,0,324.5,85.68
ORD-103380,CUST-0566,11-05-2025,2025,5,May,Q2,Central,Michigan,Frozen Foods,Hot Pockets,Online,Mass Market,25,5.99,149.75,14.98,134.78,31.47
ORD-104618,CUST-0759,11-05-2025,2025,5,May,Q2,South,Louisiana,Baking,La Lechera,Supermarket,Premium,15,4.49,67.35,3.37,63.98,19.46
ORD-100426,CUST-0322,12-05-2025,2025,5,May,Q2,Central,Ohio,Baking,La Lechera,Convenience,Premium,5,4.49,22.45,0,22.45,6.64
ORD-100774,CUST-0309,12-05-2025,2025,5,May,Q2,East,New Jersey,International Foods,Abuelita,Retail,Mass Market,20,5.49,109.8,2.2,107.6,29.39
ORD-101340,CUST-0099,12-05-2025,2025,5,May,Q2,West,Nevada,Frozen Pizza,DiGiorno,Retail,Mass Market,15,7.99,119.85,5.99,113.86,29.52
ORD-101716,CUST-0308,12-05-2025,2025,5,May,Q2,South,Tennessee,Frozen Foods,Lean Cuisine,Online,Premium,40,6.49,259.6,25.96,233.64,53.04
ORD-103499,CUST-0116,12-05-2025,2025,5,May,Q2,West,Washington,Drinks,Milo,Wholesale,Family,10,5.99,59.9,1.2,58.7,15.44
ORD-104808,CUST-0664,12-05-2025,2025,5,May,Q2,South,Louisiana,Coffee & Creamers,Nescafé,Wholesale,Family,5,8.99,44.95,2.25,42.7,9.6
ORD-100636,CUST-0782,13-05-2025,2025,5,May,Q2,East,Pennsylvania,Coffee & Creamers,Nescafé CLASICO,Online,Mass Market,30,9.49,284.7,5.69,279.01,75.88
ORD-101593,CUST-0533,13-05-2025,2025,5,May,Q2,West,Washington,Coffee & Creamers,Nescafé CLASICO,Online,Health & Wellness,20,9.49,189.8,0,189.8,51.04
ORD-102924,CUST-0760,13-05-2025,2025,5,May,Q2,West,Oregon,Coffee & Creamers,Coffee mate,Wholesale,Health & Wellness,30,7.49,224.7,0,224.7,50.38
ORD-103963,CUST-0160,13-05-2025,2025,5,May,Q2,West,Oregon,Drinks,Nido,Retail,Family,40,10.99,439.6,0,439.6,111.3
ORD-100597,CUST-0705,14-05-2025,2025,5,May,Q2,Central,Wisconsin,International Foods,Maggi,Retail,Mass Market,15,4.29,64.35,1.29,63.06,15
ORD-102401,CUST-0089,14-05-2025,2025,5,May,Q2,East,Maryland,Coffee & Creamers,Nescafé CLASICO,Wholesale,Mass Market,15,9.49,142.35,2.85,139.5,33.3
ORD-100221,CUST-0141,15-05-2025,2025,5,May,Q2,Central,Minnesota,Frozen Pizza,Tombstone,Online,Premium,25,6.99,174.75,17.48,157.28,42.33
ORD-102956,CUST-0051,15-05-2025,2025,5,May,Q2,Central,Missouri,Drinks,Nesquik,Online,Mass Market,75,6.49,486.75,97.35,389.4,103.77
ORD-104408,CUST-0521,15-05-2025,2025,5,May,Q2,West,Oregon,Coffee & Creamers,Nescafé,Wholesale,Mass Market,25,8.99,224.75,17.98,206.77,59.22
ORD-101840,CUST-0538,16-05-2025,2025,5,May,Q2,West,Washington,Coffee & Creamers,Nescafé,Online,Mass Market,25,8.99,224.75,33.71,191.04,54.53
ORD-104866,CUST-0246,16-05-2025,2025,5,May,Q2,Central,Michigan,Frozen Foods,Hot Pockets,Retail,Family,20,5.99,119.8,17.97,101.83,23.12
ORD-102480,CUST-0299,17-05-2025,2025,5,May,Q2,South,Louisiana,Frozen Pizza,DiGiorno,Online,Mass Market,15,7.99,119.85,9.59,110.26,27.68
ORD-102737,CUST-0343,17-05-2025,2025,5,May,Q2,South,Georgia,Frozen Pizza,DiGiorno,Convenience,Health & Wellness,40,7.99,319.6,15.98,303.62,82.69
ORD-103732,CUST-0427,17-05-2025,2025,5,May,Q2,South,Georgia,Drinks,Nesquik,Supermarket,Family,15,6.49,97.35,1.95,95.4,21.21
ORD-104194,CUST-0556,17-05-2025,2025,5,May,Q2,Central,Illinois,Coffee & Creamers,Nescafé CLASICO,Retail,Mass Market,25,9.49,237.25,18.98,218.27,58.82
ORD-100025,CUST-0097,18-05-2025,2025,5,May,Q2,East,Massachusetts,Frozen Pizza,Tombstone,Supermarket,Health & Wellness,10,6.99,69.9,1.4,68.5,19.71
ORD-101372,CUST-0096,18-05-2025,2025,5,May,Q2,West,Washington,Baking,La Lechera,Online,Mass Market,20,4.49,89.8,8.98,80.82,24.12
ORD-100104,CUST-0175,19-05-2025,2025,5,May,Q2,East,Maryland,Frozen Foods,Lean Cuisine,Online,Health & Wellness,25,6.49,162.25,3.24,159,31.81
ORD-102057,CUST-0715,19-05-2025,2025,5,May,Q2,East,Massachusetts,International Foods,Abuelita,Supermarket,Mass Market,20,5.49,109.8,8.78,101.02,21.52
ORD-104119,CUST-0130,19-05-2025,2025,5,May,Q2,West,Colorado,Baking,Nestlé Toll House,Wholesale,Family,20,4.99,99.8,0,99.8,27.27
ORD-101963,CUST-0595,20-05-2025,2025,5,May,Q2,South,North Carolina,Coffee & Creamers,Coffee mate,Online,Family,20,7.49,149.8,7.49,142.31,38.53
ORD-100037,CUST-0625,21-05-2025,2025,5,May,Q2,East,Maryland,International Foods,Maggi,Retail,Premium,25,4.29,107.25,2.14,105.1,26.09
ORD-104108,CUST-0092,21-05-2025,2025,5,May,Q2,West,California,Baking,Nestlé Toll House,Convenience,Mass Market,15,4.99,74.85,3.74,71.11,24.14
ORD-100128,CUST-0709,22-05-2025,2025,5,May,Q2,South,Louisiana,Drinks,Nido,Convenience,Mass Market,50,10.99,549.5,54.95,494.55,130.36
ORD-100352,CUST-0076,22-05-2025,2025,5,May,Q2,South,Georgia,Drinks,Nesquik,Convenience,Health & Wellness,20,6.49,129.8,6.49,123.31,27.62
ORD-102623,CUST-0614,22-05-2025,2025,5,May,Q2,East,Massachusetts,Coffee & Creamers,Nescafé CLASICO,Retail,Mass Market,50,9.49,474.5,9.49,465.01,122.4
ORD-102944,CUST-0146,22-05-2025,2025,5,May,Q2,Central,Illinois,International Foods,Abuelita,Convenience,Mass Market,40,5.49,219.6,10.98,208.62,54.49
ORD-104973,CUST-0351,22-05-2025,2025,5,May,Q2,Central,Minnesota,Coffee & Creamers,Nescafé CLASICO,Retail,Health & Wellness,40,9.49,379.6,30.37,349.23,101.66
ORD-100830,CUST-0653,23-05-2025,2025,5,May,Q2,East,Virginia,Drinks,Nido,Online,Premium,10,10.99,109.9,8.79,101.11,21
ORD-101482,CUST-0142,23-05-2025,2025,5,May,Q2,West,Arizona,Coffee & Creamers,Nescafé,Online,Mass Market,5,8.99,44.95,3.6,41.35,11.45
ORD-102016,CUST-0481,23-05-2025,2025,5,May,Q2,East,New Jersey,Frozen Pizza,Tombstone,Wholesale,Family,15,6.99,104.85,8.39,96.46,24.09
ORD-102365,CUST-0363,23-05-2025,2025,5,May,Q2,Central,Missouri,Coffee & Creamers,Nescafé CLASICO,Supermarket,Mass Market,30,9.49,284.7,14.24,270.46,78.83
ORD-102445,CUST-0581,23-05-2025,2025,5,May,Q2,East,Pennsylvania,Drinks,Milo,Online,Premium,15,5.99,89.85,0,89.85,18.46
ORD-102732,CUST-0175,23-05-2025,2025,5,May,Q2,East,Pennsylvania,Frozen Foods,Lean Cuisine,Retail,Premium,20,6.49,129.8,6.49,123.31,23.49
ORD-103097,CUST-0251,23-05-2025,2025,5,May,Q2,South,Texas,Frozen Pizza,Tombstone,Convenience,Premium,10,6.99,69.9,3.5,66.4,16.38
ORD-103631,CUST-0030,23-05-2025,2025,5,May,Q2,Central,Michigan,International Foods,Abuelita,Retail,Premium,20,5.49,109.8,0,109.8,31.79
ORD-102181,CUST-0592,24-05-2025,2025,5,May,Q2,East,Virginia,Frozen Foods,Hot Pockets,Supermarket,Mass Market,40,5.99,239.6,23.96,215.64,47.98
ORD-103305,CUST-0383,24-05-2025,2025,5,May,Q2,West,Oregon,Frozen Foods,Stouffer's,Supermarket,Mass Market,20,8.99,179.8,17.98,161.82,39.73
ORD-103617,CUST-0087,24-05-2025,2025,5,May,Q2,Central,Wisconsin,Drinks,Nesquik,Retail,Mass Market,15,6.49,97.35,9.74,87.62,17.15
ORD-104149,CUST-0651,24-05-2025,2025,5,May,Q2,Central,Ohio,Frozen Foods,Stouffer's,Retail,Health & Wellness,15,8.99,134.85,0,134.85,20.75
ORD-104727,CUST-0418,24-05-2025,2025,5,May,Q2,South,Florida,Drinks,Milo,Supermarket,Mass Market,10,5.99,59.9,8.99,50.92,11.51
ORD-104914,CUST-0080,24-05-2025,2025,5,May,Q2,West,Nevada,Frozen Pizza,Jack's Pizza,Retail,Family,30,5.99,179.7,14.38,165.32,45.52
ORD-100289,CUST-0075,25-05-2025,2025,5,May,Q2,East,New York,Frozen Foods,Hot Pockets,Online,Health & Wellness,100,5.99,599,29.95,569.05,113.03
ORD-102828,CUST-0123,25-05-2025,2025,5,May,Q2,West,Colorado,Baking,La Lechera,Retail,Premium,20,4.49,89.8,8.98,80.82,23.4
ORD-103687,CUST-0585,25-05-2025,2025,5,May,Q2,South,North Carolina,Baking,Nestlé Toll House,Convenience,Premium,50,4.99,249.5,24.95,224.55,65.78
ORD-102271,CUST-0365,26-05-2025,2025,5,May,Q2,West,Arizona,Frozen Foods,Stouffer's,Retail,Family,20,8.99,179.8,8.99,170.81,44.74
ORD-102500,CUST-0658,26-05-2025,2025,5,May,Q2,East,New Jersey,Drinks,Nido,Retail,Mass Market,5,10.99,54.95,2.75,52.2,11.08
ORD-103382,CUST-0466,26-05-2025,2025,5,May,Q2,East,Maryland,Coffee & Creamers,Nescafé,Retail,Health & Wellness,10,8.99,89.9,4.5,85.4,24.01
ORD-103630,CUST-0052,26-05-2025,2025,5,May,Q2,Central,Illinois,Drinks,Nido,Wholesale,Mass Market,30,10.99,329.7,16.48,313.21,76.67
ORD-103675,CUST-0031,26-05-2025,2025,5,May,Q2,Central,Illinois,Drinks,Milo,Online,Family,10,5.99,59.9,4.79,55.11,12.59
ORD-104905,CUST-0027,26-05-2025,2025,5,May,Q2,South,Florida,Baking,La Lechera,Wholesale,Mass Market,20,4.49,89.8,1.8,88,23.3
ORD-100422,CUST-0051,27-05-2025,2025,5,May,Q2,South,Louisiana,Frozen Foods,Hot Pockets,Wholesale,Mass Market,15,5.99,89.85,13.48,76.37,15.35
ORD-101237,CUST-0003,27-05-2025,2025,5,May,Q2,South,North Carolina,Coffee & Creamers,Nescafé CLASICO,Wholesale,Family,30,9.49,284.7,0,284.7,74.22
ORD-101531,CUST-0187,27-05-2025,2025,5,May,Q2,East,New York,International Foods,Maggi,Convenience,Family,30,4.29,128.7,6.44,122.26,29.31
ORD-103896,CUST-0649,27-05-2025,2025,5,May,Q2,South,Georgia,Baking,Nestlé Toll House,Retail,Family,30,4.99,149.7,14.97,134.73,42.02
ORD-104995,CUST-0623,27-05-2025,2025,5,May,Q2,West,Washington,Frozen Pizza,Tombstone,Retail,Mass Market,50,6.99,349.5,52.42,297.08,73.83
ORD-102448,CUST-0286,28-05-2025,2025,5,May,Q2,West,California,International Foods,Abuelita,Retail,Family,30,5.49,164.7,3.29,161.41,38.2
ORD-100207,CUST-0300,29-05-2025,2025,5,May,Q2,West,Arizona,Frozen Pizza,Tombstone,Supermarket,Mass Market,100,6.99,699,34.95,664.05,158.04
ORD-103123,CUST-0109,29-05-2025,2025,5,May,Q2,West,Colorado,Frozen Foods,Stouffer's,Retail,Mass Market,20,8.99,179.8,17.98,161.82,31.93
ORD-100480,CUST-0596,30-05-2025,2025,5,May,Q2,Central,Ohio,Drinks,Nesquik,Wholesale,Premium,10,6.49,64.9,3.25,61.66,14.41
ORD-102506,CUST-0072,30-05-2025,2025,5,May,Q2,West,Oregon,Coffee & Creamers,Nescafé,Online,Mass Market,50,8.99,449.5,44.95,404.55,113.21
ORD-103068,CUST-0199,30-05-2025,2025,5,May,Q2,South,Florida,Frozen Foods,Hot Pockets,Retail,Family,10,5.99,59.9,5.99,53.91,9.86
ORD-103926,CUST-0274,30-05-2025,2025,5,May,Q2,West,California,Coffee & Creamers,Nescafé,Retail,Health & Wellness,15,8.99,134.85,0,134.85,40.32
ORD-103950,CUST-0322,30-05-2025,2025,5,May,Q2,West,Nevada,Frozen Foods,Hot Pockets,Supermarket,Mass Market,100,5.99,599,119.8,479.2,87.14
ORD-104499,CUST-0683,30-05-2025,2025,5,May,Q2,West,Arizona,Frozen Foods,Hot Pockets,Retail,Premium,25,5.99,149.75,22.46,127.29,27.32
ORD-100117,CUST-0260,31-05-2025,2025,5,May,Q2,South,Texas,Frozen Pizza,Tombstone,Convenience,Mass Market,10,6.99,69.9,3.5,66.4,16.73
ORD-100545,CUST-0760,31-05-2025,2025,5,May,Q2,Central,Minnesota,Frozen Pizza,DiGiorno,Wholesale,Mass Market,50,7.99,399.5,0,399.5,86.15
ORD-103742,CUST-0356,31-05-2025,2025,5,May,Q2,South,North Carolina,Baking,Nestlé Toll House,Online,Mass Market,25,4.99,124.75,9.98,114.77,36.68
ORD-104513,CUST-0181,31-05-2025,2025,5,May,Q2,West,Arizona,Coffee & Creamers,Coffee mate,Online,Premium,5,7.49,37.45,1.87,35.58,9.95
ORD-104278,CUST-0170,01-06-2025,2025,6,June,Q2,East,Massachusetts,Baking,Carnation,Retail,Family,20,3.99,79.8,7.98,71.82,23.78
ORD-100358,CUST-0189,02-06-2025,2025,6,June,Q2,Central,Wisconsin,International Foods,El Mejor Nido,Retail,Health & Wellness,25,8.49,212.25,0,212.25,64.55
ORD-102207,CUST-0266,02-06-2025,2025,6,June,Q2,East,Pennsylvania,Frozen Foods,Lean Cuisine,Convenience,Mass Market,5,6.49,32.45,2.6,29.85,5.89
ORD-103260,CUST-0440,02-06-2025,2025,6,June,Q2,South,Louisiana,Coffee & Creamers,Coffee mate,Retail,Family,25,7.49,187.25,0,187.25,58.76
ORD-104081,CUST-0050,03-06-2025,2025,6,June,Q2,Central,Wisconsin,International Foods,Maggi,Wholesale,Mass Market,5,4.29,21.45,2.14,19.3,5.07
ORD-100995,CUST-0097,04-06-2025,2025,6,June,Q2,East,Pennsylvania,Frozen Foods,Lean Cuisine,Supermarket,Family,30,6.49,194.7,9.74,184.96,51.35
ORD-102228,CUST-0236,04-06-2025,2025,6,June,Q2,Central,Minnesota,Frozen Foods,Hot Pockets,Convenience,Premium,100,5.99,599,29.95,569.05,116.26
ORD-102517,CUST-0399,04-06-2025,2025,6,June,Q2,West,Washington,International Foods,Abuelita,Supermarket,Premium,30,5.49,164.7,0,164.7,44.45
ORD-102095,CUST-0606,05-06-2025,2025,6,June,Q2,East,New York,International Foods,Abuelita,Retail,Mass Market,10,5.49,54.9,0,54.9,14.04
ORD-102752,CUST-0459,05-06-2025,2025,6,June,Q2,Central,Missouri,Coffee & Creamers,Coffee mate,Online,Health & Wellness,25,7.49,187.25,14.98,172.27,45.55
ORD-103250,CUST-0406,05-06-2025,2025,6,June,Q2,Central,Missouri,Drinks,Nido,Supermarket,Family,75,10.99,824.25,123.64,700.61,202.32
ORD-100068,CUST-0636,06-06-2025,2025,6,June,Q2,South,Tennessee,Baking,La Lechera,Retail,Mass Market,25,4.49,112.25,5.61,106.64,30.17
ORD-100920,CUST-0271,06-06-2025,2025,6,June,Q2,West,Oregon,Baking,Nestlé Toll House,Online,Premium,20,4.99,99.8,4.99,94.81,29.78
ORD-102460,CUST-0711,06-06-2025,2025,6,June,Q2,East,New York,Frozen Pizza,DiGiorno,Retail,Family,25,7.99,199.75,4,195.76,53.28
ORD-102837,CUST-0447,06-06-2025,2025,6,June,Q2,South,Florida,Coffee & Creamers,Coffee mate,Retail,Family,30,7.49,224.7,44.94,179.76,47.48
ORD-104474,CUST-0232,06-06-2025,2025,6,June,Q2,East,Pennsylvania,Coffee & Creamers,Nescafé,Convenience,Mass Market,30,8.99,269.7,21.58,248.12,68.16
ORD-104915,CUST-0142,06-06-2025,2025,6,June,Q2,West,California,Frozen Foods,Stouffer's,Wholesale,Mass Market,20,8.99,179.8,26.97,152.83,36.79
ORD-100303,CUST-0012,07-06-2025,2025,6,June,Q2,Central,Wisconsin,Frozen Foods,Hot Pockets,Online,Premium,20,5.99,119.8,0,119.8,25.37
ORD-101448,CUST-0723,07-06-2025,2025,6,June,Q2,South,Texas,Coffee & Creamers,Nescafé,Supermarket,Premium,30,8.99,269.7,0,269.7,67.8
ORD-101910,CUST-0648,07-06-2025,2025,6,June,Q2,West,Colorado,Baking,Nestlé Toll House,Online,Family,25,4.99,124.75,12.48,112.28,36.19
ORD-102674,CUST-0087,07-06-2025,2025,6,June,Q2,West,Colorado,Frozen Pizza,Tombstone,Retail,Premium,30,6.99,209.7,41.94,167.76,42.21
ORD-103914,CUST-0302,07-06-2025,2025,6,June,Q2,South,Florida,Coffee & Creamers,Coffee mate,Wholesale,Family,5,7.49,37.45,3,34.45,10.03
ORD-104771,CUST-0785,07-06-2025,2025,6,June,Q2,West,Washington,International Foods,Abuelita,Online,Mass Market,40,5.49,219.6,32.94,186.66,53.79
ORD-101916,CUST-0458,08-06-2025,2025,6,June,Q2,Central,Illinois,Frozen Foods,Lean Cuisine,Wholesale,Health & Wellness,10,6.49,64.9,12.98,51.92,12.99
ORD-103855,CUST-0121,08-06-2025,2025,6,June,Q2,Central,Wisconsin,Baking,Carnation,Online,Mass Market,5,3.99,19.95,0,19.95,5.28
ORD-100152,CUST-0219,09-06-2025,2025,6,June,Q2,West,California,Frozen Pizza,Jack's Pizza,Supermarket,Premium,5,5.99,29.95,5.99,23.96,5.14
ORD-100945,CUST-0189,09-06-2025,2025,6,June,Q2,West,Washington,Baking,Nestlé Toll House,Online,Family,25,4.99,124.75,9.98,114.77,38.12
ORD-104314,CUST-0225,09-06-2025,2025,6,June,Q2,South,North Carolina,Baking,La Lechera,Retail,Family,40,4.49,179.6,8.98,170.62,53.68
ORD-100028,CUST-0200,10-06-2025,2025,6,June,Q2,East,New Jersey,Drinks,Milo,Retail,Family,20,5.99,119.8,17.97,101.83,24.1
ORD-104131,CUST-0790,10-06-2025,2025,6,June,Q2,East,New York,Frozen Foods,Stouffer's,Wholesale,Mass Market,15,8.99,134.85,13.48,121.36,31.56
ORD-100656,CUST-0241,11-06-2025,2025,6,June,Q2,West,Washington,Baking,Carnation,Supermarket,Premium,20,3.99,79.8,6.38,73.42,20.79
ORD-101312,CUST-0348,11-06-2025,2025,6,June,Q2,South,Louisiana,International Foods,Abuelita,Supermarket,Premium,30,5.49,164.7,13.18,151.52,40.01
ORD-102141,CUST-0727,11-06-2025,2025,6,June,Q2,South,Tennessee,Baking,Nestlé Toll House,Online,Premium,15,4.99,74.85,5.99,68.86,19.31
ORD-103009,CUST-0531,11-06-2025,2025,6,June,Q2,Central,Illinois,Frozen Pizza,DiGiorno,Convenience,Health & Wellness,30,7.99,239.7,19.18,220.52,55.99
ORD-103288,CUST-0437,11-06-2025,2025,6,June,Q2,South,Louisiana,Frozen Foods,Stouffer's,Wholesale,Family,15,8.99,134.85,13.48,121.36,25.72
ORD-102079,CUST-0300,12-06-2025,2025,6,June,Q2,South,Tennessee,International Foods,Maggi,Supermarket,Premium,30,4.29,128.7,6.44,122.26,32.41
ORD-103360,CUST-0546,12-06-2025,2025,6,June,Q2,Central,Ohio,Coffee & Creamers,Nescafé CLASICO,Supermarket,Health & Wellness,50,9.49,474.5,9.49,465.01,114.65
ORD-101248,CUST-0386,13-06-2025,2025,6,June,Q2,West,Nevada,Coffee & Creamers,Nescafé CLASICO,Online,Mass Market,40,9.49,379.6,30.37,349.23,98.25
ORD-101829,CUST-0681,13-06-2025,2025,6,June,Q2,South,Tennessee,Coffee & Creamers,Coffee mate,Retail,Family,30,7.49,224.7,17.98,206.72,61.35
ORD-103323,CUST-0100,13-06-2025,2025,6,June,Q2,South,Texas,International Foods,Abuelita,Wholesale,Mass Market,30,5.49,164.7,0,164.7,47.27
ORD-100439,CUST-0391,14-06-2025,2025,6,June,Q2,Central,Michigan,International Foods,Abuelita,Supermarket,Health & Wellness,50,5.49,274.5,27.45,247.05,55.26
ORD-101864,CUST-0750,14-06-2025,2025,6,June,Q2,Central,Wisconsin,Coffee & Creamers,Nescafé,Retail,Premium,5,8.99,44.95,4.5,40.46,11.2
ORD-104558,CUST-0401,15-06-2025,2025,6,June,Q2,Central,Wisconsin,International Foods,Maggi,Wholesale,Premium,25,4.29,107.25,16.09,91.16,24.98
ORD-101991,CUST-0479,16-06-2025,2025,6,June,Q2,South,Louisiana,Baking,La Lechera,Supermarket,Mass Market,25,4.49,112.25,0,112.25,37.56
ORD-102653,CUST-0379,16-06-2025,2025,6,June,Q2,East,New Jersey,International Foods,Maggi,Supermarket,Premium,50,4.29,214.5,17.16,197.34,56.12
ORD-100947,CUST-0211,17-06-2025,2025,6,June,Q2,West,Washington,International Foods,Maggi,Convenience,Premium,10,4.29,42.9,0.86,42.04,8.35
ORD-101474,CUST-0214,17-06-2025,2025,6,June,Q2,East,Massachusetts,Frozen Foods,Stouffer's,Supermarket,Premium,5,8.99,44.95,2.25,42.7,8.51
ORD-102275,CUST-0459,17-06-2025,2025,6,June,Q2,South,Texas,Baking,Carnation,Retail,Health & Wellness,25,3.99,99.75,0,99.75,31.08
ORD-103851,CUST-0368,17-06-2025,2025,6,June,Q2,East,New York,Drinks,Nido,Wholesale,Premium,25,10.99,274.75,13.74,261.01,61.17
ORD-100897,CUST-0330,18-06-2025,2025,6,June,Q2,East,New Jersey,Coffee & Creamers,Nescafé,Supermarket,Health & Wellness,75,8.99,674.25,67.42,606.83,146.03
ORD-101022,CUST-0141,18-06-2025,2025,6,June,Q2,East,Massachusetts,Coffee & Creamers,Coffee mate,Wholesale,Health & Wellness,20,7.49,149.8,22.47,127.33,35.76
ORD-102064,CUST-0617,18-06-2025,2025,6,June,Q2,East,Maryland,Coffee & Creamers,Coffee mate,Retail,Mass Market,40,7.49,299.6,44.94,254.66,79.52
ORD-102629,CUST-0026,18-06-2025,2025,6,June,Q2,East,Massachusetts,International Foods,Abuelita,Retail,Family,50,5.49,274.5,5.49,269.01,73.42
ORD-103245,CUST-0172,18-06-2025,2025,6,June,Q2,Central,Ohio,Frozen Foods,Lean Cuisine,Online,Family,100,6.49,649,97.35,551.65,93.68
ORD-100036,CUST-0024,19-06-2025,2025,6,June,Q2,South,Florida,Coffee & Creamers,Coffee mate,Retail,Mass Market,30,7.49,224.7,44.94,179.76,47.2
ORD-100140,CUST-0527,19-06-2025,2025,6,June,Q2,South,Louisiana,Frozen Foods,Stouffer's,Online,Family,5,8.99,44.95,6.74,38.21,9.17
ORD-104477,CUST-0451,19-06-2025,2025,6,June,Q2,East,Pennsylvania,Frozen Pizza,Tombstone,Wholesale,Mass Market,10,6.99,69.9,0,69.9,20.26
ORD-104506,CUST-0507,19-06-2025,2025,6,June,Q2,East,New Jersey,Coffee & Creamers,Nescafé,Retail,Health & Wellness,100,8.99,899,44.95,854.05,236.13
ORD-102599,CUST-0693,20-06-2025,2025,6,June,Q2,East,New York,Baking,Carnation,Supermarket,Family,15,3.99,59.85,4.79,55.06,18.09
ORD-102757,CUST-0289,20-06-2025,2025,6,June,Q2,East,New York,Coffee & Creamers,Coffee mate,Online,Mass Market,10,7.49,74.9,1.5,73.4,18.87
ORD-101140,CUST-0087,21-06-2025,2025,6,June,Q2,Central,Minnesota,International Foods,Abuelita,Retail,Mass Market,75,5.49,411.75,0,411.75,111.02
ORD-102938,CUST-0026,21-06-2025,2025,6,June,Q2,Central,Missouri,International Foods,Abuelita,Retail,Premium,50,5.49,274.5,41.18,233.32,55.92
ORD-104799,CUST-0756,21-06-2025,2025,6,June,Q2,West,Colorado,Baking,La Lechera,Retail,Mass Market,20,4.49,89.8,0,89.8,26.43
ORD-100536,CUST-0766,22-06-2025,2025,6,June,Q2,South,Tennessee,Frozen Foods,Hot Pockets,Online,Mass Market,5,5.99,29.95,2.4,27.55,5.36
ORD-100640,CUST-0679,22-06-2025,2025,6,June,Q2,East,Pennsylvania,Frozen Pizza,DiGiorno,Convenience,Family,50,7.99,399.5,19.98,379.52,83.68
ORD-101163,CUST-0119,22-06-2025,2025,6,June,Q2,East,New Jersey,International Foods,Abuelita,Retail,Premium,20,5.49,109.8,8.78,101.02,24.58
ORD-104443,CUST-0510,22-06-2025,2025,6,June,Q2,West,California,Frozen Foods,Hot Pockets,Online,Family,15,5.99,89.85,4.49,85.36,17.27
ORD-100768,CUST-0192,23-06-2025,2025,6,June,Q2,South,Texas,Coffee & Creamers,Nescafé CLASICO,Retail,Premium,50,9.49,474.5,94.9,379.6,106.37
ORD-100873,CUST-0617,23-06-2025,2025,6,June,Q2,Central,Minnesota,Frozen Pizza,DiGiorno,Convenience,Mass Market,10,7.99,79.9,4,75.9,18.45
ORD-101000,CUST-0588,23-06-2025,2025,6,June,Q2,East,New York,Frozen Pizza,Jack's Pizza,Retail,Family,20,5.99,119.8,9.58,110.22,28.21
ORD-102129,CUST-0176,23-06-2025,2025,6,June,Q2,South,North Carolina,Baking,Nestlé Toll House,Online,Family,25,4.99,124.75,2.5,122.26,37
ORD-103897,CUST-0414,23-06-2025,2025,6,June,Q2,West,Nevada,International Foods,El Mejor Nido,Retail,Mass Market,15,8.49,127.35,2.55,124.8,29.99
ORD-102855,CUST-0637,24-06-2025,2025,6,June,Q2,West,Nevada,Baking,La Lechera,Supermarket,Mass Market,30,4.49,134.7,0,134.7,39.53
ORD-100651,CUST-0681,25-06-2025,2025,6,June,Q2,West,Colorado,Frozen Pizza,DiGiorno,Retail,Mass Market,40,7.99,319.6,0,319.6,77.94
ORD-100864,CUST-0113,25-06-2025,2025,6,June,Q2,East,New York,International Foods,Maggi,Supermarket,Premium,50,4.29,214.5,10.73,203.78,54.03
ORD-101217,CUST-0259,25-06-2025,2025,6,June,Q2,West,Arizona,Drinks,Nesquik,Wholesale,Mass Market,40,6.49,259.6,12.98,246.62,64.3
ORD-101848,CUST-0658,25-06-2025,2025,6,June,Q2,West,Washington,Frozen Pizza,Tombstone,Supermarket,Family,15,6.99,104.85,5.24,99.61,25.45
ORD-100728,CUST-0035,26-06-2025,2025,6,June,Q2,South,Florida,Drinks,Nido,Retail,Premium,25,10.99,274.75,54.95,219.8,51.71
ORD-101377,CUST-0186,26-06-2025,2025,6,June,Q2,East,Pennsylvania,Frozen Pizza,DiGiorno,Retail,Family,30,7.99,239.7,11.99,227.72,58.01
ORD-103113,CUST-0269,26-06-2025,2025,6,June,Q2,Central,Illinois,Frozen Foods,Stouffer's,Retail,Family,20,8.99,179.8,17.98,161.82,35.92
ORD-103230,CUST-0300,26-06-2025,2025,6,June,Q2,West,Arizona,Drinks,Milo,Wholesale,Mass Market,10,5.99,59.9,3,56.91,13.68
ORD-103899,CUST-0090,26-06-2025,2025,6,June,Q2,Central,Wisconsin,International Foods,Abuelita,Online,Health & Wellness,20,5.49,109.8,5.49,104.31,28.18
ORD-100800,CUST-0649,27-06-2025,2025,6,June,Q2,South,Texas,Coffee & Creamers,Nescafé CLASICO,Retail,Family,25,9.49,237.25,23.72,213.52,48.88
ORD-102154,CUST-0534,27-06-2025,2025,6,June,Q2,South,Louisiana,International Foods,El Mejor Nido,Convenience,Premium,5,8.49,42.45,3.4,39.05,10.46
ORD-100831,CUST-0689,28-06-2025,2025,6,June,Q2,West,California,Baking,Carnation,Online,Mass Market,20,3.99,79.8,1.6,78.2,24.99
ORD-103996,CUST-0591,28-06-2025,2025,6,June,Q2,East,New Jersey,Frozen Foods,Hot Pockets,Online,Health & Wellness,50,5.99,299.5,23.96,275.54,57.08
ORD-100107,CUST-0205,29-06-2025,2025,6,June,Q2,East,Maryland,Frozen Foods,Lean Cuisine,Supermarket,Family,30,6.49,194.7,15.58,179.12,37.82
ORD-100748,CUST-0505,29-06-2025,2025,6,June,Q2,Central,Minnesota,Frozen Pizza,Jack's Pizza,Online,Family,20,5.99,119.8,5.99,113.81,31.92
ORD-102546,CUST-0265,29-06-2025,2025,6,June,Q2,East,Virginia,Drinks,Nido,Retail,Family,10,10.99,109.9,10.99,98.91,24.56
ORD-100491,CUST-0579,30-06-2025,2025,6,June,Q2,East,Maryland,Drinks,Nesquik,Supermarket,Mass Market,10,6.49,64.9,0,64.9,14.44
ORD-100892,CUST-0540,30-06-2025,2025,6,June,Q2,South,Louisiana,Coffee & Creamers,Nescafé,Online,Health & Wellness,10,8.99,89.9,1.8,88.1,27.07
ORD-103052,CUST-0243,30-06-2025,2025,6,June,Q2,East,Massachusetts,Frozen Pizza,DiGiorno,Convenience,Mass Market,15,7.99,119.85,5.99,113.86,28.35
ORD-104328,CUST-0190,01-07-2025,2025,7,July,Q3,South,Louisiana,Frozen Foods,Hot Pockets,Online,Mass Market,15,5.99,89.85,4.49,85.36,16.17
ORD-100762,CUST-0253,02-07-2025,2025,7,July,Q3,East,New York,Frozen Pizza,DiGiorno,Retail,Mass Market,25,7.99,199.75,15.98,183.77,43.07
ORD-102363,CUST-0592,02-07-2025,2025,7,July,Q3,East,New York,Drinks,Milo,Retail,Mass Market,75,5.99,449.25,8.98,440.26,95.18
ORD-104255,CUST-0687,02-07-2025,2025,7,July,Q3,West,Arizona,Coffee & Creamers,Nescafé,Wholesale,Mass Market,10,8.99,89.9,4.5,85.4,27.3
ORD-101668,CUST-0553,03-07-2025,2025,7,July,Q3,South,Tennessee,Frozen Pizza,DiGiorno,Retail,Mass Market,30,7.99,239.7,19.18,220.52,55.89
ORD-101851,CUST-0240,03-07-2025,2025,7,July,Q3,East,Maryland,Frozen Pizza,DiGiorno,Convenience,Family,25,7.99,199.75,15.98,183.77,47.39
ORD-102727,CUST-0726,03-07-2025,2025,7,July,Q3,West,Colorado,International Foods,El Mejor Nido,Online,Mass Market,15,8.49,127.35,0,127.35,30.91
ORD-104243,CUST-0692,03-07-2025,2025,7,July,Q3,Central,Wisconsin,Frozen Foods,Lean Cuisine,Retail,Family,30,6.49,194.7,19.47,175.23,35.74
ORD-104758,CUST-0708,03-07-2025,2025,7,July,Q3,South,North Carolina,International Foods,El Mejor Nido,Wholesale,Mass Market,10,8.49,84.9,0,84.9,24.97
ORD-104528,CUST-0568,04-07-2025,2025,7,July,Q3,South,Florida,Drinks,Nido,Supermarket,Family,25,10.99,274.75,5.5,269.26,70.61
ORD-104971,CUST-0210,04-07-2025,2025,7,July,Q3,East,New Jersey,Baking,Nestlé Toll House,Wholesale,Family,10,4.99,49.9,7.48,42.42,13.6
ORD-100005,CUST-0656,05-07-2025,2025,7,July,Q3,West,Colorado,Drinks,Nesquik,Online,Family,40,6.49,259.6,25.96,233.64,58.41
ORD-103521,CUST-0348,05-07-2025,2025,7,July,Q3,West,Colorado,Drinks,Nesquik,Supermarket,Health & Wellness,30,6.49,194.7,15.58,179.12,46.16
ORD-101764,CUST-0091,06-07-2025,2025,7,July,Q3,East,New York,International Foods,Maggi,Supermarket,Premium,15,4.29,64.35,1.29,63.06,16.36
ORD-103004,CUST-0424,07-07-2025,2025,7,July,Q3,Central,Illinois,Frozen Foods,Lean Cuisine,Convenience,Premium,40,6.49,259.6,5.19,254.41,49.27
ORD-104812,CUST-0373,07-07-2025,2025,7,July,Q3,South,Texas,Drinks,Milo,Supermarket,Family,10,5.99,59.9,3,56.91,14.24
ORD-100818,CUST-0668,08-07-2025,2025,7,July,Q3,East,Maryland,International Foods,El Mejor Nido,Supermarket,Mass Market,40,8.49,339.6,27.17,312.43,82.21
ORD-101130,CUST-0763,08-07-2025,2025,7,July,Q3,West,Oregon,Coffee & Creamers,Nescafé CLASICO,Online,Health & Wellness,30,9.49,284.7,22.78,261.92,77.41
ORD-102069,CUST-0710,08-07-2025,2025,7,July,Q3,West,Oregon,International Foods,Maggi,Supermarket,Mass Market,30,4.29,128.7,19.3,109.4,32.93
ORD-102963,CUST-0353,08-07-2025,2025,7,July,Q3,East,Massachusetts,Drinks,Nesquik,Online,Family,30,6.49,194.7,19.47,175.23,40.45
ORD-103974,CUST-0674,08-07-2025,2025,7,July,Q3,Central,Ohio,Baking,Carnation,Online,Mass Market,15,3.99,59.85,1.2,58.65,16
ORD-101921,CUST-0719,09-07-2025,2025,7,July,Q3,Central,Illinois,Coffee & Creamers,Coffee mate,Retail,Mass Market,40,7.49,299.6,23.97,275.63,70.41
ORD-103166,CUST-0788,09-07-2025,2025,7,July,Q3,East,Virginia,Frozen Pizza,DiGiorno,Online,Health & Wellness,10,7.99,79.9,0,79.9,18.74
ORD-103898,CUST-0061,09-07-2025,2025,7,July,Q3,South,Florida,Frozen Pizza,Jack's Pizza,Supermarket,Health & Wellness,15,5.99,89.85,0,89.85,23.44
ORD-104153,CUST-0220,09-07-2025,2025,7,July,Q3,Central,Michigan,Frozen Foods,Stouffer's,Retail,Family,75,8.99,674.25,134.85,539.4,126.71
ORD-104545,CUST-0544,09-07-2025,2025,7,July,Q3,East,New York,Frozen Foods,Lean Cuisine,Convenience,Health & Wellness,40,6.49,259.6,12.98,246.62,45.07
ORD-104731,CUST-0357,09-07-2025,2025,7,July,Q3,West,Arizona,International Foods,Maggi,Retail,Family,5,4.29,21.45,1.72,19.73,4.83
ORD-101261,CUST-0378,10-07-2025,2025,7,July,Q3,West,Nevada,Frozen Foods,Stouffer's,Wholesale,Mass Market,10,8.99,89.9,4.5,85.4,17.22
ORD-100518,CUST-0027,11-07-2025,2025,7,July,Q3,South,Texas,Baking,Nestlé Toll House,Convenience,Premium,30,4.99,149.7,2.99,146.71,54.16
ORD-100551,CUST-0152,11-07-2025,2025,7,July,Q3,Central,Ohio,Coffee & Creamers,Nescafé CLASICO,Retail,Health & Wellness,25,9.49,237.25,0,237.25,76.49
ORD-101026,CUST-0402,11-07-2025,2025,7,July,Q3,East,Maryland,Frozen Foods,Stouffer's,Retail,Premium,40,8.99,359.6,17.98,341.62,72.21
ORD-101626,CUST-0463,11-07-2025,2025,7,July,Q3,Central,Missouri,Frozen Foods,Stouffer's,Supermarket,Mass Market,30,8.99,269.7,21.58,248.12,56.59
ORD-102291,CUST-0447,11-07-2025,2025,7,July,Q3,Central,Minnesota,International Foods,El Mejor Nido,Retail,Health & Wellness,20,8.49,169.8,0,169.8,47.45
ORD-102432,CUST-0724,11-07-2025,2025,7,July,Q3,South,North Carolina,Frozen Pizza,DiGiorno,Retail,Premium,50,7.99,399.5,19.98,379.52,85.33
ORD-100664,CUST-0674,13-07-2025,2025,7,July,Q3,West,Colorado,Frozen Pizza,DiGiorno,Wholesale,Health & Wellness,20,7.99,159.8,12.78,147.02,39.36
ORD-102520,CUST-0280,13-07-2025,2025,7,July,Q3,Central,Illinois,Coffee & Creamers,Nescafé,Wholesale,Mass Market,40,8.99,359.6,0,359.6,89.44
ORD-103430,CUST-0639,13-07-2025,2025,7,July,Q3,Central,Michigan,Coffee & Creamers,Nescafé CLASICO,Retail,Premium,30,9.49,284.7,5.69,279.01,79.14
ORD-103600,CUST-0037,13-07-2025,2025,7,July,Q3,Central,Illinois,Frozen Pizza,Jack's Pizza,Online,Family,20,5.99,119.8,11.98,107.82,27.78
ORD-100581,CUST-0326,14-07-2025,2025,7,July,Q3,East,Pennsylvania,Drinks,Nesquik,Online,Family,100,6.49,649,97.35,551.65,146.25
ORD-102264,CUST-0075,14-07-2025,2025,7,July,Q3,East,Maryland,Frozen Foods,Lean Cuisine,Retail,Family,100,6.49,649,51.92,597.08,118.31
ORD-102933,CUST-0767,14-07-2025,2025,7,July,Q3,West,Arizona,Frozen Pizza,DiGiorno,Retail,Family,30,7.99,239.7,47.94,191.76,41.42
ORD-101955,CUST-0093,15-07-2025,2025,7,July,Q3,South,North Carolina,International Foods,Abuelita,Online,Health & Wellness,75,5.49,411.75,20.59,391.16,93.63
ORD-103023,CUST-0209,15-07-2025,2025,7,July,Q3,Central,Minnesota,Frozen Pizza,Jack's Pizza,Retail,Family,20,5.99,119.8,5.99,113.81,33.42
ORD-104650,CUST-0516,15-07-2025,2025,7,July,Q3,West,California,International Foods,Maggi,Convenience,Mass Market,15,4.29,64.35,1.29,63.06,17.07
ORD-100194,CUST-0182,16-07-2025,2025,7,July,Q3,Central,Wisconsin,International Foods,Maggi,Supermarket,Family,100,4.29,429,21.45,407.55,121.47
ORD-101183,CUST-0017,16-07-2025,2025,7,July,Q3,Central,Minnesota,International Foods,Abuelita,Supermarket,Premium,50,5.49,274.5,27.45,247.05,79.04
ORD-102651,CUST-0547,16-07-2025,2025,7,July,Q3,West,Arizona,Frozen Pizza,Jack's Pizza,Online,Mass Market,10,5.99,59.9,1.2,58.7,12.79
ORD-102658,CUST-0147,16-07-2025,2025,7,July,Q3,South,Louisiana,Frozen Pizza,DiGiorno,Convenience,Premium,15,7.99,119.85,17.98,101.87,28.49
ORD-103448,CUST-0416,16-07-2025,2025,7,July,Q3,Central,Michigan,Frozen Pizza,DiGiorno,Online,Family,20,7.99,159.8,7.99,151.81,38.85
ORD-100717,CUST-0402,17-07-2025,2025,7,July,Q3,South,Georgia,Coffee & Creamers,Nescafé CLASICO,Online,Premium,15,9.49,142.35,2.85,139.5,39.95
ORD-101895,CUST-0543,17-07-2025,2025,7,July,Q3,Central,Ohio,International Foods,Maggi,Wholesale,Premium,5,4.29,21.45,3.22,18.23,5.53
ORD-103927,CUST-0240,17-07-2025,2025,7,July,Q3,Central,Illinois,Frozen Pizza,DiGiorno,Supermarket,Family,20,7.99,159.8,0,159.8,37.06
ORD-100511,CUST-0317,18-07-2025,2025,7,July,Q3,Central,Missouri,Frozen Foods,Lean Cuisine,Convenience,Mass Market,20,6.49,129.8,6.49,123.31,28.49
ORD-101228,CUST-0688,18-07-2025,2025,7,July,Q3,East,Pennsylvania,Frozen Foods,Hot Pockets,Supermarket,Health & Wellness,50,5.99,299.5,14.98,284.52,63.01
ORD-103970,CUST-0601,18-07-2025,2025,7,July,Q3,East,Virginia,Coffee & Creamers,Nescafé CLASICO,Retail,Premium,20,9.49,189.8,0,189.8,54.11
ORD-104999,CUST-0352,18-07-2025,2025,7,July,Q3,South,Louisiana,Coffee & Creamers,Nescafé,Wholesale,Premium,20,8.99,179.8,14.38,165.42,45.31
ORD-102435,CUST-0142,19-07-2025,2025,7,July,Q3,South,North Carolina,Frozen Foods,Lean Cuisine,Wholesale,Mass Market,40,6.49,259.6,20.77,238.83,54.39
ORD-102694,CUST-0357,19-07-2025,2025,7,July,Q3,East,New Jersey,Baking,La Lechera,Convenience,Mass Market,50,4.49,224.5,17.96,206.54,66.36
ORD-103134,CUST-0035,19-07-2025,2025,7,July,Q3,Central,Illinois,Baking,Nestlé Toll House,Retail,Family,10,4.99,49.9,4.99,44.91,14.63
ORD-103289,CUST-0197,19-07-2025,2025,7,July,Q3,South,Florida,Frozen Foods,Stouffer's,Supermarket,Mass Market,25,8.99,224.75,17.98,206.77,44.62
ORD-103948,CUST-0027,19-07-2025,2025,7,July,Q3,Central,Ohio,Coffee & Creamers,Coffee mate,Online,Family,10,7.49,74.9,1.5,73.4,21.29
ORD-100972,CUST-0607,20-07-2025,2025,7,July,Q3,South,Texas,International Foods,Maggi,Retail,Mass Market,30,4.29,128.7,0,128.7,41.37
ORD-101333,CUST-0295,20-07-2025,2025,7,July,Q3,West,Washington,Drinks,Nido,Wholesale,Mass Market,50,10.99,549.5,27.48,522.02,124.38
ORD-104546,CUST-0336,20-07-2025,2025,7,July,Q3,South,North Carolina,Baking,Nestlé Toll House,Retail,Family,15,4.99,74.85,3.74,71.11,21.47
ORD-104789,CUST-0403,20-07-2025,2025,7,July,Q3,East,Virginia,Baking,Nestlé Toll House,Supermarket,Health & Wellness,5,4.99,24.95,3.74,21.21,6.4
ORD-100565,CUST-0585,21-07-2025,2025,7,July,Q3,East,Virginia,International Foods,El Mejor Nido,Supermarket,Premium,15,8.49,127.35,10.19,117.16,23.94
ORD-100681,CUST-0231,21-07-2025,2025,7,July,Q3,South,North Carolina,Drinks,Nido,Supermarket,Mass Market,20,10.99,219.8,21.98,197.82,53.38
ORD-102034,CUST-0369,21-07-2025,2025,7,July,Q3,South,Texas,Drinks,Nesquik,Online,Family,5,6.49,32.45,4.87,27.58,5.59
ORD-104842,CUST-0387,21-07-2025,2025,7,July,Q3,South,Louisiana,Coffee & Creamers,Nescafé,Supermarket,Mass Market,15,8.99,134.85,10.79,124.06,34.14
ORD-100514,CUST-0481,22-07-2025,2025,7,July,Q3,South,Louisiana,Baking,Carnation,Online,Family,5,3.99,19.95,2.99,16.96,4.6
ORD-103341,CUST-0511,22-07-2025,2025,7,July,Q3,South,Florida,Coffee & Creamers,Nescafé,Convenience,Family,25,8.99,224.75,11.24,213.51,61.84
ORD-100566,CUST-0263,23-07-2025,2025,7,July,Q3,Central,Michigan,Baking,Nestlé Toll House,Online,Mass Market,15,4.99,74.85,0,74.85,21.48
ORD-101310,CUST-0493,23-07-2025,2025,7,July,Q3,South,Georgia,Baking,La Lechera,Supermarket,Family,25,4.49,112.25,8.98,103.27,32.85
ORD-101464,CUST-0176,23-07-2025,2025,7,July,Q3,Central,Missouri,International Foods,Abuelita,Online,Family,10,5.49,54.9,4.39,50.51,15.3
ORD-102870,CUST-0237,23-07-2025,2025,7,July,Q3,East,Pennsylvania,Coffee & Creamers,Coffee mate,Wholesale,Mass Market,30,7.49,224.7,22.47,202.23,57.39
ORD-104486,CUST-0573,23-07-2025,2025,7,July,Q3,Central,Ohio,Baking,La Lechera,Wholesale,Family,10,4.49,44.9,0,44.9,14.55
ORD-100376,CUST-0229,24-07-2025,2025,7,July,Q3,East,Virginia,Frozen Pizza,Jack's Pizza,Wholesale,Health & Wellness,20,5.99,119.8,0,119.8,26.84
ORD-100915,CUST-0558,24-07-2025,2025,7,July,Q3,Central,Minnesota,Coffee & Creamers,Nescafé,Supermarket,Family,40,8.99,359.6,28.77,330.83,80.96
ORD-100992,CUST-0493,24-07-2025,2025,7,July,Q3,Central,Ohio,Baking,Carnation,Supermarket,Family,30,3.99,119.7,9.58,110.12,31.58
ORD-102076,CUST-0609,24-07-2025,2025,7,July,Q3,South,North Carolina,International Foods,Maggi,Online,Mass Market,30,4.29,128.7,6.44,122.26,27.74
ORD-102912,CUST-0338,24-07-2025,2025,7,July,Q3,West,Oregon,Frozen Foods,Lean Cuisine,Retail,Premium,30,6.49,194.7,15.58,179.12,39.78
ORD-103544,CUST-0496,24-07-2025,2025,7,July,Q3,East,Maryland,Coffee & Creamers,Coffee mate,Retail,Family,25,7.49,187.25,0,187.25,50.44
ORD-100138,CUST-0659,25-07-2025,2025,7,July,Q3,Central,Missouri,Baking,Carnation,Retail,Mass Market,10,3.99,39.9,3.19,36.71,10.57
ORD-103860,CUST-0316,25-07-2025,2025,7,July,Q3,South,Georgia,Drinks,Nido,Supermarket,Premium,30,10.99,329.7,0,329.7,81.33
ORD-103973,CUST-0468,25-07-2025,2025,7,July,Q3,East,Virginia,Frozen Foods,Hot Pockets,Retail,Mass Market,20,5.99,119.8,5.99,113.81,26.25
ORD-104310,CUST-0553,25-07-2025,2025,7,July,Q3,South,Tennessee,Coffee & Creamers,Nescafé,Supermarket,Mass Market,30,8.99,269.7,0,269.7,77.67
ORD-100533,CUST-0504,26-07-2025,2025,7,July,Q3,South,North Carolina,Baking,Carnation,Convenience,Premium,10,3.99,39.9,2,37.91,12.87
ORD-101919,CUST-0140,26-07-2025,2025,7,July,Q3,East,New Jersey,Frozen Pizza,Jack's Pizza,Online,Mass Market,30,5.99,179.7,8.99,170.72,41.31
ORD-100568,CUST-0415,27-07-2025,2025,7,July,Q3,East,New York,Frozen Pizza,DiGiorno,Retail,Mass Market,20,7.99,159.8,7.99,151.81,43.46
ORD-101195,CUST-0251,27-07-2025,2025,7,July,Q3,West,Arizona,Coffee & Creamers,Coffee mate,Online,Family,20,7.49,149.8,7.49,142.31,38.46
ORD-102382,CUST-0262,27-07-2025,2025,7,July,Q3,South,Louisiana,Drinks,Milo,Supermarket,Family,10,5.99,59.9,8.99,50.92,10.64
ORD-103469,CUST-0613,27-07-2025,2025,7,July,Q3,South,North Carolina,International Foods,Abuelita,Online,Family,10,5.49,54.9,5.49,49.41,12.28
ORD-103818,CUST-0592,27-07-2025,2025,7,July,Q3,South,Tennessee,Frozen Pizza,DiGiorno,Retail,Mass Market,15,7.99,119.85,11.99,107.86,33.56
ORD-101229,CUST-0567,28-07-2025,2025,7,July,Q3,South,North Carolina,International Foods,Maggi,Supermarket,Mass Market,15,4.29,64.35,3.22,61.13,14.22
ORD-101334,CUST-0547,28-07-2025,2025,7,July,Q3,South,Louisiana,Baking,La Lechera,Online,Health & Wellness,20,4.49,89.8,1.8,88,29.07
ORD-102440,CUST-0621,28-07-2025,2025,7,July,Q3,West,Nevada,Frozen Foods,Stouffer's,Wholesale,Family,40,8.99,359.6,17.98,341.62,79.25
ORD-102459,CUST-0021,28-07-2025,2025,7,July,Q3,East,Massachusetts,Baking,Nestlé Toll House,Convenience,Family,40,4.99,199.6,9.98,189.62,59.47
ORD-102617,CUST-0044,28-07-2025,2025,7,July,Q3,East,Massachusetts,International Foods,Maggi,Online,Family,5,4.29,21.45,0,21.45,6.06
ORD-103503,CUST-0165,29-07-2025,2025,7,July,Q3,South,Louisiana,Frozen Foods,Stouffer's,Retail,Family,25,8.99,224.75,11.24,213.51,46.04
ORD-104340,CUST-0475,29-07-2025,2025,7,July,Q3,West,Oregon,Baking,Nestlé Toll House,Online,Health & Wellness,15,4.99,74.85,3.74,71.11,21.86
ORD-100772,CUST-0344,30-07-2025,2025,7,July,Q3,South,Georgia,Frozen Pizza,DiGiorno,Retail,Mass Market,25,7.99,199.75,4,195.76,55.74
ORD-102785,CUST-0061,30-07-2025,2025,7,July,Q3,South,Florida,Coffee & Creamers,Nescafé,Convenience,Health & Wellness,10,8.99,89.9,8.99,80.91,22.83
ORD-101267,CUST-0178,31-07-2025,2025,7,July,Q3,East,New Jersey,Frozen Foods,Hot Pockets,Retail,Family,15,5.99,89.85,13.48,76.37,16.72
ORD-102868,CUST-0047,01-08-2025,2025,8,August,Q3,Central,Illinois,Coffee & Creamers,Nescafé,Supermarket,Premium,5,8.99,44.95,0,44.95,9.84
ORD-103470,CUST-0100,01-08-2025,2025,8,August,Q3,West,California,Coffee & Creamers,Nescafé,Retail,Mass Market,30,8.99,269.7,21.58,248.12,78.92
ORD-104596,CUST-0047,01-08-2025,2025,8,August,Q3,Central,Minnesota,Frozen Pizza,DiGiorno,Supermarket,Family,50,7.99,399.5,31.96,367.54,77.17
ORD-102078,CUST-0469,02-08-2025,2025,8,August,Q3,East,Pennsylvania,Frozen Pizza,DiGiorno,Retail,Mass Market,10,7.99,79.9,11.99,67.92,16.51
ORD-102330,CUST-0092,02-08-2025,2025,8,August,Q3,West,California,Frozen Pizza,Tombstone,Retail,Health & Wellness,20,6.99,139.8,6.99,132.81,35.04
ORD-103434,CUST-0686,02-08-2025,2025,8,August,Q3,East,New York,Baking,Carnation,Retail,Premium,25,3.99,99.75,7.98,91.77,29.6
ORD-102309,CUST-0595,03-08-2025,2025,8,August,Q3,West,Oregon,Frozen Pizza,DiGiorno,Online,Health & Wellness,25,7.99,199.75,29.96,169.79,45.28
ORD-102982,CUST-0049,03-08-2025,2025,8,August,Q3,West,Colorado,Frozen Foods,Lean Cuisine,Retail,Family,40,6.49,259.6,20.77,238.83,57.87
ORD-103115,CUST-0046,03-08-2025,2025,8,August,Q3,West,Washington,Drinks,Nesquik,Online,Health & Wellness,25,6.49,162.25,12.98,149.27,37.28
ORD-103806,CUST-0274,03-08-2025,2025,8,August,Q3,South,Georgia,Frozen Pizza,DiGiorno,Wholesale,Family,10,7.99,79.9,1.6,78.3,22.64
ORD-100595,CUST-0247,04-08-2025,2025,8,August,Q3,South,North Carolina,Coffee & Creamers,Nescafé,Convenience,Family,20,8.99,179.8,0,179.8,50.67
ORD-100724,CUST-0741,04-08-2025,2025,8,August,Q3,Central,Missouri,Coffee & Creamers,Nescafé CLASICO,Supermarket,Family,20,9.49,189.8,18.98,170.82,45.55
ORD-101672,CUST-0353,04-08-2025,2025,8,August,Q3,South,Louisiana,Drinks,Nido,Retail,Mass Market,5,10.99,54.95,5.5,49.46,13.47
ORD-103591,CUST-0666,04-08-2025,2025,8,August,Q3,South,Louisiana,Coffee & Creamers,Nescafé,Wholesale,Mass Market,25,8.99,224.75,44.95,179.8,46.05
ORD-103554,CUST-0525,05-08-2025,2025,8,August,Q3,East,Virginia,Coffee & Creamers,Nescafé CLASICO,Supermarket,Family,15,9.49,142.35,11.39,130.96,37.97
ORD-100700,CUST-0041,06-08-2025,2025,8,August,Q3,East,New Jersey,Coffee & Creamers,Nescafé,Online,Mass Market,15,8.99,134.85,10.79,124.06,36.67
ORD-103258,CUST-0425,06-08-2025,2025,8,August,Q3,West,California,Drinks,Nesquik,Retail,Mass Market,50,6.49,324.5,6.49,318.01,73
ORD-103839,CUST-0558,07-08-2025,2025,8,August,Q3,South,Tennessee,Baking,Carnation,Retail,Mass Market,15,3.99,59.85,0,59.85,17.23
ORD-104114,CUST-0365,07-08-2025,2025,8,August,Q3,West,Arizona,Drinks,Nesquik,Supermarket,Health & Wellness,15,6.49,97.35,4.87,92.48,23.66
ORD-100047,CUST-0688,08-08-2025,2025,8,August,Q3,East,Virginia,Baking,Nestlé Toll House,Supermarket,Family,40,4.99,199.6,29.94,169.66,49.39
ORD-101462,CUST-0480,08-08-2025,2025,8,August,Q3,Central,Wisconsin,International Foods,Abuelita,Wholesale,Mass Market,15,5.49,82.35,0,82.35,21.62
ORD-103683,CUST-0629,08-08-2025,2025,8,August,Q3,South,Georgia,Coffee & Creamers,Nescafé,Retail,Premium,30,8.99,269.7,21.58,248.12,63.18
ORD-101108,CUST-0208,09-08-2025,2025,8,August,Q3,Central,Michigan,Frozen Pizza,Tombstone,Online,Mass Market,15,6.99,104.85,0,104.85,25
ORD-103775,CUST-0283,09-08-2025,2025,8,August,Q3,Central,Minnesota,Baking,Nestlé Toll House,Retail,Family,25,4.99,124.75,9.98,114.77,32.89
ORD-104011,CUST-0379,09-08-2025,2025,8,August,Q3,West,Oregon,Coffee & Creamers,Nescafé CLASICO,Supermarket,Mass Market,5,9.49,47.45,3.8,43.65,10.62
ORD-102756,CUST-0139,10-08-2025,2025,8,August,Q3,East,Maryland,Drinks,Milo,Retail,Health & Wellness,100,5.99,599,11.98,587.02,141.17
ORD-103535,CUST-0276,10-08-2025,2025,8,August,Q3,West,Oregon,Frozen Pizza,DiGiorno,Online,Family,25,7.99,199.75,9.99,189.76,50.01
ORD-104150,CUST-0700,10-08-2025,2025,8,August,Q3,South,Florida,International Foods,Abuelita,Convenience,Premium,15,5.49,82.35,6.59,75.76,16.19
ORD-101960,CUST-0322,12-08-2025,2025,8,August,Q3,South,North Carolina,Baking,Carnation,Supermarket,Health & Wellness,10,3.99,39.9,3.19,36.71,10.92
ORD-103077,CUST-0388,12-08-2025,2025,8,August,Q3,South,Texas,Drinks,Nesquik,Retail,Premium,40,6.49,259.6,25.96,233.64,58.74
ORD-104128,CUST-0371,12-08-2025,2025,8,August,Q3,South,North Carolina,Coffee & Creamers,Nescafé,Convenience,Family,15,8.99,134.85,10.79,124.06,35.03
ORD-100229,CUST-0146,13-08-2025,2025,8,August,Q3,South,Florida,Drinks,Nesquik,Retail,Family,10,6.49,64.9,5.19,59.71,15.61
ORD-101700,CUST-0616,13-08-2025,2025,8,August,Q3,Central,Illinois,International Foods,Maggi,Convenience,Mass Market,20,4.29,85.8,0,85.8,24.97
ORD-103957,CUST-0098,13-08-2025,2025,8,August,Q3,South,Florida,International Foods,Maggi,Wholesale,Health & Wellness,100,4.29,429,0,429,115.16
ORD-104821,CUST-0048,13-08-2025,2025,8,August,Q3,East,Pennsylvania,Drinks,Nido,Wholesale,Family,10,10.99,109.9,8.79,101.11,24.83
ORD-104935,CUST-0105,13-08-2025,2025,8,August,Q3,East,Massachusetts,Baking,Nestlé Toll House,Supermarket,Family,10,4.99,49.9,0,49.9,12.65
ORD-100479,CUST-0471,14-08-2025,2025,8,August,Q3,South,Florida,Frozen Foods,Hot Pockets,Wholesale,Premium,20,5.99,119.8,11.98,107.82,24.35
ORD-100590,CUST-0401,14-08-2025,2025,8,August,Q3,West,Oregon,International Foods,Abuelita,Wholesale,Family,15,5.49,82.35,0,82.35,19.64
ORD-101688,CUST-0097,14-08-2025,2025,8,August,Q3,East,Virginia,Frozen Foods,Lean Cuisine,Online,Mass Market,30,6.49,194.7,29.2,165.5,36.89
ORD-102230,CUST-0515,14-08-2025,2025,8,August,Q3,East,Pennsylvania,Frozen Foods,Stouffer's,Wholesale,Family,15,8.99,134.85,6.74,128.11,32.11
ORD-102544,CUST-0283,14-08-2025,2025,8,August,Q3,Central,Wisconsin,International Foods,Abuelita,Retail,Family,20,5.49,109.8,5.49,104.31,35.13
ORD-100783,CUST-0215,15-08-2025,2025,8,August,Q3,West,Arizona,Coffee & Creamers,Nescafé,Online,Mass Market,30,8.99,269.7,13.48,256.21,75.61
ORD-102741,CUST-0421,15-08-2025,2025,8,August,Q3,East,New Jersey,Drinks,Nido,Supermarket,Mass Market,75,10.99,824.25,65.94,758.31,186.88
ORD-103374,CUST-0481,15-08-2025,2025,8,August,Q3,Central,Michigan,Frozen Foods,Stouffer's,Retail,Premium,25,8.99,224.75,11.24,213.51,53.25
ORD-101249,CUST-0294,16-08-2025,2025,8,August,Q3,South,Louisiana,Drinks,Nesquik,Wholesale,Mass Market,25,6.49,162.25,12.98,149.27,35.13
ORD-102031,CUST-0776,16-08-2025,2025,8,August,Q3,West,Arizona,International Foods,Abuelita,Online,Family,10,5.49,54.9,1.1,53.8,16.52
ORD-103105,CUST-0579,16-08-2025,2025,8,August,Q3,West,Washington,Baking,Nestlé Toll House,Supermarket,Mass Market,25,4.99,124.75,2.5,122.26,38.6
ORD-104450,CUST-0093,16-08-2025,2025,8,August,Q3,Central,Ohio,Frozen Foods,Hot Pockets,Retail,Family,10,5.99,59.9,4.79,55.11,9.21
ORD-101362,CUST-0294,17-08-2025,2025,8,August,Q3,West,California,Coffee & Creamers,Coffee mate,Wholesale,Family,20,7.49,149.8,7.49,142.31,45.15
ORD-102420,CUST-0171,17-08-2025,2025,8,August,Q3,East,Pennsylvania,Frozen Pizza,Jack's Pizza,Online,Mass Market,25,5.99,149.75,3,146.76,32.24
ORD-102553,CUST-0476,17-08-2025,2025,8,August,Q3,South,Georgia,Coffee & Creamers,Nescafé,Retail,Premium,10,8.99,89.9,13.49,76.42,21.38
ORD-103196,CUST-0623,17-08-2025,2025,8,August,Q3,East,Massachusetts,Baking,Carnation,Retail,Health & Wellness,40,3.99,159.6,12.77,146.83,43.93
ORD-103704,CUST-0539,17-08-2025,2025,8,August,Q3,South,Georgia,Frozen Pizza,DiGiorno,Wholesale,Mass Market,50,7.99,399.5,59.92,339.58,77.59
ORD-104264,CUST-0500,17-08-2025,2025,8,August,Q3,East,New York,Coffee & Creamers,Nescafé,Wholesale,Premium,25,8.99,224.75,11.24,213.51,66.25
ORD-100222,CUST-0784,18-08-2025,2025,8,August,Q3,Central,Ohio,Baking,Carnation,Retail,Premium,25,3.99,99.75,7.98,91.77,27.09
ORD-104625,CUST-0423,18-08-2025,2025,8,August,Q3,South,Louisiana,Coffee & Creamers,Nescafé,Convenience,Mass Market,75,8.99,674.25,53.94,620.31,195.69
ORD-102730,CUST-0073,19-08-2025,2025,8,August,Q3,East,New York,International Foods,Maggi,Online,Premium,25,4.29,107.25,0,107.25,31.67
ORD-100980,CUST-0142,20-08-2025,2025,8,August,Q3,Central,Illinois,International Foods,Abuelita,Convenience,Health & Wellness,15,5.49,82.35,8.24,74.12,20.52
ORD-101624,CUST-0218,20-08-2025,2025,8,August,Q3,South,North Carolina,Frozen Pizza,DiGiorno,Convenience,Health & Wellness,20,7.99,159.8,3.2,156.6,37.59
ORD-102421,CUST-0186,20-08-2025,2025,8,August,Q3,West,Arizona,Frozen Foods,Lean Cuisine,Wholesale,Mass Market,10,6.49,64.9,3.25,61.66,14.59
ORD-100035,CUST-0040,21-08-2025,2025,8,August,Q3,South,Georgia,Coffee & Creamers,Coffee mate,Retail,Mass Market,50,7.49,374.5,29.96,344.54,105.42
ORD-100909,CUST-0205,21-08-2025,2025,8,August,Q3,West,Arizona,International Foods,Maggi,Supermarket,Family,25,4.29,107.25,16.09,91.16,29.17
ORD-102022,CUST-0377,21-08-2025,2025,8,August,Q3,Central,Wisconsin,Frozen Foods,Hot Pockets,Retail,Mass Market,40,5.99,239.6,11.98,227.62,59.2
ORD-100012,CUST-0236,22-08-2025,2025,8,August,Q3,South,Georgia,Frozen Foods,Stouffer's,Convenience,Premium,20,8.99,179.8,0,179.8,37.11
ORD-101988,CUST-0017,22-08-2025,2025,8,August,Q3,East,Pennsylvania,Coffee & Creamers,Nescafé,Retail,Family,75,8.99,674.25,53.94,620.31,159.34
ORD-102468,CUST-0559,22-08-2025,2025,8,August,Q3,West,Nevada,Frozen Pizza,DiGiorno,Wholesale,Family,15,7.99,119.85,11.99,107.86,29.99
ORD-102626,CUST-0671,22-08-2025,2025,8,August,Q3,South,Georgia,International Foods,El Mejor Nido,Wholesale,Premium,40,8.49,339.6,16.98,322.62,91.37
ORD-104950,CUST-0580,22-08-2025,2025,8,August,Q3,South,Georgia,Frozen Pizza,Tombstone,Retail,Mass Market,20,6.99,139.8,13.98,125.82,23.34
ORD-102592,CUST-0197,23-08-2025,2025,8,August,Q3,South,Florida,Coffee & Creamers,Nescafé CLASICO,Wholesale,Mass Market,25,9.49,237.25,18.98,218.27,54.34
ORD-103781,CUST-0448,23-08-2025,2025,8,August,Q3,East,Virginia,Frozen Foods,Lean Cuisine,Retail,Premium,50,6.49,324.5,0,324.5,60.48
ORD-103925,CUST-0680,23-08-2025,2025,8,August,Q3,South,North Carolina,International Foods,Maggi,Supermarket,Family,10,4.29,42.9,4.29,38.61,10.12
ORD-102238,CUST-0310,24-08-2025,2025,8,August,Q3,West,Arizona,Drinks,Nido,Wholesale,Mass Market,40,10.99,439.6,0,439.6,109.99
ORD-102491,CUST-0599,24-08-2025,2025,8,August,Q3,East,New York,International Foods,Abuelita,Convenience,Mass Market,20,5.49,109.8,0,109.8,31.32
ORD-100869,CUST-0302,25-08-2025,2025,8,August,Q3,South,Florida,Drinks,Nesquik,Supermarket,Mass Market,15,6.49,97.35,7.79,89.56,23.06
ORD-101528,CUST-0605,25-08-2025,2025,8,August,Q3,East,Massachusetts,Drinks,Milo,Supermarket,Health & Wellness,20,5.99,119.8,17.97,101.83,18.51
ORD-101576,CUST-0639,25-08-2025,2025,8,August,Q3,West,Nevada,Coffee & Creamers,Nescafé CLASICO,Supermarket,Family,5,9.49,47.45,3.8,43.65,10.86
ORD-102130,CUST-0217,25-08-2025,2025,8,August,Q3,East,Maryland,International Foods,Abuelita,Online,Premium,30,5.49,164.7,13.18,151.52,39.13
ORD-102649,CUST-0438,25-08-2025,2025,8,August,Q3,East,Pennsylvania,International Foods,Abuelita,Retail,Mass Market,40,5.49,219.6,10.98,208.62,61.1
ORD-102948,CUST-0310,25-08-2025,2025,8,August,Q3,East,New York,Coffee & Creamers,Nescafé,Online,Family,50,8.99,449.5,67.42,382.08,107.95
ORD-103237,CUST-0738,25-08-2025,2025,8,August,Q3,West,California,Baking,La Lechera,Wholesale,Mass Market,25,4.49,112.25,16.84,95.41,23.91
ORD-102254,CUST-0659,26-08-2025,2025,8,August,Q3,South,Tennessee,Baking,Nestlé Toll House,Supermarket,Family,10,4.99,49.9,2.5,47.41,15.29
ORD-102398,CUST-0396,26-08-2025,2025,8,August,Q3,West,Arizona,Drinks,Nido,Online,Mass Market,10,10.99,109.9,2.2,107.7,24.26
ORD-100603,CUST-0220,27-08-2025,2025,8,August,Q3,West,Nevada,Coffee & Creamers,Nescafé,Online,Premium,5,8.99,44.95,6.74,38.21,9.75
ORD-101304,CUST-0015,27-08-2025,2025,8,August,Q3,Central,Wisconsin,Baking,La Lechera,Retail,Premium,75,4.49,336.75,6.74,330.02,96.77
ORD-102597,CUST-0087,27-08-2025,2025,8,August,Q3,East,New York,Baking,Carnation,Online,Mass Market,20,3.99,79.8,3.99,75.81,23.37
ORD-103581,CUST-0428,27-08-2025,2025,8,August,Q3,East,Pennsylvania,Frozen Pizza,Tombstone,Supermarket,Family,15,6.99,104.85,8.39,96.46,22.41
ORD-102124,CUST-0624,28-08-2025,2025,8,August,Q3,East,New York,Drinks,Nesquik,Online,Premium,40,6.49,259.6,20.77,238.83,65.68
ORD-103753,CUST-0612,28-08-2025,2025,8,August,Q3,East,Maryland,Coffee & Creamers,Nescafé CLASICO,Retail,Mass Market,10,9.49,94.9,4.74,90.16,25.15
ORD-104403,CUST-0002,28-08-2025,2025,8,August,Q3,West,Arizona,International Foods,Abuelita,Online,Mass Market,100,5.49,549,43.92,505.08,137.36
ORD-101111,CUST-0177,29-08-2025,2025,8,August,Q3,South,North Carolina,Frozen Foods,Hot Pockets,Wholesale,Family,25,5.99,149.75,0,149.75,35.41
ORD-102572,CUST-0674,29-08-2025,2025,8,August,Q3,South,Louisiana,Coffee & Creamers,Coffee mate,Supermarket,Health & Wellness,30,7.49,224.7,11.24,213.46,64.76
ORD-103864,CUST-0264,29-08-2025,2025,8,August,Q3,West,Nevada,Frozen Foods,Lean Cuisine,Supermarket,Mass Market,50,6.49,324.5,0,324.5,66.86
ORD-104515,CUST-0026,29-08-2025,2025,8,August,Q3,Central,Minnesota,Coffee & Creamers,Nescafé,Supermarket,Health & Wellness,15,8.99,134.85,10.79,124.06,33.32
ORD-104637,CUST-0120,30-08-2025,2025,8,August,Q3,East,Pennsylvania,Baking,Nestlé Toll House,Online,Family,10,4.99,49.9,0,49.9,15.13
ORD-104943,CUST-0104,30-08-2025,2025,8,August,Q3,South,Texas,Coffee & Creamers,Coffee mate,Retail,Mass Market,50,7.49,374.5,18.73,355.78,103.36
ORD-101934,CUST-0606,31-08-2025,2025,8,August,Q3,Central,Illinois,International Foods,Abuelita,Online,Family,50,5.49,274.5,13.73,260.77,70.09
ORD-100919,CUST-0321,01-09-2025,2025,9,September,Q3,South,Louisiana,Coffee & Creamers,Nescafé CLASICO,Supermarket,Mass Market,50,9.49,474.5,23.72,450.78,136.1
ORD-101351,CUST-0415,01-09-2025,2025,9,September,Q3,South,Florida,International Foods,El Mejor Nido,Wholesale,Mass Market,20,8.49,169.8,13.58,156.22,40.41
ORD-103442,CUST-0420,01-09-2025,2025,9,September,Q3,Central,Minnesota,Baking,La Lechera,Wholesale,Premium,50,4.49,224.5,4.49,220.01,60.31
ORD-104332,CUST-0314,01-09-2025,2025,9,September,Q3,West,Washington,Frozen Pizza,Jack's Pizza,Supermarket,Health & Wellness,40,5.99,239.6,23.96,215.64,51.77
ORD-104877,CUST-0536,01-09-2025,2025,9,September,Q3,Central,Michigan,International Foods,Maggi,Wholesale,Premium,40,4.29,171.6,13.73,157.87,42.59
ORD-100738,CUST-0014,02-09-2025,2025,9,September,Q3,South,Florida,Frozen Foods,Stouffer's,Supermarket,Mass Market,20,8.99,179.8,14.38,165.42,33.12
ORD-102362,CUST-0004,02-09-2025,2025,9,September,Q3,East,Virginia,Drinks,Milo,Retail,Family,15,5.99,89.85,4.49,85.36,20.11
ORD-103533,CUST-0642,02-09-2025,2025,9,September,Q3,East,Maryland,International Foods,Maggi,Convenience,Family,30,4.29,128.7,19.3,109.4,33.25
ORD-103622,CUST-0499,02-09-2025,2025,9,September,Q3,West,Nevada,Drinks,Nesquik,Convenience,Mass Market,25,6.49,162.25,8.11,154.14,41.92
ORD-100643,CUST-0578,03-09-2025,2025,9,September,Q3,West,Colorado,Drinks,Nesquik,Retail,Family,50,6.49,324.5,16.23,308.27,65.07
ORD-102577,CUST-0459,03-09-2025,2025,9,September,Q3,South,Georgia,Drinks,Nido,Convenience,Family,20,10.99,219.8,10.99,208.81,55
ORD-104795,CUST-0386,04-09-2025,2025,9,September,Q3,East,Pennsylvania,Frozen Foods,Hot Pockets,Wholesale,Family,75,5.99,449.25,8.98,440.26,94.26
ORD-100146,CUST-0517,05-09-2025,2025,9,September,Q3,West,California,Frozen Foods,Hot Pockets,Retail,Family,100,5.99,599,0,599,156.33
ORD-100648,CUST-0036,05-09-2025,2025,9,September,Q3,Central,Illinois,International Foods,El Mejor Nido,Convenience,Family,30,8.49,254.7,25.47,229.23,56.97
ORD-101820,CUST-0773,05-09-2025,2025,9,September,Q3,East,Virginia,Drinks,Nido,Online,Mass Market,50,10.99,549.5,43.96,505.54,98.28
ORD-104175,CUST-0195,05-09-2025,2025,9,September,Q3,South,Louisiana,Coffee & Creamers,Nescafé,Wholesale,Premium,25,8.99,224.75,44.95,179.8,47.74
ORD-100178,CUST-0368,06-09-2025,2025,9,September,Q3,East,Pennsylvania,Frozen Pizza,Tombstone,Retail,Mass Market,30,6.99,209.7,0,209.7,40.51
ORD-100424,CUST-0783,06-09-2025,2025,9,September,Q3,East,New York,Baking,La Lechera,Retail,Mass Market,40,4.49,179.6,8.98,170.62,46.83
ORD-100706,CUST-0338,06-09-2025,2025,9,September,Q3,South,Louisiana,Baking,Nestlé Toll House,Wholesale,Mass Market,30,4.99,149.7,7.49,142.22,40.33
ORD-100726,CUST-0081,06-09-2025,2025,9,September,Q3,South,North Carolina,International Foods,El Mejor Nido,Supermarket,Premium,50,8.49,424.5,0,424.5,128.63
ORD-101684,CUST-0783,06-09-2025,2025,9,September,Q3,South,Louisiana,Baking,Carnation,Retail,Health & Wellness,10,3.99,39.9,3.99,35.91,12.47
ORD-102054,CUST-0565,06-09-2025,2025,9,September,Q3,South,Tennessee,Frozen Foods,Stouffer's,Online,Mass Market,25,8.99,224.75,17.98,206.77,38.7
ORD-103006,CUST-0258,06-09-2025,2025,9,September,Q3,South,Tennessee,Frozen Foods,Stouffer's,Retail,Mass Market,25,8.99,224.75,4.5,220.26,39.98
ORD-104929,CUST-0103,06-09-2025,2025,9,September,Q3,Central,Michigan,International Foods,Abuelita,Supermarket,Family,20,5.49,109.8,0,109.8,30.7
ORD-101949,CUST-0747,07-09-2025,2025,9,September,Q3,East,Virginia,Frozen Pizza,Tombstone,Supermarket,Family,40,6.99,279.6,55.92,223.68,46.63
ORD-103188,CUST-0453,07-09-2025,2025,9,September,Q3,East,New Jersey,Baking,Nestlé Toll House,Retail,Mass Market,10,4.99,49.9,2.5,47.41,15.4
ORD-103233,CUST-0140,07-09-2025,2025,9,September,Q3,West,Nevada,Frozen Foods,Stouffer's,Online,Family,10,8.99,89.9,8.99,80.91,20.18
ORD-103568,CUST-0307,07-09-2025,2025,9,September,Q3,Central,Wisconsin,International Foods,Maggi,Wholesale,Mass Market,50,4.29,214.5,10.73,203.78,54.15
ORD-102687,CUST-0075,08-09-2025,2025,9,September,Q3,West,Washington,Baking,Carnation,Online,Mass Market,15,3.99,59.85,4.79,55.06,19.77
ORD-102477,CUST-0140,09-09-2025,2025,9,September,Q3,West,Oregon,International Foods,Abuelita,Online,Health & Wellness,50,5.49,274.5,21.96,252.54,70.33
ORD-104190,CUST-0264,09-09-2025,2025,9,September,Q3,Central,Minnesota,Coffee & Creamers,Nescafé,Retail,Family,100,8.99,899,0,899,252.62
ORD-104814,CUST-0498,09-09-2025,2025,9,September,Q3,East,New York,Coffee & Creamers,Nescafé CLASICO,Supermarket,Premium,20,9.49,189.8,9.49,180.31,49.46
ORD-101738,CUST-0046,10-09-2025,2025,9,September,Q3,West,Arizona,International Foods,El Mejor Nido,Retail,Mass Market,75,8.49,636.75,0,636.75,175.06
ORD-103547,CUST-0100,10-09-2025,2025,9,September,Q3,West,Arizona,Frozen Pizza,DiGiorno,Wholesale,Premium,40,7.99,319.6,0,319.6,82.85
ORD-100940,CUST-0118,11-09-2025,2025,9,September,Q3,Central,Missouri,Frozen Foods,Lean Cuisine,Retail,Family,40,6.49,259.6,51.92,207.68,49.98
ORD-103520,CUST-0327,11-09-2025,2025,9,September,Q3,West,Washington,International Foods,El Mejor Nido,Retail,Family,15,8.49,127.35,6.37,120.98,37.8
ORD-104889,CUST-0330,11-09-2025,2025,9,September,Q3,West,Nevada,Frozen Foods,Lean Cuisine,Convenience,Family,20,6.49,129.8,6.49,123.31,26.62
ORD-102908,CUST-0614,12-09-2025,2025,9,September,Q3,West,Oregon,International Foods,El Mejor Nido,Supermarket,Family,50,8.49,424.5,84.9,339.6,98.02
ORD-100420,CUST-0186,13-09-2025,2025,9,September,Q3,Central,Missouri,Frozen Foods,Lean Cuisine,Online,Family,40,6.49,259.6,0,259.6,76.98
ORD-103126,CUST-0376,13-09-2025,2025,9,September,Q3,Central,Michigan,Coffee & Creamers,Coffee mate,Retail,Premium,15,7.49,112.35,22.47,89.88,29.37
ORD-100589,CUST-0294,15-09-2025,2025,9,September,Q3,West,Arizona,Frozen Pizza,Tombstone,Retail,Family,50,6.99,349.5,52.42,297.08,83.13
ORD-100727,CUST-0206,15-09-2025,2025,9,September,Q3,West,Washington,Coffee & Creamers,Coffee mate,Wholesale,Health & Wellness,25,7.49,187.25,18.73,168.52,53.42
ORD-100130,CUST-0293,16-09-2025,2025,9,September,Q3,East,Massachusetts,International Foods,Maggi,Supermarket,Mass Market,20,4.29,85.8,6.86,78.94,21.04
ORD-101501,CUST-0434,16-09-2025,2025,9,September,Q3,East,Massachusetts,Frozen Foods,Hot Pockets,Online,Mass Market,25,5.99,149.75,7.49,142.26,29.22
ORD-103076,CUST-0150,16-09-2025,2025,9,September,Q3,South,North Carolina,International Foods,El Mejor Nido,Retail,Health & Wellness,30,8.49,254.7,25.47,229.23,59.58
ORD-100684,CUST-0289,17-09-2025,2025,9,September,Q3,Central,Ohio,Frozen Pizza,DiGiorno,Retail,Family,100,7.99,799,0,799,196.8
ORD-104452,CUST-0754,17-09-2025,2025,9,September,Q3,Central,Illinois,Coffee & Creamers,Nescafé,Wholesale,Family,25,8.99,224.75,4.5,220.26,53.16
ORD-100987,CUST-0042,18-09-2025,2025,9,September,Q3,Central,Ohio,Frozen Foods,Stouffer's,Retail,Mass Market,10,8.99,89.9,4.5,85.4,14.28
ORD-101392,CUST-0705,18-09-2025,2025,9,September,Q3,West,Arizona,Coffee & Creamers,Nescafé,Retail,Health & Wellness,20,8.99,179.8,3.6,176.2,52.73
ORD-104735,CUST-0641,18-09-2025,2025,9,September,Q3,East,Pennsylvania,Drinks,Nesquik,Supermarket,Health & Wellness,40,6.49,259.6,20.77,238.83,62.79
ORD-100928,CUST-0172,19-09-2025,2025,9,September,Q3,Central,Wisconsin,Frozen Foods,Stouffer's,Supermarket,Premium,20,8.99,179.8,0,179.8,31.74
ORD-101640,CUST-0678,20-09-2025,2025,9,September,Q3,South,Tennessee,Frozen Foods,Hot Pockets,Convenience,Mass Market,20,5.99,119.8,9.58,110.22,25.46
ORD-103065,CUST-0556,20-09-2025,2025,9,September,Q3,Central,Wisconsin,Frozen Foods,Lean Cuisine,Online,Mass Market,15,6.49,97.35,9.74,87.62,21.57
ORD-103159,CUST-0033,20-09-2025,2025,9,September,Q3,South,North Carolina,Baking,La Lechera,Retail,Mass Market,40,4.49,179.6,14.37,165.23,48.43
ORD-101453,CUST-0083,21-09-2025,2025,9,September,Q3,South,Florida,Coffee & Creamers,Coffee mate,Supermarket,Health & Wellness,15,7.49,112.35,5.62,106.73,30.99
ORD-102390,CUST-0737,21-09-2025,2025,9,September,Q3,Central,Wisconsin,Frozen Pizza,Tombstone,Wholesale,Health & Wellness,40,6.99,279.6,0,279.6,65.45
ORD-104728,CUST-0363,21-09-2025,2025,9,September,Q3,South,Florida,Frozen Foods,Hot Pockets,Supermarket,Premium,40,5.99,239.6,19.17,220.43,41.5
ORD-100741,CUST-0388,22-09-2025,2025,9,September,Q3,East,Massachusetts,Frozen Pizza,DiGiorno,Retail,Premium,10,7.99,79.9,4,75.9,19.77
ORD-103621,CUST-0532,22-09-2025,2025,9,September,Q3,Central,Ohio,Drinks,Nesquik,Retail,Premium,30,6.49,194.7,29.2,165.5,46.89
ORD-103796,CUST-0350,22-09-2025,2025,9,September,Q3,Central,Ohio,International Foods,Maggi,Retail,Mass Market,15,4.29,64.35,5.15,59.2,14.08
ORD-104199,CUST-0229,22-09-2025,2025,9,September,Q3,East,Maryland,Drinks,Nesquik,Online,Premium,5,6.49,32.45,1.62,30.83,8.56
ORD-104351,CUST-0074,22-09-2025,2025,9,September,Q3,South,North Carolina,Frozen Pizza,Tombstone,Retail,Premium,20,6.99,139.8,11.18,128.62,33.32
ORD-104392,CUST-0762,22-09-2025,2025,9,September,Q3,Central,Wisconsin,Frozen Foods,Hot Pockets,Convenience,Family,10,5.99,59.9,5.99,53.91,11.14
ORD-100402,CUST-0108,23-09-2025,2025,9,September,Q3,South,Louisiana,International Foods,Maggi,Retail,Family,25,4.29,107.25,0,107.25,25.66
ORD-100462,CUST-0342,23-09-2025,2025,9,September,Q3,Central,Michigan,Baking,Carnation,Convenience,Mass Market,25,3.99,99.75,0,99.75,30.39
ORD-102376,CUST-0019,23-09-2025,2025,9,September,Q3,East,New York,International Foods,El Mejor Nido,Supermarket,Mass Market,30,8.49,254.7,20.38,234.32,67.05
ORD-102993,CUST-0722,23-09-2025,2025,9,September,Q3,Central,Ohio,Frozen Pizza,DiGiorno,Retail,Premium,100,7.99,799,63.92,735.08,189.99
ORD-103598,CUST-0556,23-09-2025,2025,9,September,Q3,Central,Ohio,Frozen Foods,Stouffer's,Online,Health & Wellness,15,8.99,134.85,10.79,124.06,29.71
ORD-104254,CUST-0616,23-09-2025,2025,9,September,Q3,East,Maryland,Coffee & Creamers,Nescafé CLASICO,Retail,Family,5,9.49,47.45,0.95,46.5,14.1
ORD-102743,CUST-0385,24-09-2025,2025,9,September,Q3,West,Arizona,International Foods,Maggi,Convenience,Health & Wellness,15,4.29,64.35,9.65,54.7,15.01
ORD-102974,CUST-0546,24-09-2025,2025,9,September,Q3,Central,Missouri,Frozen Pizza,Jack's Pizza,Online,Family,100,5.99,599,11.98,587.02,136.17
ORD-103505,CUST-0571,24-09-2025,2025,9,September,Q3,South,Florida,Coffee & Creamers,Nescafé CLASICO,Retail,Family,10,9.49,94.9,1.9,93,23.82
ORD-104608,CUST-0356,24-09-2025,2025,9,September,Q3,West,Oregon,Frozen Foods,Hot Pockets,Online,Premium,25,5.99,149.75,0,149.75,32.25
ORD-104737,CUST-0570,24-09-2025,2025,9,September,Q3,East,Maryland,Frozen Foods,Lean Cuisine,Wholesale,Premium,15,6.49,97.35,4.87,92.48,19.21
ORD-102084,CUST-0721,26-09-2025,2025,9,September,Q3,South,Florida,Coffee & Creamers,Nescafé CLASICO,Retail,Family,5,9.49,47.45,0.95,46.5,12.84
ORD-102637,CUST-0306,26-09-2025,2025,9,September,Q3,South,Louisiana,Frozen Foods,Stouffer's,Retail,Mass Market,5,8.99,44.95,8.99,35.96,7.92
ORD-102689,CUST-0741,26-09-2025,2025,9,September,Q3,East,New Jersey,Frozen Pizza,DiGiorno,Supermarket,Premium,25,7.99,199.75,15.98,183.77,45.44
ORD-103437,CUST-0207,26-09-2025,2025,9,September,Q3,West,Oregon,Frozen Foods,Hot Pockets,Convenience,Mass Market,40,5.99,239.6,4.79,234.81,49.49
ORD-102413,CUST-0195,27-09-2025,2025,9,September,Q3,East,Massachusetts,Baking,Carnation,Retail,Health & Wellness,15,3.99,59.85,2.99,56.86,19.78
ORD-103845,CUST-0329,27-09-2025,2025,9,September,Q3,West,Arizona,Coffee & Creamers,Nescafé,Retail,Mass Market,15,8.99,134.85,6.74,128.11,30.21
ORD-103877,CUST-0205,27-09-2025,2025,9,September,Q3,West,Oregon,Frozen Pizza,Jack's Pizza,Retail,Mass Market,30,5.99,179.7,17.97,161.73,37.29
ORD-104231,CUST-0262,27-09-2025,2025,9,September,Q3,Central,Michigan,Frozen Foods,Stouffer's,Supermarket,Premium,30,8.99,269.7,21.58,248.12,59.24
ORD-104463,CUST-0010,27-09-2025,2025,9,September,Q3,South,Texas,International Foods,Abuelita,Online,Family,15,5.49,82.35,6.59,75.76,23.65
ORD-102393,CUST-0506,28-09-2025,2025,9,September,Q3,East,Virginia,Frozen Pizza,DiGiorno,Online,Family,40,7.99,319.6,15.98,303.62,77.94
ORD-102615,CUST-0639,28-09-2025,2025,9,September,Q3,East,New York,Drinks,Nesquik,Online,Family,5,6.49,32.45,1.62,30.83,7.44
ORD-104554,CUST-0197,28-09-2025,2025,9,September,Q3,South,Texas,Frozen Foods,Hot Pockets,Wholesale,Family,20,5.99,119.8,5.99,113.81,27.09
ORD-103709,CUST-0202,29-09-2025,2025,9,September,Q3,East,New York,Frozen Pizza,DiGiorno,Supermarket,Premium,50,7.99,399.5,0,399.5,105
ORD-100228,CUST-0261,30-09-2025,2025,9,September,Q3,East,Pennsylvania,Baking,La Lechera,Supermarket,Mass Market,20,4.49,89.8,8.98,80.82,26.55
ORD-100524,CUST-0763,30-09-2025,2025,9,September,Q3,South,Georgia,Drinks,Nesquik,Supermarket,Mass Market,25,6.49,162.25,3.24,159,34.13
ORD-100737,CUST-0242,30-09-2025,2025,9,September,Q3,East,Virginia,International Foods,Maggi,Supermarket,Family,30,4.29,128.7,10.3,118.4,35.09
ORD-101186,CUST-0678,30-09-2025,2025,9,September,Q3,South,North Carolina,Drinks,Nido,Supermarket,Premium,25,10.99,274.75,21.98,252.77,66.22
ORD-102829,CUST-0763,30-09-2025,2025,9,September,Q3,East,Massachusetts,Frozen Pizza,Jack's Pizza,Supermarket,Health & Wellness,10,5.99,59.9,4.79,55.11,11.82
ORD-102110,CUST-0770,01-10-2025,2025,10,October,Q4,South,North Carolina,Coffee & Creamers,Coffee mate,Online,Health & Wellness,15,7.49,112.35,22.47,89.88,27.28
ORD-100341,CUST-0204,02-10-2025,2025,10,October,Q4,East,Massachusetts,Baking,Carnation,Retail,Family,40,3.99,159.6,3.19,156.41,40.09
ORD-100469,CUST-0755,02-10-2025,2025,10,October,Q4,West,Nevada,Coffee & Creamers,Nescafé,Supermarket,Family,20,8.99,179.8,17.98,161.82,43.06
ORD-100476,CUST-0323,02-10-2025,2025,10,October,Q4,South,North Carolina,International Foods,Maggi,Retail,Family,10,4.29,42.9,2.14,40.75,10.6
ORD-101619,CUST-0182,02-10-2025,2025,10,October,Q4,Central,Illinois,Coffee & Creamers,Nescafé CLASICO,Retail,Premium,40,9.49,379.6,0,379.6,115.05
ORD-102659,CUST-0083,02-10-2025,2025,10,October,Q4,West,Colorado,International Foods,Maggi,Online,Mass Market,30,4.29,128.7,12.87,115.83,32.61
ORD-103045,CUST-0300,02-10-2025,2025,10,October,Q4,Central,Ohio,Frozen Pizza,Tombstone,Online,Family,20,6.99,139.8,6.99,132.81,35.83
ORD-103283,CUST-0621,02-10-2025,2025,10,October,Q4,South,North Carolina,International Foods,El Mejor Nido,Convenience,Health & Wellness,10,8.49,84.9,1.7,83.2,20.45
ORD-104856,CUST-0437,02-10-2025,2025,10,October,Q4,West,Colorado,Drinks,Nesquik,Supermarket,Health & Wellness,15,6.49,97.35,1.95,95.4,22.69
ORD-101385,CUST-0339,03-10-2025,2025,10,October,Q4,Central,Minnesota,Coffee & Creamers,Nescafé CLASICO,Supermarket,Mass Market,15,9.49,142.35,11.39,130.96,36.33
ORD-102334,CUST-0265,03-10-2025,2025,10,October,Q4,Central,Missouri,Frozen Foods,Lean Cuisine,Retail,Premium,20,6.49,129.8,6.49,123.31,24.31
ORD-103000,CUST-0677,03-10-2025,2025,10,October,Q4,South,North Carolina,Coffee & Creamers,Nescafé CLASICO,Supermarket,Premium,10,9.49,94.9,4.74,90.16,22.45
ORD-101676,CUST-0405,04-10-2025,2025,10,October,Q4,East,Virginia,Frozen Foods,Lean Cuisine,Retail,Mass Market,15,6.49,97.35,0,97.35,20.06
ORD-100355,CUST-0278,05-10-2025,2025,10,October,Q4,West,Colorado,Frozen Foods,Lean Cuisine,Supermarket,Mass Market,100,6.49,649,97.35,551.65,126.95
ORD-103444,CUST-0734,05-10-2025,2025,10,October,Q4,South,Florida,Coffee & Creamers,Nescafé CLASICO,Supermarket,Mass Market,30,9.49,284.7,28.47,256.23,74.15
ORD-103857,CUST-0218,05-10-2025,2025,10,October,Q4,East,New York,Frozen Foods,Stouffer's,Online,Mass Market,30,8.99,269.7,13.48,256.21,54.88
ORD-104233,CUST-0149,06-10-2025,2025,10,October,Q4,East,Massachusetts,Coffee & Creamers,Nescafé,Supermarket,Family,30,8.99,269.7,40.46,229.24,53.41
ORD-104322,CUST-0512,06-10-2025,2025,10,October,Q4,South,Tennessee,Frozen Foods,Stouffer's,Supermarket,Premium,50,8.99,449.5,22.48,427.02,101.66
ORD-104368,CUST-0217,06-10-2025,2025,10,October,Q4,East,New Jersey,Frozen Foods,Hot Pockets,Supermarket,Health & Wellness,100,5.99,599,89.85,509.15,97.49
ORD-104623,CUST-0644,06-10-2025,2025,10,October,Q4,West,California,Frozen Foods,Lean Cuisine,Wholesale,Family,10,6.49,64.9,6.49,58.41,13.97
ORD-104774,CUST-0526,06-10-2025,2025,10,October,Q4,South,Tennessee,Frozen Pizza,DiGiorno,Retail,Health & Wellness,30,7.99,239.7,47.94,191.76,50
ORD-103261,CUST-0654,07-10-2025,2025,10,October,Q4,West,Washington,Baking,La Lechera,Online,Mass Market,30,4.49,134.7,10.78,123.92,42.41
ORD-103313,CUST-0372,07-10-2025,2025,10,October,Q4,Central,Ohio,Frozen Pizza,Tombstone,Online,Premium,10,6.99,69.9,3.5,66.4,16.49
ORD-100558,CUST-0646,08-10-2025,2025,10,October,Q4,West,Colorado,Baking,La Lechera,Retail,Mass Market,10,4.49,44.9,3.59,41.31,13.08
ORD-101558,CUST-0186,08-10-2025,2025,10,October,Q4,East,Massachusetts,Frozen Pizza,Tombstone,Online,Family,20,6.99,139.8,13.98,125.82,26.73
ORD-103977,CUST-0071,08-10-2025,2025,10,October,Q4,East,Virginia,Drinks,Milo,Supermarket,Family,5,5.99,29.95,1.5,28.45,6.82
ORD-104807,CUST-0534,08-10-2025,2025,10,October,Q4,West,Nevada,Frozen Foods,Stouffer's,Wholesale,Mass Market,20,8.99,179.8,26.97,152.83,36.6
ORD-100244,CUST-0057,09-10-2025,2025,10,October,Q4,East,Pennsylvania,Baking,Carnation,Online,Family,25,3.99,99.75,7.98,91.77,27.28
ORD-101182,CUST-0785,09-10-2025,2025,10,October,Q4,East,Pennsylvania,Baking,La Lechera,Supermarket,Premium,15,4.49,67.35,0,67.35,21.11
ORD-104550,CUST-0421,09-10-2025,2025,10,October,Q4,South,Florida,Baking,Nestlé Toll House,Online,Mass Market,10,4.99,49.9,3.99,45.91,12.11
ORD-101920,CUST-0755,10-10-2025,2025,10,October,Q4,East,Maryland,Drinks,Nido,Online,Premium,25,10.99,274.75,0,274.75,69.36
ORD-102843,CUST-0692,10-10-2025,2025,10,October,Q4,South,North Carolina,Coffee & Creamers,Coffee mate,Supermarket,Mass Market,5,7.49,37.45,0,37.45,10.88
ORD-103879,CUST-0394,10-10-2025,2025,10,October,Q4,Central,Missouri,Drinks,Milo,Supermarket,Family,20,5.99,119.8,5.99,113.81,27.21
ORD-104505,CUST-0232,10-10-2025,2025,10,October,Q4,East,Maryland,Frozen Pizza,Jack's Pizza,Convenience,Mass Market,50,5.99,299.5,14.98,284.52,71.43
ORD-104663,CUST-0374,10-10-2025,2025,10,October,Q4,East,Massachusetts,Coffee & Creamers,Coffee mate,Convenience,Family,10,7.49,74.9,3.75,71.16,20.85
ORD-104234,CUST-0356,11-10-2025,2025,10,October,Q4,South,Georgia,Frozen Pizza,Tombstone,Retail,Family,30,6.99,209.7,16.78,192.92,48.96
ORD-101621,CUST-0105,12-10-2025,2025,10,October,Q4,East,New Jersey,Frozen Pizza,Tombstone,Online,Premium,15,6.99,104.85,0,104.85,23.39
ORD-102155,CUST-0281,12-10-2025,2025,10,October,Q4,West,Arizona,Drinks,Nido,Supermarket,Mass Market,50,10.99,549.5,27.48,522.02,133.11
ORD-104602,CUST-0579,13-10-2025,2025,10,October,Q4,South,Georgia,Baking,La Lechera,Wholesale,Health & Wellness,30,4.49,134.7,20.21,114.5,31.59
ORD-101036,CUST-0146,14-10-2025,2025,10,October,Q4,Central,Minnesota,Frozen Foods,Stouffer's,Wholesale,Mass Market,25,8.99,224.75,11.24,213.51,44.19
ORD-100105,CUST-0216,15-10-2025,2025,10,October,Q4,South,Florida,Frozen Foods,Lean Cuisine,Online,Family,40,6.49,259.6,12.98,246.62,58.27
ORD-100183,CUST-0641,15-10-2025,2025,10,October,Q4,South,Florida,Baking,Nestlé Toll House,Retail,Family,75,4.99,374.25,18.71,355.54,91.22
ORD-100224,CUST-0383,15-10-2025,2025,10,October,Q4,East,Maryland,International Foods,El Mejor Nido,Retail,Mass Market,50,8.49,424.5,42.45,382.05,107.2
ORD-102527,CUST-0043,15-10-2025,2025,10,October,Q4,West,Washington,Frozen Foods,Stouffer's,Wholesale,Mass Market,10,8.99,89.9,4.5,85.4,16.53
ORD-104424,CUST-0646,15-10-2025,2025,10,October,Q4,Central,Wisconsin,Coffee & Creamers,Nescafé,Wholesale,Mass Market,40,8.99,359.6,71.92,287.68,80.92
ORD-100465,CUST-0114,16-10-2025,2025,10,October,Q4,South,Florida,Frozen Pizza,Tombstone,Online,Mass Market,30,6.99,209.7,4.19,205.51,58.41
ORD-100575,CUST-0147,16-10-2025,2025,10,October,Q4,South,Louisiana,Frozen Foods,Lean Cuisine,Retail,Mass Market,10,6.49,64.9,0,64.9,11.86
ORD-101107,CUST-0026,17-10-2025,2025,10,October,Q4,East,Pennsylvania,Drinks,Nido,Wholesale,Mass Market,10,10.99,109.9,5.5,104.4,30.94
ORD-104085,CUST-0427,17-10-2025,2025,10,October,Q4,West,Oregon,Drinks,Nido,Retail,Mass Market,30,10.99,329.7,26.38,303.32,76.11
ORD-104176,CUST-0030,17-10-2025,2025,10,October,Q4,South,Louisiana,International Foods,Abuelita,Wholesale,Family,40,5.49,219.6,0,219.6,56
ORD-101950,CUST-0590,18-10-2025,2025,10,October,Q4,East,New Jersey,Baking,Nestlé Toll House,Supermarket,Premium,50,4.99,249.5,19.96,229.54,77.76
ORD-102315,CUST-0241,18-10-2025,2025,10,October,Q4,South,Texas,Coffee & Creamers,Coffee mate,Supermarket,Premium,20,7.49,149.8,7.49,142.31,39.38
ORD-103228,CUST-0258,18-10-2025,2025,10,October,Q4,East,Pennsylvania,Drinks,Milo,Online,Premium,50,5.99,299.5,14.98,284.52,75.44
ORD-100658,CUST-0461,19-10-2025,2025,10,October,Q4,East,Maryland,Baking,Nestlé Toll House,Convenience,Premium,25,4.99,124.75,2.5,122.26,32.33
ORD-101192,CUST-0371,19-10-2025,2025,10,October,Q4,Central,Illinois,International Foods,Maggi,Supermarket,Premium,15,4.29,64.35,0,64.35,18.66
ORD-103133,CUST-0258,19-10-2025,2025,10,October,Q4,South,North Carolina,Frozen Pizza,DiGiorno,Online,Mass Market,15,7.99,119.85,11.99,107.86,24.86
ORD-100446,CUST-0026,20-10-2025,2025,10,October,Q4,South,Florida,Frozen Pizza,Tombstone,Online,Health & Wellness,10,6.99,69.9,1.4,68.5,17.5
ORD-102541,CUST-0314,20-10-2025,2025,10,October,Q4,Central,Ohio,Frozen Pizza,Jack's Pizza,Retail,Health & Wellness,25,5.99,149.75,7.49,142.26,36.39
ORD-103387,CUST-0790,20-10-2025,2025,10,October,Q4,West,California,Coffee & Creamers,Nescafé,Convenience,Mass Market,40,8.99,359.6,0,359.6,101.9
ORD-104235,CUST-0017,20-10-2025,2025,10,October,Q4,West,Washington,Frozen Foods,Stouffer's,Wholesale,Premium,20,8.99,179.8,8.99,170.81,33.46
ORD-102352,CUST-0220,21-10-2025,2025,10,October,Q4,South,North Carolina,Drinks,Nido,Wholesale,Family,25,10.99,274.75,27.48,247.28,63.47
ORD-103035,CUST-0248,21-10-2025,2025,10,October,Q4,East,Pennsylvania,Baking,Nestlé Toll House,Wholesale,Family,20,4.99,99.8,4.99,94.81,28.54
ORD-103467,CUST-0128,21-10-2025,2025,10,October,Q4,East,Pennsylvania,Frozen Foods,Lean Cuisine,Supermarket,Family,40,6.49,259.6,0,259.6,67.14
ORD-102571,CUST-0269,22-10-2025,2025,10,October,Q4,East,Pennsylvania,Baking,Carnation,Retail,Premium,30,3.99,119.7,11.97,107.73,33.39
ORD-102888,CUST-0429,23-10-2025,2025,10,October,Q4,East,New Jersey,Frozen Foods,Hot Pockets,Supermarket,Health & Wellness,75,5.99,449.25,44.92,404.32,94.85
ORD-104660,CUST-0132,23-10-2025,2025,10,October,Q4,Central,Wisconsin,Coffee & Creamers,Nescafé,Retail,Mass Market,20,8.99,179.8,8.99,170.81,49.13
ORD-100003,CUST-0740,24-10-2025,2025,10,October,Q4,Central,Missouri,Drinks,Nido,Supermarket,Premium,10,10.99,109.9,8.79,101.11,21.17
ORD-101567,CUST-0466,24-10-2025,2025,10,October,Q4,Central,Wisconsin,International Foods,Abuelita,Supermarket,Family,40,5.49,219.6,4.39,215.21,67.44
ORD-102340,CUST-0347,24-10-2025,2025,10,October,Q4,East,Pennsylvania,Frozen Foods,Lean Cuisine,Retail,Health & Wellness,50,6.49,324.5,25.96,298.54,60.26
ORD-101213,CUST-0396,25-10-2025,2025,10,October,Q4,West,Arizona,Frozen Foods,Stouffer's,Convenience,Mass Market,15,8.99,134.85,20.23,114.62,27.81
ORD-103038,CUST-0101,25-10-2025,2025,10,October,Q4,South,Louisiana,Drinks,Nesquik,Supermarket,Mass Market,5,6.49,32.45,2.6,29.85,8.06
ORD-103658,CUST-0005,25-10-2025,2025,10,October,Q4,East,Virginia,Coffee & Creamers,Nescafé CLASICO,Retail,Premium,40,9.49,379.6,56.94,322.66,80.87
ORD-100505,CUST-0049,26-10-2025,2025,10,October,Q4,Central,Illinois,International Foods,Abuelita,Retail,Mass Market,40,5.49,219.6,0,219.6,53.77
ORD-102437,CUST-0188,26-10-2025,2025,10,October,Q4,East,Massachusetts,Drinks,Nido,Wholesale,Family,30,10.99,329.7,65.94,263.76,79.25
ORD-100814,CUST-0363,27-10-2025,2025,10,October,Q4,South,Georgia,Frozen Foods,Hot Pockets,Convenience,Mass Market,10,5.99,59.9,0,59.9,15.24
ORD-102763,CUST-0380,27-10-2025,2025,10,October,Q4,Central,Minnesota,Baking,Nestlé Toll House,Wholesale,Family,30,4.99,149.7,2.99,146.71,47.89
ORD-103294,CUST-0707,27-10-2025,2025,10,October,Q4,Central,Missouri,Drinks,Nido,Supermarket,Family,40,10.99,439.6,21.98,417.62,108.26
ORD-104304,CUST-0306,27-10-2025,2025,10,October,Q4,Central,Illinois,Baking,La Lechera,Supermarket,Mass Market,40,4.49,179.6,35.92,143.68,44.8
ORD-101080,CUST-0723,28-10-2025,2025,10,October,Q4,South,Tennessee,International Foods,Maggi,Supermarket,Mass Market,30,4.29,128.7,0,128.7,33.64
ORD-101704,CUST-0675,28-10-2025,2025,10,October,Q4,East,Maryland,Baking,Nestlé Toll House,Retail,Health & Wellness,50,4.99,249.5,4.99,244.51,73.51
ORD-102971,CUST-0547,28-10-2025,2025,10,October,Q4,East,Massachusetts,Drinks,Nesquik,Supermarket,Premium,40,6.49,259.6,12.98,246.62,55.78
ORD-103807,CUST-0742,28-10-2025,2025,10,October,Q4,East,New York,Coffee & Creamers,Nescafé CLASICO,Convenience,Family,5,9.49,47.45,0,47.45,14.45
ORD-100277,CUST-0658,29-10-2025,2025,10,October,Q4,South,Georgia,Frozen Foods,Stouffer's,Online,Family,25,8.99,224.75,33.71,191.04,41.77
ORD-101341,CUST-0422,29-10-2025,2025,10,October,Q4,West,Oregon,Drinks,Nido,Retail,Family,10,10.99,109.9,10.99,98.91,24.29
ORD-101811,CUST-0654,29-10-2025,2025,10,October,Q4,Central,Illinois,Frozen Foods,Hot Pockets,Wholesale,Health & Wellness,40,5.99,239.6,23.96,215.64,47.89
ORD-103669,CUST-0771,29-10-2025,2025,10,October,Q4,West,California,Drinks,Nido,Wholesale,Health & Wellness,15,10.99,164.85,8.24,156.61,35.2
ORD-104120,CUST-0778,29-10-2025,2025,10,October,Q4,Central,Illinois,Coffee & Creamers,Nescafé,Retail,Mass Market,30,8.99,269.7,0,269.7,80.01
ORD-100547,CUST-0422,30-10-2025,2025,10,October,Q4,West,California,Coffee & Creamers,Coffee mate,Wholesale,Premium,15,7.49,112.35,0,112.35,30.8
ORD-100904,CUST-0550,30-10-2025,2025,10,October,Q4,Central,Ohio,Drinks,Nido,Convenience,Mass Market,20,10.99,219.8,32.97,186.83,48.93
ORD-103232,CUST-0266,30-10-2025,2025,10,October,Q4,Central,Missouri,Frozen Pizza,DiGiorno,Supermarket,Mass Market,5,7.99,39.95,2,37.95,9.08
ORD-104023,CUST-0603,30-10-2025,2025,10,October,Q4,Central,Illinois,Drinks,Milo,Wholesale,Health & Wellness,40,5.99,239.6,11.98,227.62,61.57
ORD-104835,CUST-0688,30-10-2025,2025,10,October,Q4,Central,Wisconsin,International Foods,Abuelita,Wholesale,Health & Wellness,25,5.49,137.25,0,137.25,41.42
ORD-102156,CUST-0001,31-10-2025,2025,10,October,Q4,West,Nevada,Drinks,Nido,Supermarket,Health & Wellness,25,10.99,274.75,13.74,261.01,52.53
ORD-100670,CUST-0547,02-11-2025,2025,11,November,Q4,East,New Jersey,Baking,Nestlé Toll House,Retail,Family,75,4.99,374.25,18.71,355.54,94.87
ORD-102913,CUST-0109,02-11-2025,2025,11,November,Q4,Central,Missouri,Frozen Pizza,DiGiorno,Retail,Premium,75,7.99,599.25,119.85,479.4,137.93
ORD-103148,CUST-0194,02-11-2025,2025,11,November,Q4,Central,Illinois,Frozen Pizza,Jack's Pizza,Supermarket,Mass Market,20,5.99,119.8,9.58,110.22,25.29
ORD-101547,CUST-0523,03-11-2025,2025,11,November,Q4,South,North Carolina,Baking,Carnation,Online,Premium,40,3.99,159.6,15.96,143.64,38.55
ORD-103504,CUST-0374,03-11-2025,2025,11,November,Q4,West,Arizona,Frozen Pizza,Tombstone,Online,Mass Market,10,6.99,69.9,1.4,68.5,17.27
ORD-101028,CUST-0121,04-11-2025,2025,11,November,Q4,South,Florida,Frozen Foods,Stouffer's,Convenience,Premium,50,8.99,449.5,0,449.5,100.39
ORD-101275,CUST-0391,04-11-2025,2025,11,November,Q4,East,Virginia,Drinks,Nesquik,Supermarket,Mass Market,50,6.49,324.5,0,324.5,67.24
ORD-102755,CUST-0566,04-11-2025,2025,11,November,Q4,South,Georgia,Coffee & Creamers,Nescafé CLASICO,Convenience,Family,5,9.49,47.45,7.12,40.33,11.44
ORD-101466,CUST-0630,05-11-2025,2025,11,November,Q4,West,Arizona,Frozen Foods,Hot Pockets,Online,Mass Market,75,5.99,449.25,35.94,413.31,90.62
ORD-102411,CUST-0045,05-11-2025,2025,11,November,Q4,Central,Minnesota,Frozen Foods,Stouffer's,Supermarket,Family,30,8.99,269.7,53.94,215.76,46.22
ORD-103593,CUST-0110,05-11-2025,2025,11,November,Q4,Central,Missouri,International Foods,Abuelita,Convenience,Premium,75,5.49,411.75,61.76,349.99,96.55
ORD-104714,CUST-0583,05-11-2025,2025,11,November,Q4,Central,Michigan,Frozen Foods,Hot Pockets,Retail,Mass Market,20,5.99,119.8,0,119.8,36.77
ORD-101481,CUST-0566,06-11-2025,2025,11,November,Q4,South,Florida,Frozen Foods,Stouffer's,Retail,Mass Market,30,8.99,269.7,0,269.7,52
ORD-102209,CUST-0445,06-11-2025,2025,11,November,Q4,East,New York,International Foods,El Mejor Nido,Convenience,Family,20,8.49,169.8,16.98,152.82,42.05
ORD-102569,CUST-0394,06-11-2025,2025,11,November,Q4,South,Florida,International Foods,Maggi,Supermarket,Health & Wellness,5,4.29,21.45,1.07,20.38,5.08
ORD-100591,CUST-0123,07-11-2025,2025,11,November,Q4,West,Colorado,Drinks,Milo,Retail,Family,50,5.99,299.5,0,299.5,70.35
ORD-104431,CUST-0344,07-11-2025,2025,11,November,Q4,Central,Minnesota,Baking,Nestlé Toll House,Retail,Mass Market,25,4.99,124.75,6.24,118.51,35.86
ORD-104958,CUST-0452,07-11-2025,2025,11,November,Q4,Central,Michigan,Coffee & Creamers,Nescafé,Supermarket,Mass Market,5,8.99,44.95,2.25,42.7,12.64
ORD-100421,CUST-0539,08-11-2025,2025,11,November,Q4,South,North Carolina,Baking,Nestlé Toll House,Retail,Health & Wellness,5,4.99,24.95,1.25,23.7,7.23
ORD-103385,CUST-0103,08-11-2025,2025,11,November,Q4,West,Oregon,Drinks,Nido,Retail,Family,25,10.99,274.75,5.5,269.26,58.2
ORD-104095,CUST-0204,08-11-2025,2025,11,November,Q4,East,Pennsylvania,International Foods,Maggi,Wholesale,Family,10,4.29,42.9,0,42.9,12.06
ORD-104439,CUST-0359,08-11-2025,2025,11,November,Q4,South,Louisiana,International Foods,Maggi,Online,Family,25,4.29,107.25,5.36,101.89,28.43
ORD-104694,CUST-0466,08-11-2025,2025,11,November,Q4,Central,Illinois,International Foods,El Mejor Nido,Supermarket,Premium,25,8.49,212.25,31.84,180.41,54.79
ORD-102648,CUST-0719,09-11-2025,2025,11,November,Q4,East,Pennsylvania,Coffee & Creamers,Nescafé,Supermarket,Mass Market,50,8.99,449.5,35.96,413.54,122.59
ORD-103785,CUST-0203,09-11-2025,2025,11,November,Q4,South,Florida,Coffee & Creamers,Nescafé,Wholesale,Premium,15,8.99,134.85,10.79,124.06,36.16
ORD-104325,CUST-0464,09-11-2025,2025,11,November,Q4,South,Florida,Baking,Nestlé Toll House,Supermarket,Family,50,4.99,249.5,12.48,237.02,65.62
ORD-100236,CUST-0626,10-11-2025,2025,11,November,Q4,Central,Wisconsin,Baking,Nestlé Toll House,Retail,Mass Market,100,4.99,499,24.95,474.05,135.35
ORD-101323,CUST-0020,10-11-2025,2025,11,November,Q4,South,North Carolina,Coffee & Creamers,Nescafé,Online,Premium,25,8.99,224.75,11.24,213.51,62.45
ORD-104101,CUST-0169,10-11-2025,2025,11,November,Q4,Central,Wisconsin,Frozen Pizza,DiGiorno,Supermarket,Family,30,7.99,239.7,19.18,220.52,59.13
ORD-104882,CUST-0194,10-11-2025,2025,11,November,Q4,East,Massachusetts,Frozen Foods,Stouffer's,Supermarket,Family,5,8.99,44.95,2.25,42.7,10.02
ORD-100195,CUST-0717,11-11-2025,2025,11,November,Q4,East,Maryland,Frozen Foods,Lean Cuisine,Supermarket,Mass Market,20,6.49,129.8,10.38,119.42,29.75
ORD-100386,CUST-0720,11-11-2025,2025,11,November,Q4,South,Florida,Coffee & Creamers,Nescafé CLASICO,Supermarket,Family,25,9.49,237.25,35.59,201.66,60.45
ORD-100856,CUST-0589,11-11-2025,2025,11,November,Q4,West,Washington,Drinks,Nesquik,Wholesale,Health & Wellness,15,6.49,97.35,0,97.35,25.14
ORD-100917,CUST-0133,11-11-2025,2025,11,November,Q4,East,New York,Frozen Foods,Hot Pockets,Online,Premium,25,5.99,149.75,7.49,142.26,30.17
ORD-104568,CUST-0257,11-11-2025,2025,11,November,Q4,West,Colorado,Frozen Foods,Stouffer's,Retail,Health & Wellness,25,8.99,224.75,17.98,206.77,36.77
ORD-104888,CUST-0476,11-11-2025,2025,11,November,Q4,Central,Minnesota,Coffee & Creamers,Coffee mate,Online,Family,50,7.49,374.5,29.96,344.54,80.25
ORD-100882,CUST-0464,12-11-2025,2025,11,November,Q4,Central,Michigan,Coffee & Creamers,Coffee mate,Online,Mass Market,10,7.49,74.9,1.5,73.4,20.4
ORD-103640,CUST-0155,12-11-2025,2025,11,November,Q4,West,Nevada,Frozen Foods,Hot Pockets,Retail,Family,5,5.99,29.95,0.6,29.35,5.56
ORD-104711,CUST-0249,12-11-2025,2025,11,November,Q4,East,Virginia,Frozen Pizza,Jack's Pizza,Wholesale,Mass Market,5,5.99,29.95,0,29.95,7.17
ORD-100015,CUST-0759,13-11-2025,2025,11,November,Q4,West,Oregon,Drinks,Nesquik,Supermarket,Premium,30,6.49,194.7,15.58,179.12,42.03
ORD-102761,CUST-0118,13-11-2025,2025,11,November,Q4,West,Colorado,Drinks,Nido,Online,Family,30,10.99,329.7,6.59,323.11,90.95
ORD-104885,CUST-0370,13-11-2025,2025,11,November,Q4,West,California,International Foods,Abuelita,Retail,Mass Market,20,5.49,109.8,8.78,101.02,23.36
ORD-100765,CUST-0460,14-11-2025,2025,11,November,Q4,West,Arizona,International Foods,Maggi,Retail,Mass Market,15,4.29,64.35,6.44,57.91,15.74
ORD-101020,CUST-0569,14-11-2025,2025,11,November,Q4,West,Arizona,Coffee & Creamers,Coffee mate,Online,Health & Wellness,10,7.49,74.9,11.24,63.67,17.97
ORD-102137,CUST-0378,14-11-2025,2025,11,November,Q4,West,Washington,Frozen Pizza,Jack's Pizza,Online,Mass Market,20,5.99,119.8,17.97,101.83,27.82
ORD-102798,CUST-0220,14-11-2025,2025,11,November,Q4,Central,Michigan,Frozen Pizza,DiGiorno,Retail,Mass Market,25,7.99,199.75,9.99,189.76,54.64
ORD-104027,CUST-0590,14-11-2025,2025,11,November,Q4,East,Maryland,Frozen Foods,Lean Cuisine,Convenience,Mass Market,10,6.49,64.9,0,64.9,16.96
ORD-104266,CUST-0592,14-11-2025,2025,11,November,Q4,East,New Jersey,Drinks,Nido,Online,Mass Market,30,10.99,329.7,26.38,303.32,74.94
ORD-100281,CUST-0487,15-11-2025,2025,11,November,Q4,South,Louisiana,Frozen Foods,Hot Pockets,Supermarket,Health & Wellness,40,5.99,239.6,23.96,215.64,55.24
ORD-101240,CUST-0304,15-11-2025,2025,11,November,Q4,West,California,Frozen Foods,Hot Pockets,Retail,Mass Market,100,5.99,599,47.92,551.08,118.88
ORD-102102,CUST-0558,15-11-2025,2025,11,November,Q4,Central,Wisconsin,Coffee & Creamers,Coffee mate,Supermarket,Premium,15,7.49,112.35,22.47,89.88,25.07
ORD-102250,CUST-0436,15-11-2025,2025,11,November,Q4,West,Oregon,Coffee & Creamers,Nescafé,Retail,Premium,40,8.99,359.6,71.92,287.68,77.11
ORD-102555,CUST-0522,15-11-2025,2025,11,November,Q4,West,Arizona,Frozen Foods,Hot Pockets,Retail,Premium,75,5.99,449.25,22.46,426.79,75.3
ORD-102992,CUST-0236,15-11-2025,2025,11,November,Q4,South,Tennessee,International Foods,El Mejor Nido,Retail,Health & Wellness,75,8.49,636.75,95.51,541.24,142.37
ORD-103476,CUST-0265,15-11-2025,2025,11,November,Q4,South,North Carolina,Coffee & Creamers,Coffee mate,Retail,Family,20,7.49,149.8,0,149.8,48.9
ORD-103824,CUST-0667,15-11-2025,2025,11,November,Q4,East,Pennsylvania,Baking,Nestlé Toll House,Wholesale,Family,30,4.99,149.7,7.49,142.22,51.02
ORD-103969,CUST-0556,15-11-2025,2025,11,November,Q4,Central,Missouri,Baking,Nestlé Toll House,Supermarket,Mass Market,20,4.99,99.8,7.98,91.82,30.17
ORD-104509,CUST-0609,15-11-2025,2025,11,November,Q4,Central,Michigan,International Foods,Abuelita,Retail,Family,30,5.49,164.7,16.47,148.23,39.5
ORD-100763,CUST-0022,16-11-2025,2025,11,November,Q4,West,Oregon,Baking,La Lechera,Supermarket,Premium,40,4.49,179.6,17.96,161.64,52.24
ORD-104177,CUST-0276,16-11-2025,2025,11,November,Q4,Central,Wisconsin,Drinks,Nido,Supermarket,Mass Market,15,10.99,164.85,16.48,148.36,32.86
ORD-104870,CUST-0109,16-11-2025,2025,11,November,Q4,South,Georgia,International Foods,El Mejor Nido,Retail,Family,10,8.49,84.9,1.7,83.2,21.54
ORD-101422,CUST-0787,17-11-2025,2025,11,November,Q4,East,Maryland,Frozen Foods,Stouffer's,Retail,Mass Market,20,8.99,179.8,0,179.8,38.61
ORD-104274,CUST-0527,17-11-2025,2025,11,November,Q4,East,Maryland,Drinks,Nido,Retail,Family,20,10.99,219.8,32.97,186.83,59.86
ORD-102282,CUST-0081,18-11-2025,2025,11,November,Q4,East,Virginia,Baking,Nestlé Toll House,Retail,Mass Market,15,4.99,74.85,7.49,67.37,22.37
ORD-104610,CUST-0246,18-11-2025,2025,11,November,Q4,East,Maryland,International Foods,El Mejor Nido,Convenience,Mass Market,20,8.49,169.8,0,169.8,40.49
ORD-101093,CUST-0323,19-11-2025,2025,11,November,Q4,Central,Michigan,Frozen Pizza,DiGiorno,Online,Premium,40,7.99,319.6,63.92,255.68,69.97
ORD-101434,CUST-0333,19-11-2025,2025,11,November,Q4,Central,Wisconsin,Baking,La Lechera,Online,Premium,100,4.49,449,0,449,135.34
ORD-104070,CUST-0071,19-11-2025,2025,11,November,Q4,South,Tennessee,Baking,Nestlé Toll House,Online,Premium,15,4.99,74.85,1.5,73.35,18.44
ORD-101149,CUST-0325,20-11-2025,2025,11,November,Q4,South,North Carolina,Coffee & Creamers,Nescafé CLASICO,Retail,Mass Market,15,9.49,142.35,14.24,128.12,36.16
ORD-101308,CUST-0047,20-11-2025,2025,11,November,Q4,South,Florida,Frozen Foods,Stouffer's,Supermarket,Premium,20,8.99,179.8,14.38,165.42,32.86
ORD-103701,CUST-0180,20-11-2025,2025,11,November,Q4,Central,Minnesota,Coffee & Creamers,Nescafé,Convenience,Mass Market,40,8.99,359.6,71.92,287.68,67.7
ORD-101290,CUST-0722,22-11-2025,2025,11,November,Q4,West,Washington,Frozen Foods,Lean Cuisine,Retail,Mass Market,5,6.49,32.45,2.6,29.85,7.97
ORD-102584,CUST-0738,22-11-2025,2025,11,November,Q4,East,Massachusetts,Frozen Foods,Lean Cuisine,Supermarket,Mass Market,50,6.49,324.5,32.45,292.05,62.22
ORD-103717,CUST-0349,22-11-2025,2025,11,November,Q4,East,Virginia,Coffee & Creamers,Coffee mate,Retail,Health & Wellness,50,7.49,374.5,37.45,337.05,91.29
ORD-103878,CUST-0438,22-11-2025,2025,11,November,Q4,South,Texas,Coffee & Creamers,Nescafé CLASICO,Retail,Family,75,9.49,711.75,35.59,676.16,177.66
ORD-103994,CUST-0429,22-11-2025,2025,11,November,Q4,West,Nevada,Drinks,Nesquik,Supermarket,Health & Wellness,40,6.49,259.6,0,259.6,69.46
ORD-100559,CUST-0037,23-11-2025,2025,11,November,Q4,Central,Ohio,Frozen Foods,Stouffer's,Convenience,Family,20,8.99,179.8,0,179.8,35.52
ORD-101611,CUST-0096,23-11-2025,2025,11,November,Q4,South,Florida,Frozen Pizza,Tombstone,Supermarket,Premium,15,6.99,104.85,15.73,89.12,26.08
ORD-104311,CUST-0124,23-11-2025,2025,11,November,Q4,East,Pennsylvania,Coffee & Creamers,Nescafé,Supermarket,Family,15,8.99,134.85,6.74,128.11,29.81
ORD-104428,CUST-0516,23-11-2025,2025,11,November,Q4,West,California,Frozen Foods,Hot Pockets,Retail,Premium,40,5.99,239.6,0,239.6,57.28
ORD-100020,CUST-0524,24-11-2025,2025,11,November,Q4,East,Virginia,Coffee & Creamers,Nescafé,Retail,Mass Market,40,8.99,359.6,0,359.6,103.86
ORD-100475,CUST-0128,26-11-2025,2025,11,November,Q4,Central,Minnesota,Baking,Carnation,Online,Mass Market,30,3.99,119.7,0,119.7,32.31
ORD-101509,CUST-0763,26-11-2025,2025,11,November,Q4,Central,Minnesota,Frozen Foods,Stouffer's,Supermarket,Mass Market,50,8.99,449.5,0,449.5,98.7
ORD-102786,CUST-0095,26-11-2025,2025,11,November,Q4,West,Arizona,Coffee & Creamers,Nescafé CLASICO,Retail,Mass Market,40,9.49,379.6,7.59,372.01,102.4
ORD-104385,CUST-0011,26-11-2025,2025,11,November,Q4,South,Texas,Coffee & Creamers,Nescafé,Online,Mass Market,25,8.99,224.75,4.5,220.26,63.26
ORD-100030,CUST-0248,27-11-2025,2025,11,November,Q4,West,Arizona,Coffee & Creamers,Nescafé,Wholesale,Family,50,8.99,449.5,0,449.5,126.39
ORD-102815,CUST-0497,27-11-2025,2025,11,November,Q4,Central,Minnesota,Frozen Foods,Hot Pockets,Online,Family,75,5.99,449.25,89.85,359.4,69.37
ORD-101607,CUST-0500,28-11-2025,2025,11,November,Q4,West,Colorado,International Foods,Abuelita,Convenience,Family,15,5.49,82.35,6.59,75.76,19.74
ORD-102515,CUST-0733,28-11-2025,2025,11,November,Q4,Central,Ohio,Frozen Pizza,Jack's Pizza,Convenience,Premium,25,5.99,149.75,7.49,142.26,38
ORD-104178,CUST-0658,28-11-2025,2025,11,November,Q4,South,North Carolina,Frozen Foods,Lean Cuisine,Retail,Mass Market,25,6.49,162.25,3.24,159,41.41
ORD-101776,CUST-0380,29-11-2025,2025,11,November,Q4,East,Virginia,Frozen Foods,Stouffer's,Wholesale,Mass Market,50,8.99,449.5,8.99,440.51,91.29
ORD-102939,CUST-0085,29-11-2025,2025,11,November,Q4,South,Tennessee,Baking,Nestlé Toll House,Online,Mass Market,20,4.99,99.8,2,97.8,25.14
ORD-105003,CUST-0200,29-11-2025,2025,11,November,Q4,South,North Carolina,Drinks,Milo,Retail,Family,20,5.99,119.8,0,119.8,30.63
ORD-102038,CUST-0549,30-11-2025,2025,11,November,Q4,West,Arizona,Frozen Foods,Stouffer's,Online,Mass Market,10,8.99,89.9,13.49,76.42,16.13
ORD-102152,CUST-0180,30-11-2025,2025,11,November,Q4,West,Washington,Coffee & Creamers,Nescafé,Retail,Mass Market,20,8.99,179.8,8.99,170.81,48.42
ORD-103079,CUST-0618,30-11-2025,2025,11,November,Q4,West,California,Frozen Foods,Stouffer's,Online,Health & Wellness,15,8.99,134.85,13.48,121.36,30.04
ORD-104830,CUST-0541,30-11-2025,2025,11,November,Q4,East,Massachusetts,Baking,Carnation,Online,Mass Market,25,3.99,99.75,9.98,89.78,26.12
ORD-104886,CUST-0592,30-11-2025,2025,11,November,Q4,South,Georgia,Frozen Foods,Hot Pockets,Supermarket,Premium,30,5.99,179.7,8.99,170.72,37.97
ORD-103169,CUST-0637,01-12-2025,2025,12,December,Q4,South,Texas,International Foods,Maggi,Supermarket,Mass Market,10,4.29,42.9,2.14,40.75,11.24
ORD-102579,CUST-0344,02-12-2025,2025,12,December,Q4,East,Pennsylvania,Frozen Foods,Hot Pockets,Retail,Mass Market,25,5.99,149.75,0,149.75,32.78
ORD-103108,CUST-0229,02-12-2025,2025,12,December,Q4,West,Arizona,Baking,Nestlé Toll House,Online,Premium,30,4.99,149.7,29.94,119.76,35.2
ORD-100815,CUST-0732,03-12-2025,2025,12,December,Q4,South,North Carolina,Coffee & Creamers,Coffee mate,Supermarket,Mass Market,50,7.49,374.5,7.49,367.01,84.54
ORD-102970,CUST-0335,03-12-2025,2025,12,December,Q4,East,Massachusetts,Baking,Nestlé Toll House,Retail,Premium,20,4.99,99.8,14.97,84.83,24.03
ORD-104299,CUST-0566,03-12-2025,2025,12,December,Q4,East,Virginia,Frozen Pizza,Jack's Pizza,Supermarket,Mass Market,10,5.99,59.9,8.99,50.92,15
ORD-100858,CUST-0787,04-12-2025,2025,12,December,Q4,East,New York,Drinks,Milo,Convenience,Family,30,5.99,179.7,8.99,170.72,41.5
ORD-100927,CUST-0144,04-12-2025,2025,12,December,Q4,West,California,Baking,Carnation,Supermarket,Family,40,3.99,159.6,7.98,151.62,44.43
ORD-103779,CUST-0571,04-12-2025,2025,12,December,Q4,Central,Michigan,Frozen Pizza,Tombstone,Wholesale,Family,15,6.99,104.85,5.24,99.61,25.16
ORD-103837,CUST-0594,04-12-2025,2025,12,December,Q4,South,Texas,Frozen Pizza,Jack's Pizza,Retail,Mass Market,10,5.99,59.9,3,56.91,15.59
ORD-103902,CUST-0376,04-12-2025,2025,12,December,Q4,East,Maryland,Frozen Pizza,Jack's Pizza,Supermarket,Family,15,5.99,89.85,0,89.85,22.92
ORD-104277,CUST-0084,04-12-2025,2025,12,December,Q4,East,New York,Coffee & Creamers,Coffee mate,Supermarket,Mass Market,30,7.49,224.7,17.98,206.72,65.47
ORD-100342,CUST-0238,05-12-2025,2025,12,December,Q4,East,Maryland,Drinks,Milo,Supermarket,Family,25,5.99,149.75,11.98,137.77,33.52
ORD-103064,CUST-0560,05-12-2025,2025,12,December,Q4,Central,Michigan,International Foods,Abuelita,Online,Mass Market,20,5.49,109.8,0,109.8,28.99
ORD-103211,CUST-0207,06-12-2025,2025,12,December,Q4,West,Oregon,Baking,Nestlé Toll House,Online,Mass Market,20,4.99,99.8,9.98,89.82,27.62
ORD-103497,CUST-0030,06-12-2025,2025,12,December,Q4,South,Tennessee,Frozen Foods,Stouffer's,Retail,Mass Market,30,8.99,269.7,40.46,229.24,46.12
ORD-104544,CUST-0130,06-12-2025,2025,12,December,Q4,East,New York,Frozen Pizza,Tombstone,Wholesale,Premium,30,6.99,209.7,10.49,199.22,52.1
ORD-104136,CUST-0382,07-12-2025,2025,12,December,Q4,West,Arizona,Frozen Pizza,DiGiorno,Supermarket,Health & Wellness,30,7.99,239.7,0,239.7,56.82
ORD-104226,CUST-0674,07-12-2025,2025,12,December,Q4,Central,Michigan,Frozen Pizza,Tombstone,Supermarket,Family,10,6.99,69.9,3.5,66.4,15.12
ORD-100639,CUST-0620,09-12-2025,2025,12,December,Q4,West,Washington,Frozen Foods,Stouffer's,Retail,Premium,20,8.99,179.8,0,179.8,33.34
ORD-102552,CUST-0381,09-12-2025,2025,12,December,Q4,West,California,International Foods,Maggi,Wholesale,Mass Market,25,4.29,107.25,2.14,105.1,29.86
ORD-104030,CUST-0398,09-12-2025,2025,12,December,Q4,East,Maryland,Frozen Foods,Lean Cuisine,Retail,Mass Market,30,6.49,194.7,3.89,190.81,48.21
ORD-104454,CUST-0476,09-12-2025,2025,12,December,Q4,South,Florida,Coffee & Creamers,Coffee mate,Online,Mass Market,10,7.49,74.9,1.5,73.4,23.58
ORD-100404,CUST-0597,10-12-2025,2025,12,December,Q4,South,Georgia,Frozen Foods,Hot Pockets,Retail,Family,15,5.99,89.85,0,89.85,25.2
ORD-100549,CUST-0120,10-12-2025,2025,12,December,Q4,Central,Ohio,Frozen Foods,Stouffer's,Online,Mass Market,20,8.99,179.8,0,179.8,41.49
ORD-100839,CUST-0238,10-12-2025,2025,12,December,Q4,Central,Ohio,Baking,Carnation,Online,Premium,30,3.99,119.7,9.58,110.12,32.55
ORD-102734,CUST-0271,10-12-2025,2025,12,December,Q4,South,North Carolina,International Foods,El Mejor Nido,Supermarket,Family,10,8.49,84.9,0,84.9,25.37
ORD-103959,CUST-0756,10-12-2025,2025,12,December,Q4,West,Nevada,Coffee & Creamers,Coffee mate,Online,Family,50,7.49,374.5,7.49,367.01,101.35
ORD-104493,CUST-0719,10-12-2025,2025,12,December,Q4,Central,Ohio,Frozen Foods,Hot Pockets,Online,Mass Market,5,5.99,29.95,0.6,29.35,5.33
ORD-104715,CUST-0286,10-12-2025,2025,12,December,Q4,East,Massachusetts,Frozen Pizza,DiGiorno,Supermarket,Family,75,7.99,599.25,47.94,551.31,96.81
ORD-100056,CUST-0362,11-12-2025,2025,12,December,Q4,South,North Carolina,Coffee & Creamers,Coffee mate,Online,Family,25,7.49,187.25,9.36,177.89,42.16
ORD-101768,CUST-0174,11-12-2025,2025,12,December,Q4,East,New York,Drinks,Nesquik,Retail,Premium,20,6.49,129.8,2.6,127.2,27
ORD-104221,CUST-0144,11-12-2025,2025,12,December,Q4,East,Maryland,Baking,Nestlé Toll House,Supermarket,Family,20,4.99,99.8,7.98,91.82,29.29
ORD-100757,CUST-0511,12-12-2025,2025,12,December,Q4,Central,Minnesota,Baking,Carnation,Retail,Health & Wellness,30,3.99,119.7,0,119.7,37.77
ORD-104601,CUST-0401,12-12-2025,2025,12,December,Q4,West,Washington,Baking,Carnation,Wholesale,Premium,5,3.99,19.95,1.6,18.35,6.19
ORD-102071,CUST-0304,13-12-2025,2025,12,December,Q4,Central,Illinois,International Foods,Maggi,Online,Premium,100,4.29,429,64.35,364.65,95.75
ORD-102319,CUST-0462,13-12-2025,2025,12,December,Q4,East,New Jersey,Baking,La Lechera,Retail,Mass Market,10,4.49,44.9,4.49,40.41,12.47
ORD-100188,CUST-0364,14-12-2025,2025,12,December,Q4,Central,Ohio,Drinks,Nesquik,Wholesale,Premium,25,6.49,162.25,16.23,146.02,32.56
ORD-102127,CUST-0637,14-12-2025,2025,12,December,Q4,Central,Missouri,International Foods,El Mejor Nido,Convenience,Health & Wellness,30,8.49,254.7,25.47,229.23,55.19
ORD-104188,CUST-0732,14-12-2025,2025,12,December,Q4,Central,Missouri,Baking,La Lechera,Supermarket,Premium,40,4.49,179.6,26.94,152.66,45.67
ORD-104584,CUST-0259,14-12-2025,2025,12,December,Q4,South,Texas,Coffee & Creamers,Nescafé CLASICO,Wholesale,Family,10,9.49,94.9,7.59,87.31,21.63
ORD-104798,CUST-0079,14-12-2025,2025,12,December,Q4,South,Louisiana,Frozen Pizza,DiGiorno,Online,Mass Market,30,7.99,239.7,4.79,234.91,63.17
ORD-100427,CUST-0354,15-12-2025,2025,12,December,Q4,East,Pennsylvania,International Foods,El Mejor Nido,Convenience,Mass Market,40,8.49,339.6,16.98,322.62,94.16
ORD-101574,CUST-0751,15-12-2025,2025,12,December,Q4,South,Georgia,Drinks,Nesquik,Supermarket,Health & Wellness,40,6.49,259.6,38.94,220.66,52.04
ORD-101798,CUST-0382,15-12-2025,2025,12,December,Q4,West,Colorado,International Foods,El Mejor Nido,Supermarket,Mass Market,25,8.49,212.25,10.61,201.64,54.23
ORD-103586,CUST-0158,16-12-2025,2025,12,December,Q4,East,Pennsylvania,Frozen Pizza,Tombstone,Wholesale,Mass Market,10,6.99,69.9,3.5,66.4,15.96
ORD-100063,CUST-0068,17-12-2025,2025,12,December,Q4,South,Texas,Drinks,Nesquik,Supermarket,Family,10,6.49,64.9,6.49,58.41,16
ORD-101235,CUST-0771,17-12-2025,2025,12,December,Q4,Central,Wisconsin,Drinks,Nido,Online,Mass Market,40,10.99,439.6,0,439.6,79.1
ORD-101687,CUST-0277,17-12-2025,2025,12,December,Q4,South,Florida,Baking,Nestlé Toll House,Supermarket,Family,75,4.99,374.25,18.71,355.54,120.17
ORD-104067,CUST-0388,17-12-2025,2025,12,December,Q4,West,Arizona,Frozen Foods,Stouffer's,Wholesale,Premium,40,8.99,359.6,28.77,330.83,72.74
ORD-100642,CUST-0557,18-12-2025,2025,12,December,Q4,East,Pennsylvania,Frozen Pizza,Tombstone,Supermarket,Health & Wellness,25,6.99,174.75,8.74,166.01,41.46
ORD-101368,CUST-0193,18-12-2025,2025,12,December,Q4,South,Florida,Coffee & Creamers,Nescafé CLASICO,Online,Mass Market,50,9.49,474.5,71.18,403.32,108.93
ORD-102739,CUST-0714,18-12-2025,2025,12,December,Q4,South,Texas,Frozen Pizza,Tombstone,Online,Mass Market,20,6.99,139.8,0,139.8,31.61
ORD-104615,CUST-0152,18-12-2025,2025,12,December,Q4,West,Washington,Baking,Nestlé Toll House,Retail,Mass Market,75,4.99,374.25,74.85,299.4,89.61
ORD-100209,CUST-0083,19-12-2025,2025,12,December,Q4,West,California,Frozen Pizza,Tombstone,Retail,Health & Wellness,10,6.99,69.9,6.99,62.91,14.06
ORD-101087,CUST-0327,19-12-2025,2025,12,December,Q4,Central,Minnesota,Coffee & Creamers,Coffee mate,Retail,Mass Market,40,7.49,299.6,23.97,275.63,86.17
ORD-103100,CUST-0693,19-12-2025,2025,12,December,Q4,East,Virginia,Baking,Nestlé Toll House,Wholesale,Premium,40,4.99,199.6,19.96,179.64,47.58
ORD-103267,CUST-0771,19-12-2025,2025,12,December,Q4,East,Maryland,Frozen Foods,Hot Pockets,Supermarket,Premium,15,5.99,89.85,0,89.85,19.78
ORD-104948,CUST-0015,19-12-2025,2025,12,December,Q4,Central,Minnesota,Frozen Pizza,Tombstone,Retail,Premium,40,6.99,279.6,5.59,274.01,68.09
ORD-101379,CUST-0060,20-12-2025,2025,12,December,Q4,East,Massachusetts,Frozen Foods,Lean Cuisine,Supermarket,Family,10,6.49,64.9,5.19,59.71,11.85
ORD-104569,CUST-0471,20-12-2025,2025,12,December,Q4,West,Oregon,Frozen Foods,Hot Pockets,Supermarket,Health & Wellness,10,5.99,59.9,4.79,55.11,12.15
ORD-101148,CUST-0520,21-12-2025,2025,12,December,Q4,Central,Minnesota,Baking,Nestlé Toll House,Supermarket,Premium,100,4.99,499,0,499,142.78
ORD-103365,CUST-0246,21-12-2025,2025,12,December,Q4,South,Florida,Coffee & Creamers,Nescafé,Online,Premium,30,8.99,269.7,40.46,229.24,62.24
ORD-103723,CUST-0573,21-12-2025,2025,12,December,Q4,South,Tennessee,Drinks,Nido,Wholesale,Premium,20,10.99,219.8,17.58,202.22,43.28
ORD-104689,CUST-0280,21-12-2025,2025,12,December,Q4,Central,Michigan,Drinks,Milo,Retail,Mass Market,50,5.99,299.5,23.96,275.54,66.9
ORD-103698,CUST-0009,22-12-2025,2025,12,December,Q4,Central,Michigan,International Foods,Maggi,Retail,Health & Wellness,50,4.29,214.5,32.17,182.32,55.75
ORD-101327,CUST-0484,23-12-2025,2025,12,December,Q4,West,Arizona,Baking,La Lechera,Convenience,Mass Market,100,4.49,449,22.45,426.55,118.36
ORD-101659,CUST-0691,23-12-2025,2025,12,December,Q4,East,New Jersey,Baking,Nestlé Toll House,Supermarket,Health & Wellness,10,4.99,49.9,2.5,47.41,13.06
ORD-102609,CUST-0635,23-12-2025,2025,12,December,Q4,Central,Illinois,Frozen Pizza,DiGiorno,Convenience,Mass Market,40,7.99,319.6,6.39,313.21,77.82
ORD-103322,CUST-0677,23-12-2025,2025,12,December,Q4,West,Nevada,Drinks,Nesquik,Convenience,Family,40,6.49,259.6,12.98,246.62,50.86
ORD-104657,CUST-0502,23-12-2025,2025,12,December,Q4,South,Louisiana,Drinks,Nesquik,Retail,Health & Wellness,25,6.49,162.25,0,162.25,37.43
ORD-101693,CUST-0368,24-12-2025,2025,12,December,Q4,East,Pennsylvania,Drinks,Milo,Wholesale,Health & Wellness,50,5.99,299.5,23.96,275.54,57.74
ORD-104123,CUST-0387,25-12-2025,2025,12,December,Q4,Central,Minnesota,Drinks,Nido,Retail,Family,50,10.99,549.5,0,549.5,119.06
ORD-104726,CUST-0123,25-12-2025,2025,12,December,Q4,West,Oregon,Coffee & Creamers,Nescafé,Online,Mass Market,10,8.99,89.9,0,89.9,23.77
ORD-101655,CUST-0073,26-12-2025,2025,12,December,Q4,West,California,Frozen Pizza,DiGiorno,Online,Premium,30,7.99,239.7,23.97,215.73,49.26
ORD-102565,CUST-0450,26-12-2025,2025,12,December,Q4,East,New Jersey,Drinks,Nido,Wholesale,Premium,75,10.99,824.25,41.21,783.04,214.18
ORD-103309,CUST-0249,26-12-2025,2025,12,December,Q4,East,Virginia,Frozen Foods,Hot Pockets,Convenience,Family,25,5.99,149.75,0,149.75,40.05
ORD-100661,CUST-0207,27-12-2025,2025,12,December,Q4,East,New Jersey,Coffee & Creamers,Coffee mate,Convenience,Mass Market,20,7.49,149.8,11.98,137.82,33.02
ORD-102678,CUST-0746,27-12-2025,2025,12,December,Q4,West,Washington,Baking,Nestlé Toll House,Convenience,Family,10,4.99,49.9,2.5,47.41,12.18
ORD-102011,CUST-0194,28-12-2025,2025,12,December,Q4,West,Arizona,International Foods,El Mejor Nido,Retail,Family,20,8.49,169.8,25.47,144.33,45.02
ORD-104296,CUST-0674,28-12-2025,2025,12,December,Q4,East,Pennsylvania,International Foods,Abuelita,Supermarket,Premium,20,5.49,109.8,16.47,93.33,24.63
ORD-104723,CUST-0524,28-12-2025,2025,12,December,Q4,West,Washington,Drinks,Nido,Online,Mass Market,5,10.99,54.95,2.75,52.2,11.11
ORD-101968,CUST-0001,29-12-2025,2025,12,December,Q4,East,New York,Frozen Foods,Lean Cuisine,Online,Family,20,6.49,129.8,0,129.8,27.81
ORD-102715,CUST-0483,29-12-2025,2025,12,December,Q4,West,Arizona,International Foods,Maggi,Online,Family,25,4.29,107.25,5.36,101.89,29.74
ORD-102747,CUST-0179,29-12-2025,2025,12,December,Q4,Central,Minnesota,Drinks,Milo,Retail,Health & Wellness,20,5.99,119.8,17.97,101.83,22.5
ORD-101586,CUST-0197,30-12-2025,2025,12,December,Q4,West,Colorado,Frozen Pizza,Tombstone,Wholesale,Mass Market,15,6.99,104.85,15.73,89.12,21.42
ORD-102668,CUST-0467,30-12-2025,2025,12,December,Q4,Central,Missouri,International Foods,El Mejor Nido,Retail,Family,40,8.49,339.6,6.79,332.81,88.31
ORD-104931,CUST-0717,30-12-2025,2025,12,December,Q4,East,New Jersey,Frozen Pizza,Tombstone,Wholesale,Family,50,6.99,349.5,34.95,314.55,68.48
ORD-101384,CUST-0166,31-12-2025,2025,12,December,Q4,West,Nevada,Drinks,Nido,Online,Family,10,10.99,109.9,5.5,104.4,27.84
ORD-102165,CUST-0349,31-12-2025,2025,12,December,Q4,East,Massachusetts,Frozen Foods,Lean Cuisine,Supermarket,Mass Market,50,6.49,324.5,48.68,275.82,69.82
ORD-104960,CUST-0350,31-12-2025,2025,12,December,Q4,Central,Ohio,Coffee & Creamers,Nescafé,Online,Family,5,8.99,44.95,3.6,41.35,12.44
ORD-102621,CUST-0651,01-01-2026,2026,1,January,Q1,South,Florida,Frozen Foods,Stouffer's,Retail,Family,20,8.99,179.8,0,179.8,33.32
ORD-102693,CUST-0624,01-01-2026,2026,1,January,Q1,West,Washington,Frozen Foods,Hot Pockets,Online,Family,25,5.99,149.75,0,149.75,24.64
ORD-100176,CUST-0683,02-01-2026,2026,1,January,Q1,West,Arizona,Frozen Foods,Stouffer's,Retail,Family,30,8.99,269.7,0,269.7,58.45
ORD-104813,CUST-0337,02-01-2026,2026,1,January,Q1,West,Oregon,Coffee & Creamers,Coffee mate,Convenience,Mass Market,50,7.49,374.5,37.45,337.05,80.37
ORD-100483,CUST-0191,03-01-2026,2026,1,January,Q1,East,Massachusetts,Baking,La Lechera,Convenience,Mass Market,40,4.49,179.6,0,179.6,43.38
ORD-104063,CUST-0209,03-01-2026,2026,1,January,Q1,South,Texas,Frozen Pizza,DiGiorno,Supermarket,Family,20,7.99,159.8,12.78,147.02,37.75
ORD-101942,CUST-0533,04-01-2026,2026,1,January,Q1,East,New York,Baking,Nestlé Toll House,Online,Mass Market,25,4.99,124.75,2.5,122.26,36.92
ORD-102646,CUST-0283,04-01-2026,2026,1,January,Q1,East,New Jersey,International Foods,Maggi,Online,Mass Market,40,4.29,171.6,8.58,163.02,39.92
ORD-104338,CUST-0679,04-01-2026,2026,1,January,Q1,South,Texas,Drinks,Nido,Supermarket,Mass Market,50,10.99,549.5,0,549.5,155.96
ORD-101007,CUST-0207,05-01-2026,2026,1,January,Q1,Central,Missouri,Frozen Foods,Stouffer's,Retail,Family,20,8.99,179.8,14.38,165.42,39.5
ORD-102647,CUST-0169,05-01-2026,2026,1,January,Q1,South,Georgia,Frozen Pizza,DiGiorno,Retail,Health & Wellness,100,7.99,799,39.95,759.05,189.73
ORD-103337,CUST-0643,05-01-2026,2026,1,January,Q1,South,Tennessee,Baking,Nestlé Toll House,Wholesale,Family,40,4.99,199.6,19.96,179.64,58.17
ORD-102138,CUST-0469,06-01-2026,2026,1,January,Q1,Central,Michigan,International Foods,Maggi,Online,Family,25,4.29,107.25,16.09,91.16,22.62
ORD-103713,CUST-0679,06-01-2026,2026,1,January,Q1,Central,Illinois,Baking,La Lechera,Retail,Mass Market,5,4.49,22.45,0,22.45,6.98
ORD-104404,CUST-0221,06-01-2026,2026,1,January,Q1,East,Massachusetts,Coffee & Creamers,Coffee mate,Supermarket,Mass Market,15,7.49,112.35,5.62,106.73,29.14
ORD-100686,CUST-0675,07-01-2026,2026,1,January,Q1,Central,Wisconsin,Baking,La Lechera,Online,Family,15,4.49,67.35,0,67.35,18.34
ORD-101550,CUST-0112,07-01-2026,2026,1,January,Q1,Central,Ohio,Drinks,Nesquik,Wholesale,Premium,20,6.49,129.8,10.38,119.42,26.25
ORD-103972,CUST-0650,07-01-2026,2026,1,January,Q1,Central,Missouri,Frozen Pizza,DiGiorno,Wholesale,Mass Market,20,7.99,159.8,7.99,151.81,41.03
ORD-104075,CUST-0389,07-01-2026,2026,1,January,Q1,Central,Michigan,Frozen Foods,Hot Pockets,Retail,Mass Market,20,5.99,119.8,11.98,107.82,24.93
ORD-103895,CUST-0062,08-01-2026,2026,1,January,Q1,Central,Minnesota,Baking,Nestlé Toll House,Supermarket,Family,30,4.99,149.7,0,149.7,49.28
ORD-104318,CUST-0324,08-01-2026,2026,1,January,Q1,West,California,Frozen Foods,Lean Cuisine,Retail,Family,20,6.49,129.8,10.38,119.42,26.06
ORD-100205,CUST-0427,09-01-2026,2026,1,January,Q1,Central,Illinois,Coffee & Creamers,Coffee mate,Retail,Premium,5,7.49,37.45,0,37.45,11.17
ORD-101123,CUST-0550,09-01-2026,2026,1,January,Q1,South,North Carolina,Frozen Pizza,DiGiorno,Wholesale,Family,30,7.99,239.7,0,239.7,61.59
ORD-100149,CUST-0003,10-01-2026,2026,1,January,Q1,West,Oregon,Frozen Foods,Hot Pockets,Online,Mass Market,15,5.99,89.85,7.19,82.66,17.68
ORD-100622,CUST-0318,10-01-2026,2026,1,January,Q1,West,Nevada,Drinks,Nido,Supermarket,Family,30,10.99,329.7,0,329.7,80.93
ORD-101236,CUST-0309,10-01-2026,2026,1,January,Q1,East,Pennsylvania,Coffee & Creamers,Coffee mate,Retail,Family,15,7.49,112.35,0,112.35,33.17
ORD-101632,CUST-0780,10-01-2026,2026,1,January,Q1,East,Virginia,Drinks,Nesquik,Retail,Mass Market,10,6.49,64.9,3.25,61.66,14.01
ORD-101657,CUST-0426,10-01-2026,2026,1,January,Q1,Central,Michigan,Frozen Pizza,DiGiorno,Online,Health & Wellness,15,7.99,119.85,11.99,107.86,31.05
ORD-102998,CUST-0715,10-01-2026,2026,1,January,Q1,East,Massachusetts,Baking,La Lechera,Wholesale,Family,5,4.49,22.45,0.45,22,7.47
ORD-104949,CUST-0318,10-01-2026,2026,1,January,Q1,South,North Carolina,International Foods,Maggi,Online,Health & Wellness,15,4.29,64.35,0,64.35,16.76
ORD-102969,CUST-0779,11-01-2026,2026,1,January,Q1,South,Tennessee,International Foods,Abuelita,Supermarket,Health & Wellness,40,5.49,219.6,17.57,202.03,59.24
ORD-100110,CUST-0446,12-01-2026,2026,1,January,Q1,West,California,Frozen Pizza,Jack's Pizza,Convenience,Family,10,5.99,59.9,3,56.91,13.55
ORD-102270,CUST-0464,12-01-2026,2026,1,January,Q1,East,Massachusetts,Drinks,Nido,Supermarket,Family,25,10.99,274.75,13.74,261.01,71.82
ORD-100677,CUST-0201,13-01-2026,2026,1,January,Q1,West,Washington,International Foods,Abuelita,Wholesale,Premium,10,5.49,54.9,2.75,52.16,13.01
ORD-101037,CUST-0381,13-01-2026,2026,1,January,Q1,East,Maryland,Coffee & Creamers,Nescafé CLASICO,Wholesale,Health & Wellness,25,9.49,237.25,11.86,225.39,69.87
ORD-103254,CUST-0140,13-01-2026,2026,1,January,Q1,West,Colorado,Frozen Pizza,Jack's Pizza,Retail,Premium,75,5.99,449.25,22.46,426.79,105.09
ORD-101078,CUST-0547,14-01-2026,2026,1,January,Q1,Central,Missouri,Drinks,Nido,Retail,Health & Wellness,25,10.99,274.75,0,274.75,68.44
ORD-105001,CUST-0781,14-01-2026,2026,1,January,Q1,East,Virginia,Frozen Pizza,DiGiorno,Online,Family,50,7.99,399.5,31.96,367.54,74.64
ORD-100145,CUST-0320,15-01-2026,2026,1,January,Q1,East,Massachusetts,Drinks,Nesquik,Online,Premium,20,6.49,129.8,6.49,123.31,27.12
ORD-100615,CUST-0113,15-01-2026,2026,1,January,Q1,South,Georgia,Coffee & Creamers,Coffee mate,Convenience,Health & Wellness,40,7.49,299.6,23.97,275.63,84.45
ORD-101546,CUST-0176,16-01-2026,2026,1,January,Q1,East,New York,Frozen Pizza,DiGiorno,Online,Premium,30,7.99,239.7,35.96,203.74,55.25
ORD-102347,CUST-0477,16-01-2026,2026,1,January,Q1,Central,Minnesota,Frozen Foods,Lean Cuisine,Online,Mass Market,50,6.49,324.5,6.49,318.01,80.88
ORD-103203,CUST-0560,16-01-2026,2026,1,January,Q1,West,Nevada,Coffee & Creamers,Nescafé,Convenience,Family,5,8.99,44.95,0,44.95,13.31
ORD-103410,CUST-0052,16-01-2026,2026,1,January,Q1,West,Arizona,International Foods,El Mejor Nido,Retail,Premium,10,8.49,84.9,6.79,78.11,21.87
ORD-104759,CUST-0337,16-01-2026,2026,1,January,Q1,East,Maryland,International Foods,Abuelita,Retail,Premium,5,5.49,27.45,2.75,24.7,6.67
ORD-104335,CUST-0092,17-01-2026,2026,1,January,Q1,East,New Jersey,Drinks,Nido,Supermarket,Health & Wellness,20,10.99,219.8,21.98,197.82,55.88
ORD-100032,CUST-0211,18-01-2026,2026,1,January,Q1,West,Colorado,Coffee & Creamers,Nescafé CLASICO,Supermarket,Mass Market,40,9.49,379.6,7.59,372.01,102.99
ORD-100294,CUST-0297,18-01-2026,2026,1,January,Q1,East,New York,Baking,Nestlé Toll House,Retail,Family,75,4.99,374.25,56.14,318.11,96.67
ORD-100752,CUST-0687,18-01-2026,2026,1,January,Q1,South,North Carolina,Baking,La Lechera,Retail,Mass Market,15,4.49,67.35,5.39,61.96,18.72
ORD-100847,CUST-0647,18-01-2026,2026,1,January,Q1,West,Oregon,Frozen Foods,Stouffer's,Convenience,Mass Market,40,8.99,359.6,17.98,341.62,80.51
ORD-101274,CUST-0431,18-01-2026,2026,1,January,Q1,West,Oregon,Coffee & Creamers,Coffee mate,Retail,Family,15,7.49,112.35,8.99,103.36,32.29
ORD-101410,CUST-0529,18-01-2026,2026,1,January,Q1,South,Texas,Frozen Pizza,Jack's Pizza,Wholesale,Mass Market,20,5.99,119.8,0,119.8,28.81
ORD-102699,CUST-0233,18-01-2026,2026,1,January,Q1,South,Florida,Baking,La Lechera,Online,Mass Market,20,4.49,89.8,7.18,82.62,23.7
ORD-103579,CUST-0767,19-01-2026,2026,1,January,Q1,Central,Wisconsin,Frozen Foods,Lean Cuisine,Retail,Family,20,6.49,129.8,12.98,116.82,23.91
ORD-105000,CUST-0480,19-01-2026,2026,1,January,Q1,Central,Wisconsin,Frozen Foods,Stouffer's,Retail,Health & Wellness,75,8.99,674.25,33.71,640.54,150.23
ORD-101937,CUST-0080,20-01-2026,2026,1,January,Q1,West,Oregon,Baking,Carnation,Wholesale,Family,25,3.99,99.75,2,97.76,28.97
ORD-103357,CUST-0107,20-01-2026,2026,1,January,Q1,Central,Wisconsin,Drinks,Nesquik,Wholesale,Family,20,6.49,129.8,0,129.8,32.12
ORD-103792,CUST-0103,20-01-2026,2026,1,January,Q1,West,Washington,International Foods,Abuelita,Retail,Family,10,5.49,54.9,5.49,49.41,11.52
ORD-104069,CUST-0374,20-01-2026,2026,1,January,Q1,Central,Missouri,Frozen Foods,Hot Pockets,Retail,Family,5,5.99,29.95,0,29.95,5.95
ORD-101603,CUST-0473,21-01-2026,2026,1,January,Q1,West,California,Baking,La Lechera,Retail,Mass Market,15,4.49,67.35,5.39,61.96,19.73
ORD-100989,CUST-0021,22-01-2026,2026,1,January,Q1,West,Colorado,Frozen Pizza,Tombstone,Retail,Mass Market,30,6.99,209.7,20.97,188.73,39.46
ORD-102073,CUST-0605,22-01-2026,2026,1,January,Q1,West,Washington,Drinks,Milo,Online,Mass Market,50,5.99,299.5,5.99,293.51,71.77
ORD-100184,CUST-0724,23-01-2026,2026,1,January,Q1,South,Louisiana,Drinks,Milo,Online,Mass Market,75,5.99,449.25,22.46,426.79,81.65
ORD-103477,CUST-0246,23-01-2026,2026,1,January,Q1,South,Florida,Drinks,Nesquik,Retail,Premium,15,6.49,97.35,1.95,95.4,22.53
ORD-104323,CUST-0338,23-01-2026,2026,1,January,Q1,Central,Illinois,Baking,Nestlé Toll House,Convenience,Mass Market,20,4.99,99.8,0,99.8,30.12
ORD-100100,CUST-0336,24-01-2026,2026,1,January,Q1,West,Colorado,Frozen Pizza,DiGiorno,Retail,Mass Market,10,7.99,79.9,6.39,73.51,19.26
ORD-100135,CUST-0310,24-01-2026,2026,1,January,Q1,South,Georgia,Coffee & Creamers,Coffee mate,Retail,Health & Wellness,10,7.49,74.9,5.99,68.91,18.86
ORD-100470,CUST-0058,24-01-2026,2026,1,January,Q1,South,Louisiana,Frozen Pizza,DiGiorno,Retail,Mass Market,40,7.99,319.6,6.39,313.21,68.11
ORD-101461,CUST-0010,24-01-2026,2026,1,January,Q1,East,Massachusetts,Drinks,Nido,Online,Family,30,10.99,329.7,0,329.7,84.32
ORD-101929,CUST-0716,24-01-2026,2026,1,January,Q1,Central,Michigan,Coffee & Creamers,Coffee mate,Wholesale,Family,30,7.49,224.7,33.7,191,51.82
ORD-102189,CUST-0762,24-01-2026,2026,1,January,Q1,South,Florida,Frozen Foods,Lean Cuisine,Online,Family,10,6.49,64.9,3.25,61.66,12.8
ORD-104762,CUST-0564,24-01-2026,2026,1,January,Q1,South,Louisiana,Frozen Foods,Hot Pockets,Wholesale,Mass Market,100,5.99,599,59.9,539.1,82.66
ORD-101419,CUST-0308,25-01-2026,2026,1,January,Q1,East,Maryland,Frozen Foods,Stouffer's,Online,Family,75,8.99,674.25,53.94,620.31,142.18
ORD-101872,CUST-0711,25-01-2026,2026,1,January,Q1,West,Arizona,Drinks,Nido,Retail,Mass Market,75,10.99,824.25,0,824.25,196.18
ORD-101995,CUST-0443,25-01-2026,2026,1,January,Q1,Central,Missouri,Drinks,Nesquik,Online,Mass Market,25,6.49,162.25,8.11,154.14,31.87
ORD-100509,CUST-0657,26-01-2026,2026,1,January,Q1,South,North Carolina,Frozen Pizza,Tombstone,Online,Premium,30,6.99,209.7,10.49,199.22,55.62
ORD-103799,CUST-0309,26-01-2026,2026,1,January,Q1,West,Colorado,Frozen Foods,Hot Pockets,Supermarket,Mass Market,20,5.99,119.8,5.99,113.81,26.88
ORD-102677,CUST-0503,27-01-2026,2026,1,January,Q1,East,Massachusetts,Coffee & Creamers,Coffee mate,Convenience,Family,25,7.49,187.25,37.45,149.8,40.21
ORD-103573,CUST-0666,27-01-2026,2026,1,January,Q1,South,North Carolina,Coffee & Creamers,Nescafé,Supermarket,Family,25,8.99,224.75,22.48,202.28,61.78
ORD-104745,CUST-0332,27-01-2026,2026,1,January,Q1,West,Oregon,Frozen Pizza,DiGiorno,Supermarket,Mass Market,30,7.99,239.7,19.18,220.52,56.26
ORD-104777,CUST-0636,27-01-2026,2026,1,January,Q1,West,Oregon,Baking,Nestlé Toll House,Online,Health & Wellness,20,4.99,99.8,7.98,91.82,22.83
ORD-100078,CUST-0714,28-01-2026,2026,1,January,Q1,West,Oregon,Drinks,Milo,Retail,Mass Market,15,5.99,89.85,7.19,82.66,22.08
ORD-100161,CUST-0363,28-01-2026,2026,1,January,Q1,East,Maryland,Coffee & Creamers,Nescafé,Wholesale,Premium,50,8.99,449.5,8.99,440.51,114.54
ORD-101870,CUST-0176,28-01-2026,2026,1,January,Q1,Central,Michigan,Frozen Foods,Stouffer's,Wholesale,Health & Wellness,10,8.99,89.9,13.49,76.42,15.46
ORD-102923,CUST-0344,28-01-2026,2026,1,January,Q1,South,North Carolina,Frozen Foods,Hot Pockets,Wholesale,Premium,20,5.99,119.8,17.97,101.83,23.48
ORD-104154,CUST-0445,28-01-2026,2026,1,January,Q1,East,New York,Frozen Pizza,Tombstone,Online,Mass Market,30,6.99,209.7,10.49,199.22,49.42
ORD-100950,CUST-0625,29-01-2026,2026,1,January,Q1,Central,Missouri,International Foods,El Mejor Nido,Wholesale,Health & Wellness,15,8.49,127.35,10.19,117.16,31.77
ORD-102142,CUST-0574,29-01-2026,2026,1,January,Q1,Central,Illinois,Frozen Foods,Hot Pockets,Retail,Family,50,5.99,299.5,5.99,293.51,61.19
ORD-102662,CUST-0716,29-01-2026,2026,1,January,Q1,South,North Carolina,Baking,Carnation,Retail,Premium,15,3.99,59.85,2.99,56.86,18.45
ORD-102169,CUST-0175,30-01-2026,2026,1,January,Q1,Central,Minnesota,International Foods,Abuelita,Retail,Premium,25,5.49,137.25,10.98,126.27,29.67
ORD-103101,CUST-0251,30-01-2026,2026,1,January,Q1,West,Oregon,Drinks,Nido,Convenience,Health & Wellness,25,10.99,274.75,5.5,269.26,78.49
ORD-104712,CUST-0246,30-01-2026,2026,1,January,Q1,East,Massachusetts,International Foods,Abuelita,Online,Mass Market,20,5.49,109.8,8.78,101.02,33.08
ORD-101970,CUST-0499,31-01-2026,2026,1,January,Q1,West,Colorado,Frozen Foods,Stouffer's,Retail,Mass Market,15,8.99,134.85,0,134.85,28.36
ORD-102175,CUST-0618,31-01-2026,2026,1,January,Q1,West,California,Frozen Foods,Stouffer's,Retail,Family,10,8.99,89.9,7.19,82.71,18.65
ORD-103286,CUST-0565,31-01-2026,2026,1,January,Q1,West,Arizona,Coffee & Creamers,Nescafé,Retail,Mass Market,10,8.99,89.9,8.99,80.91,25.75
ORD-104246,CUST-0059,31-01-2026,2026,1,January,Q1,South,Florida,Drinks,Nesquik,Online,Mass Market,5,6.49,32.45,2.6,29.85,8.16
ORD-104820,CUST-0227,31-01-2026,2026,1,January,Q1,West,Colorado,Drinks,Milo,Online,Family,50,5.99,299.5,29.95,269.55,64.89
ORD-100955,CUST-0431,01-02-2026,2026,2,February,Q1,East,Virginia,Baking,Carnation,Retail,Health & Wellness,15,3.99,59.85,4.79,55.06,16.08
ORD-101498,CUST-0452,01-02-2026,2026,2,February,Q1,East,Massachusetts,Frozen Foods,Stouffer's,Supermarket,Family,40,8.99,359.6,0,359.6,81.59
ORD-103550,CUST-0661,01-02-2026,2026,2,February,Q1,Central,Illinois,Frozen Pizza,DiGiorno,Supermarket,Family,25,7.99,199.75,29.96,169.79,46.25
ORD-100360,CUST-0237,02-02-2026,2026,2,February,Q1,Central,Wisconsin,Drinks,Milo,Online,Mass Market,30,5.99,179.7,14.38,165.32,42.86
ORD-101206,CUST-0432,02-02-2026,2026,2,February,Q1,South,Georgia,Frozen Foods,Lean Cuisine,Online,Family,25,6.49,162.25,12.98,149.27,30.51
ORD-101712,CUST-0026,02-02-2026,2026,2,February,Q1,West,California,Coffee & Creamers,Nescafé CLASICO,Convenience,Health & Wellness,25,9.49,237.25,11.86,225.39,64.29
ORD-102920,CUST-0540,02-02-2026,2026,2,February,Q1,East,Virginia,Frozen Foods,Stouffer's,Retail,Mass Market,40,8.99,359.6,17.98,341.62,73.73
ORD-103007,CUST-0283,02-02-2026,2026,2,February,Q1,South,Georgia,Drinks,Nido,Online,Family,5,10.99,54.95,10.99,43.96,9.01
ORD-104593,CUST-0170,02-02-2026,2026,2,February,Q1,East,Pennsylvania,Baking,La Lechera,Online,Mass Market,10,4.49,44.9,2.25,42.66,14.36
ORD-103770,CUST-0531,03-02-2026,2026,2,February,Q1,West,Colorado,Drinks,Nesquik,Retail,Mass Market,40,6.49,259.6,20.77,238.83,62.56
ORD-101802,CUST-0573,04-02-2026,2026,2,February,Q1,Central,Missouri,Frozen Pizza,Tombstone,Retail,Family,10,6.99,69.9,3.5,66.4,16.01
ORD-104597,CUST-0012,04-02-2026,2026,2,February,Q1,Central,Missouri,International Foods,El Mejor Nido,Supermarket,Family,50,8.49,424.5,33.96,390.54,100.26
ORD-100286,CUST-0249,05-02-2026,2026,2,February,Q1,West,Oregon,Frozen Foods,Stouffer's,Retail,Family,15,8.99,134.85,6.74,128.11,30.34
ORD-101426,CUST-0079,05-02-2026,2026,2,February,Q1,South,Tennessee,Drinks,Milo,Online,Family,25,5.99,149.75,0,149.75,42.87
ORD-102134,CUST-0594,05-02-2026,2026,2,February,Q1,Central,Missouri,Coffee & Creamers,Coffee mate,Supermarket,Mass Market,15,7.49,112.35,0,112.35,28.3
ORD-104054,CUST-0570,05-02-2026,2026,2,February,Q1,Central,Illinois,Coffee & Creamers,Nescafé CLASICO,Retail,Premium,10,9.49,94.9,7.59,87.31,27.15
ORD-104250,CUST-0238,05-02-2026,2026,2,February,Q1,South,Tennessee,Frozen Foods,Hot Pockets,Supermarket,Health & Wellness,100,5.99,599,47.92,551.08,128.82
ORD-104529,CUST-0084,05-02-2026,2026,2,February,Q1,Central,Ohio,Frozen Pizza,DiGiorno,Supermarket,Health & Wellness,20,7.99,159.8,3.2,156.6,42.4
ORD-103408,CUST-0709,06-02-2026,2026,2,February,Q1,South,Tennessee,Drinks,Nido,Wholesale,Mass Market,20,10.99,219.8,0,219.8,51.11
ORD-100507,CUST-0728,07-02-2026,2026,2,February,Q1,South,Tennessee,Frozen Foods,Hot Pockets,Retail,Premium,15,5.99,89.85,7.19,82.66,18.94
ORD-101083,CUST-0786,07-02-2026,2026,2,February,Q1,East,Virginia,Frozen Foods,Lean Cuisine,Online,Mass Market,10,6.49,64.9,5.19,59.71,13.94
ORD-100918,CUST-0705,08-02-2026,2026,2,February,Q1,South,Texas,Frozen Pizza,Tombstone,Wholesale,Mass Market,20,6.99,139.8,13.98,125.82,25.11
ORD-103903,CUST-0701,08-02-2026,2026,2,February,Q1,South,Georgia,Coffee & Creamers,Nescafé CLASICO,Online,Family,30,9.49,284.7,0,284.7,86.13
ORD-104126,CUST-0508,08-02-2026,2026,2,February,Q1,Central,Wisconsin,International Foods,El Mejor Nido,Supermarket,Family,15,8.49,127.35,0,127.35,34.39
ORD-100458,CUST-0155,09-02-2026,2026,2,February,Q1,East,New Jersey,International Foods,Maggi,Supermarket,Mass Market,50,4.29,214.5,17.16,197.34,61.9
ORD-104417,CUST-0664,09-02-2026,2026,2,February,Q1,East,Pennsylvania,Frozen Pizza,DiGiorno,Convenience,Family,10,7.99,79.9,11.99,67.92,16.46
ORD-104805,CUST-0779,09-02-2026,2026,2,February,Q1,South,Florida,Baking,La Lechera,Retail,Mass Market,30,4.49,134.7,10.78,123.92,33.55
ORD-100899,CUST-0445,10-02-2026,2026,2,February,Q1,West,Washington,Coffee & Creamers,Nescafé,Convenience,Premium,10,8.99,89.9,0,89.9,22.18
ORD-101295,CUST-0046,10-02-2026,2026,2,February,Q1,South,Florida,Baking,Carnation,Online,Health & Wellness,40,3.99,159.6,15.96,143.64,49.25
ORD-102055,CUST-0193,10-02-2026,2026,2,February,Q1,South,Georgia,Coffee & Creamers,Coffee mate,Wholesale,Mass Market,40,7.49,299.6,0,299.6,81.71
ORD-102654,CUST-0285,10-02-2026,2026,2,February,Q1,West,Washington,Baking,La Lechera,Online,Mass Market,15,4.49,67.35,6.74,60.62,14.55
ORD-103122,CUST-0116,10-02-2026,2026,2,February,Q1,West,California,Drinks,Nesquik,Retail,Premium,40,6.49,259.6,38.94,220.66,57.02
ORD-102538,CUST-0776,12-02-2026,2026,2,February,Q1,West,California,Frozen Foods,Lean Cuisine,Wholesale,Premium,15,6.49,97.35,9.74,87.62,16.46
ORD-100265,CUST-0019,13-02-2026,2026,2,February,Q1,South,Texas,Coffee & Creamers,Nescafé,Retail,Mass Market,20,8.99,179.8,8.99,170.81,47.39
ORD-100745,CUST-0647,13-02-2026,2026,2,February,Q1,West,Washington,International Foods,Maggi,Convenience,Mass Market,10,4.29,42.9,2.14,40.75,11.16
ORD-101220,CUST-0048,13-02-2026,2026,2,February,Q1,East,Maryland,International Foods,Maggi,Wholesale,Family,25,4.29,107.25,10.73,96.52,26.36
ORD-101491,CUST-0652,13-02-2026,2026,2,February,Q1,West,Colorado,Baking,Carnation,Supermarket,Mass Market,100,3.99,399,59.85,339.15,99.14
ORD-102174,CUST-0599,13-02-2026,2026,2,February,Q1,South,Louisiana,International Foods,El Mejor Nido,Supermarket,Premium,20,8.49,169.8,16.98,152.82,34.06
ORD-103894,CUST-0419,13-02-2026,2026,2,February,Q1,East,New Jersey,Frozen Foods,Stouffer's,Online,Mass Market,25,8.99,224.75,11.24,213.51,46.11
ORD-104692,CUST-0081,13-02-2026,2026,2,February,Q1,East,Massachusetts,Baking,La Lechera,Retail,Premium,10,4.49,44.9,4.49,40.41,12.28
ORD-100657,CUST-0575,14-02-2026,2026,2,February,Q1,East,New York,Frozen Pizza,Jack's Pizza,Supermarket,Family,15,5.99,89.85,0,89.85,27.34
ORD-101845,CUST-0126,14-02-2026,2026,2,February,Q1,South,Texas,Baking,Nestlé Toll House,Online,Family,30,4.99,149.7,2.99,146.71,43.91
ORD-103519,CUST-0057,14-02-2026,2026,2,February,Q1,West,Oregon,Frozen Foods,Hot Pockets,Retail,Family,30,5.99,179.7,8.99,170.72,37.53
ORD-104362,CUST-0326,14-02-2026,2026,2,February,Q1,Central,Wisconsin,Frozen Pizza,Jack's Pizza,Online,Mass Market,40,5.99,239.6,47.92,191.68,52.14
ORD-100365,CUST-0654,15-02-2026,2026,2,February,Q1,South,Georgia,Coffee & Creamers,Nescafé,Wholesale,Health & Wellness,40,8.99,359.6,35.96,323.64,67.8
ORD-102977,CUST-0350,15-02-2026,2026,2,February,Q1,South,North Carolina,Frozen Foods,Hot Pockets,Wholesale,Health & Wellness,5,5.99,29.95,3,26.96,5.14
ORD-103938,CUST-0711,15-02-2026,2026,2,February,Q1,West,California,International Foods,Maggi,Retail,Premium,10,4.29,42.9,0,42.9,12.86
ORD-101184,CUST-0718,16-02-2026,2026,2,February,Q1,South,Texas,Frozen Foods,Lean Cuisine,Online,Premium,25,6.49,162.25,3.24,159,31.08
ORD-101503,CUST-0017,16-02-2026,2026,2,February,Q1,West,Nevada,International Foods,Maggi,Retail,Family,15,4.29,64.35,5.15,59.2,17.84
ORD-104638,CUST-0205,16-02-2026,2026,2,February,Q1,Central,Michigan,International Foods,Abuelita,Wholesale,Family,25,5.49,137.25,0,137.25,38.39
ORD-104661,CUST-0153,16-02-2026,2026,2,February,Q1,East,Virginia,Frozen Foods,Stouffer's,Supermarket,Mass Market,25,8.99,224.75,11.24,213.51,41.73
ORD-100292,CUST-0105,17-02-2026,2026,2,February,Q1,West,Washington,Baking,Carnation,Convenience,Family,10,3.99,39.9,3.99,35.91,10.83
ORD-101136,CUST-0090,17-02-2026,2026,2,February,Q1,West,Oregon,Frozen Foods,Stouffer's,Supermarket,Family,75,8.99,674.25,101.14,573.11,139.78
ORD-101292,CUST-0435,17-02-2026,2026,2,February,Q1,West,Washington,International Foods,Maggi,Convenience,Premium,20,4.29,85.8,17.16,68.64,18.56
ORD-103151,CUST-0497,17-02-2026,2026,2,February,Q1,Central,Michigan,Frozen Pizza,DiGiorno,Wholesale,Premium,25,7.99,199.75,15.98,183.77,45.36
ORD-104725,CUST-0564,17-02-2026,2026,2,February,Q1,West,California,International Foods,Maggi,Retail,Premium,5,4.29,21.45,1.72,19.73,4.95
ORD-102032,CUST-0781,18-02-2026,2026,2,February,Q1,Central,Illinois,Drinks,Nido,Convenience,Mass Market,25,10.99,274.75,21.98,252.77,65.46
ORD-102978,CUST-0409,18-02-2026,2026,2,February,Q1,West,Nevada,International Foods,El Mejor Nido,Online,Premium,15,8.49,127.35,2.55,124.8,28.47
ORD-104068,CUST-0398,18-02-2026,2026,2,February,Q1,South,Texas,Baking,La Lechera,Retail,Mass Market,75,4.49,336.75,16.84,319.91,96.54
ORD-104792,CUST-0299,19-02-2026,2026,2,February,Q1,South,Tennessee,Coffee & Creamers,Coffee mate,Online,Mass Market,40,7.49,299.6,0,299.6,83.13
ORD-103331,CUST-0149,20-02-2026,2026,2,February,Q1,Central,Missouri,Coffee & Creamers,Nescafé,Retail,Mass Market,25,8.99,224.75,4.5,220.26,55.42
ORD-103441,CUST-0395,20-02-2026,2026,2,February,Q1,East,Virginia,Coffee & Creamers,Nescafé,Supermarket,Mass Market,25,8.99,224.75,11.24,213.51,62.28
ORD-103326,CUST-0662,21-02-2026,2026,2,February,Q1,Central,Wisconsin,Drinks,Nesquik,Convenience,Mass Market,30,6.49,194.7,15.58,179.12,47.7
ORD-101117,CUST-0259,22-02-2026,2026,2,February,Q1,West,Nevada,Coffee & Creamers,Nescafé,Convenience,Premium,20,8.99,179.8,0,179.8,44.72
ORD-102510,CUST-0537,22-02-2026,2026,2,February,Q1,South,North Carolina,Drinks,Nesquik,Retail,Mass Market,10,6.49,64.9,9.74,55.17,14.14
ORD-103525,CUST-0196,23-02-2026,2026,2,February,Q1,West,Oregon,Frozen Foods,Stouffer's,Retail,Mass Market,30,8.99,269.7,21.58,248.12,52.33
ORD-101178,CUST-0137,24-02-2026,2026,2,February,Q1,West,Oregon,Baking,La Lechera,Online,Family,5,4.49,22.45,1.8,20.65,6.36
ORD-103292,CUST-0771,24-02-2026,2026,2,February,Q1,South,Tennessee,Frozen Foods,Stouffer's,Convenience,Health & Wellness,10,8.99,89.9,7.19,82.71,16.93
ORD-103386,CUST-0700,24-02-2026,2026,2,February,Q1,South,North Carolina,Coffee & Creamers,Nescafé,Retail,Mass Market,50,8.99,449.5,22.48,427.02,124
ORD-104347,CUST-0668,24-02-2026,2026,2,February,Q1,South,Georgia,Coffee & Creamers,Nescafé,Retail,Mass Market,100,8.99,899,44.95,854.05,226.96
ORD-101024,CUST-0515,25-02-2026,2026,2,February,Q1,South,Tennessee,Frozen Foods,Lean Cuisine,Retail,Health & Wellness,25,6.49,162.25,8.11,154.14,33.35
ORD-102300,CUST-0185,25-02-2026,2026,2,February,Q1,East,Massachusetts,Frozen Foods,Stouffer's,Convenience,Family,40,8.99,359.6,35.96,323.64,67.46
ORD-102528,CUST-0083,25-02-2026,2026,2,February,Q1,South,Tennessee,Frozen Pizza,DiGiorno,Supermarket,Mass Market,75,7.99,599.25,0,599.25,155.67
ORD-100944,CUST-0409,26-02-2026,2026,2,February,Q1,South,Texas,International Foods,El Mejor Nido,Supermarket,Health & Wellness,10,8.49,84.9,4.24,80.66,25.93
ORD-103359,CUST-0540,26-02-2026,2026,2,February,Q1,South,Texas,Coffee & Creamers,Coffee mate,Supermarket,Mass Market,25,7.49,187.25,9.36,177.89,49.33
ORD-104797,CUST-0541,26-02-2026,2026,2,February,Q1,West,Washington,Coffee & Creamers,Nescafé,Retail,Premium,40,8.99,359.6,71.92,287.68,81.92
ORD-101581,CUST-0453,27-02-2026,2026,2,February,Q1,West,California,Frozen Foods,Stouffer's,Supermarket,Mass Market,20,8.99,179.8,3.6,176.2,38.97
ORD-101682,CUST-0726,27-02-2026,2026,2,February,Q1,South,Texas,Drinks,Nido,Convenience,Mass Market,50,10.99,549.5,10.99,538.51,136.17
ORD-102844,CUST-0730,27-02-2026,2026,2,February,Q1,South,Texas,Coffee & Creamers,Nescafé CLASICO,Wholesale,Family,40,9.49,379.6,18.98,360.62,97.64
ORD-100962,CUST-0539,28-02-2026,2026,2,February,Q1,Central,Wisconsin,Drinks,Nesquik,Supermarket,Family,25,6.49,162.25,3.24,159,39.21
ORD-104360,CUST-0246,28-02-2026,2026,2,February,Q1,West,Arizona,International Foods,Abuelita,Supermarket,Family,15,5.49,82.35,0,82.35,24.52
ORD-104581,CUST-0437,28-02-2026,2026,2,February,Q1,South,Texas,Frozen Foods,Hot Pockets,Supermarket,Health & Wellness,25,5.99,149.75,7.49,142.26,37.22
ORD-102980,CUST-0724,01-03-2026,2026,3,March,Q1,South,Georgia,Drinks,Nesquik,Retail,Premium,15,6.49,97.35,4.87,92.48,23.42
ORD-103758,CUST-0518,01-03-2026,2026,3,March,Q1,East,Maryland,Frozen Pizza,Jack's Pizza,Online,Family,20,5.99,119.8,0,119.8,26.65
ORD-104093,CUST-0306,01-03-2026,2026,3,March,Q1,East,New York,Frozen Pizza,Jack's Pizza,Retail,Health & Wellness,25,5.99,149.75,3,146.76,38.81
ORD-104200,CUST-0772,01-03-2026,2026,3,March,Q1,Central,Wisconsin,Frozen Foods,Hot Pockets,Online,Premium,5,5.99,29.95,3,26.96,5.65
ORD-104817,CUST-0442,01-03-2026,2026,3,March,Q1,South,Texas,Baking,La Lechera,Retail,Mass Market,40,4.49,179.6,14.37,165.23,59.75
ORD-101514,CUST-0434,02-03-2026,2026,3,March,Q1,West,Washington,Baking,La Lechera,Retail,Family,10,4.49,44.9,2.25,42.66,13.77
ORD-101756,CUST-0177,02-03-2026,2026,3,March,Q1,South,Tennessee,Frozen Foods,Lean Cuisine,Wholesale,Premium,25,6.49,162.25,12.98,149.27,35.88
ORD-102015,CUST-0616,02-03-2026,2026,3,March,Q1,Central,Minnesota,International Foods,Abuelita,Supermarket,Mass Market,20,5.49,109.8,16.47,93.33,24.93
ORD-103229,CUST-0345,02-03-2026,2026,3,March,Q1,West,Nevada,Frozen Foods,Lean Cuisine,Wholesale,Premium,30,6.49,194.7,9.74,184.96,42.2
ORD-104738,CUST-0378,02-03-2026,2026,3,March,Q1,East,Pennsylvania,Frozen Foods,Stouffer's,Online,Family,15,8.99,134.85,6.74,128.11,25.29
ORD-103251,CUST-0759,03-03-2026,2026,3,March,Q1,Central,Minnesota,Baking,Carnation,Online,Premium,30,3.99,119.7,9.58,110.12,32.37
ORD-100367,CUST-0239,04-03-2026,2026,3,March,Q1,South,Texas,Frozen Pizza,Tombstone,Convenience,Mass Market,5,6.99,34.95,0,34.95,7.89
ORD-101057,CUST-0607,04-03-2026,2026,3,March,Q1,South,Texas,Baking,La Lechera,Convenience,Mass Market,75,4.49,336.75,0,336.75,107.54
ORD-101633,CUST-0676,04-03-2026,2026,3,March,Q1,Central,Ohio,Baking,La Lechera,Supermarket,Mass Market,40,4.49,179.6,14.37,165.23,50.77
ORD-103026,CUST-0269,04-03-2026,2026,3,March,Q1,East,Maryland,Coffee & Creamers,Nescafé,Convenience,Mass Market,15,8.99,134.85,6.74,128.11,33.17
ORD-104766,CUST-0324,04-03-2026,2026,3,March,Q1,South,North Carolina,International Foods,Maggi,Supermarket,Mass Market,10,4.29,42.9,3.43,39.47,10.53
ORD-100525,CUST-0375,05-03-2026,2026,3,March,Q1,South,Tennessee,Frozen Foods,Stouffer's,Retail,Mass Market,10,8.99,89.9,0,89.9,22.43
ORD-100787,CUST-0021,05-03-2026,2026,3,March,Q1,Central,Missouri,International Foods,Abuelita,Online,Family,50,5.49,274.5,27.45,247.05,61.68
ORD-102201,CUST-0243,05-03-2026,2026,3,March,Q1,South,Georgia,Drinks,Nesquik,Retail,Mass Market,10,6.49,64.9,6.49,58.41,13.13
ORD-103146,CUST-0175,05-03-2026,2026,3,March,Q1,East,Maryland,Frozen Foods,Lean Cuisine,Convenience,Health & Wellness,30,6.49,194.7,29.2,165.5,34.7
ORD-100714,CUST-0202,06-03-2026,2026,3,March,Q1,East,Virginia,Coffee & Creamers,Coffee mate,Supermarket,Mass Market,15,7.49,112.35,11.24,101.12,26.68
ORD-101805,CUST-0242,06-03-2026,2026,3,March,Q1,East,Virginia,Frozen Pizza,DiGiorno,Retail,Mass Market,15,7.99,119.85,2.4,117.45,26.97
ORD-100826,CUST-0087,07-03-2026,2026,3,March,Q1,South,Tennessee,Coffee & Creamers,Nescafé,Retail,Premium,25,8.99,224.75,4.5,220.26,61.75
ORD-102899,CUST-0443,07-03-2026,2026,3,March,Q1,East,Pennsylvania,Coffee & Creamers,Nescafé CLASICO,Retail,Mass Market,10,9.49,94.9,14.24,80.67,22.21
ORD-101239,CUST-0444,08-03-2026,2026,3,March,Q1,South,Louisiana,Coffee & Creamers,Coffee mate,Online,Mass Market,100,7.49,749,59.92,689.08,191.42
ORD-103224,CUST-0576,08-03-2026,2026,3,March,Q1,West,Arizona,Coffee & Creamers,Nescafé,Wholesale,Health & Wellness,40,8.99,359.6,28.77,330.83,86.21
ORD-100187,CUST-0792,09-03-2026,2026,3,March,Q1,South,Louisiana,Frozen Pizza,DiGiorno,Online,Mass Market,15,7.99,119.85,11.99,107.86,27.84
ORD-100238,CUST-0743,09-03-2026,2026,3,March,Q1,West,Arizona,International Foods,El Mejor Nido,Online,Premium,25,8.49,212.25,16.98,195.27,54.27
ORD-103241,CUST-0253,09-03-2026,2026,3,March,Q1,East,Maryland,Frozen Pizza,DiGiorno,Supermarket,Family,15,7.99,119.85,2.4,117.45,33.15
ORD-104169,CUST-0455,09-03-2026,2026,3,March,Q1,East,New Jersey,International Foods,Maggi,Wholesale,Mass Market,15,4.29,64.35,5.15,59.2,13
ORD-100743,CUST-0167,10-03-2026,2026,3,March,Q1,Central,Ohio,Drinks,Nido,Supermarket,Premium,20,10.99,219.8,43.96,175.84,37.67
ORD-101212,CUST-0702,10-03-2026,2026,3,March,Q1,East,Maryland,Frozen Foods,Stouffer's,Wholesale,Premium,50,8.99,449.5,0,449.5,91.51
ORD-101505,CUST-0783,11-03-2026,2026,3,March,Q1,East,Pennsylvania,Frozen Pizza,DiGiorno,Online,Premium,10,7.99,79.9,7.99,71.91,19.64
ORD-101797,CUST-0769,11-03-2026,2026,3,March,Q1,Central,Michigan,Frozen Foods,Stouffer's,Supermarket,Mass Market,15,8.99,134.85,6.74,128.11,31.8
ORD-100452,CUST-0299,12-03-2026,2026,3,March,Q1,Central,Wisconsin,International Foods,Abuelita,Wholesale,Mass Market,50,5.49,274.5,5.49,269.01,76.31
ORD-103628,CUST-0350,12-03-2026,2026,3,March,Q1,South,Texas,Drinks,Nido,Retail,Health & Wellness,25,10.99,274.75,41.21,233.54,53.37
ORD-104695,CUST-0440,12-03-2026,2026,3,March,Q1,East,New Jersey,Frozen Pizza,DiGiorno,Retail,Mass Market,30,7.99,239.7,4.79,234.91,52.35
ORD-100880,CUST-0110,13-03-2026,2026,3,March,Q1,West,California,Frozen Foods,Stouffer's,Supermarket,Family,30,8.99,269.7,5.39,264.31,67.16
ORD-103096,CUST-0556,13-03-2026,2026,3,March,Q1,Central,Illinois,International Foods,Abuelita,Supermarket,Health & Wellness,5,5.49,27.45,2.2,25.25,6.94
ORD-100198,CUST-0159,14-03-2026,2026,3,March,Q1,South,Tennessee,Frozen Pizza,DiGiorno,Retail,Premium,100,7.99,799,79.9,719.1,154.23
ORD-101131,CUST-0266,14-03-2026,2026,3,March,Q1,Central,Illinois,Baking,Nestlé Toll House,Online,Health & Wellness,25,4.99,124.75,6.24,118.51,37.68
ORD-101899,CUST-0022,14-03-2026,2026,3,March,Q1,East,Maryland,Coffee & Creamers,Coffee mate,Supermarket,Family,100,7.49,749,14.98,734.02,208.78
ORD-102884,CUST-0143,14-03-2026,2026,3,March,Q1,West,California,Drinks,Nesquik,Supermarket,Family,10,6.49,64.9,9.74,55.17,13.39
ORD-103014,CUST-0222,14-03-2026,2026,3,March,Q1,East,New Jersey,Baking,Carnation,Online,Mass Market,30,3.99,119.7,23.94,95.76,27
ORD-103046,CUST-0694,14-03-2026,2026,3,March,Q1,Central,Minnesota,Coffee & Creamers,Nescafé CLASICO,Supermarket,Health & Wellness,75,9.49,711.75,71.18,640.58,186.68
ORD-104289,CUST-0024,14-03-2026,2026,3,March,Q1,East,New Jersey,Frozen Pizza,DiGiorno,Supermarket,Premium,10,7.99,79.9,11.99,67.92,16.34
ORD-101116,CUST-0588,15-03-2026,2026,3,March,Q1,Central,Michigan,Frozen Pizza,DiGiorno,Supermarket,Mass Market,10,7.99,79.9,1.6,78.3,19.41
ORD-102048,CUST-0456,15-03-2026,2026,3,March,Q1,Central,Wisconsin,Frozen Pizza,Tombstone,Retail,Family,10,6.99,69.9,0,69.9,14.44
ORD-103163,CUST-0203,15-03-2026,2026,3,March,Q1,East,New Jersey,International Foods,Maggi,Convenience,Premium,10,4.29,42.9,0.86,42.04,11.61
ORD-101177,CUST-0764,16-03-2026,2026,3,March,Q1,South,Louisiana,Baking,Nestlé Toll House,Online,Mass Market,15,4.99,74.85,7.49,67.37,21.98
ORD-101207,CUST-0627,16-03-2026,2026,3,March,Q1,Central,Michigan,Baking,Carnation,Retail,Mass Market,20,3.99,79.8,6.38,73.42,23.96
ORD-101685,CUST-0519,16-03-2026,2026,3,March,Q1,West,Arizona,Coffee & Creamers,Nescafé CLASICO,Retail,Health & Wellness,20,9.49,189.8,28.47,161.33,38.96
ORD-102769,CUST-0060,16-03-2026,2026,3,March,Q1,East,New York,Coffee & Creamers,Coffee mate,Retail,Family,25,7.49,187.25,14.98,172.27,58.79
ORD-102895,CUST-0408,16-03-2026,2026,3,March,Q1,West,California,Coffee & Creamers,Coffee mate,Online,Family,20,7.49,149.8,11.98,137.82,50.02
ORD-103324,CUST-0399,16-03-2026,2026,3,March,Q1,Central,Wisconsin,Coffee & Creamers,Nescafé CLASICO,Retail,Mass Market,40,9.49,379.6,0,379.6,129.31
ORD-103538,CUST-0635,16-03-2026,2026,3,March,Q1,East,New Jersey,Coffee & Creamers,Nescafé CLASICO,Wholesale,Mass Market,50,9.49,474.5,23.72,450.78,112.74
ORD-101002,CUST-0017,17-03-2026,2026,3,March,Q1,Central,Illinois,Baking,Carnation,Wholesale,Premium,50,3.99,199.5,9.98,189.52,66.13
ORD-103455,CUST-0202,17-03-2026,2026,3,March,Q1,South,North Carolina,Baking,La Lechera,Online,Mass Market,30,4.49,134.7,6.74,127.97,43.07
ORD-103757,CUST-0541,17-03-2026,2026,3,March,Q1,West,Washington,Frozen Foods,Stouffer's,Online,Health & Wellness,25,8.99,224.75,0,224.75,52.52
ORD-104879,CUST-0588,17-03-2026,2026,3,March,Q1,East,Massachusetts,Coffee & Creamers,Nescafé CLASICO,Retail,Mass Market,10,9.49,94.9,0,94.9,28.71
ORD-102108,CUST-0050,18-03-2026,2026,3,March,Q1,South,Texas,Frozen Pizza,DiGiorno,Retail,Mass Market,5,7.99,39.95,7.99,31.96,8.88
ORD-103534,CUST-0517,18-03-2026,2026,3,March,Q1,East,Maryland,Frozen Pizza,Jack's Pizza,Supermarket,Family,30,5.99,179.7,3.59,176.11,39.26
ORD-104475,CUST-0743,18-03-2026,2026,3,March,Q1,Central,Illinois,Frozen Foods,Stouffer's,Online,Family,30,8.99,269.7,21.58,248.12,56.15
ORD-104577,CUST-0108,18-03-2026,2026,3,March,Q1,East,Pennsylvania,Coffee & Creamers,Coffee mate,Online,Premium,20,7.49,149.8,11.98,137.82,38.9
ORD-100043,CUST-0707,19-03-2026,2026,3,March,Q1,West,Oregon,International Foods,Maggi,Online,Family,25,4.29,107.25,10.73,96.52,26.09
ORD-100964,CUST-0292,19-03-2026,2026,3,March,Q1,East,Pennsylvania,Drinks,Milo,Online,Family,30,5.99,179.7,26.96,152.74,37.7
ORD-101533,CUST-0549,19-03-2026,2026,3,March,Q1,Central,Missouri,Frozen Pizza,Tombstone,Wholesale,Family,10,6.99,69.9,0,69.9,20.4
ORD-101779,CUST-0741,19-03-2026,2026,3,March,Q1,West,Colorado,International Foods,Maggi,Retail,Premium,30,4.29,128.7,19.3,109.4,28.77
ORD-104308,CUST-0410,19-03-2026,2026,3,March,Q1,Central,Michigan,International Foods,Maggi,Supermarket,Mass Market,100,4.29,429,8.58,420.42,113.77
ORD-104359,CUST-0785,19-03-2026,2026,3,March,Q1,Central,Wisconsin,Frozen Pizza,Tombstone,Supermarket,Mass Market,30,6.99,209.7,16.78,192.92,58.86
ORD-102003,CUST-0098,20-03-2026,2026,3,March,Q1,South,Louisiana,Frozen Foods,Lean Cuisine,Retail,Premium,15,6.49,97.35,0,97.35,17.5
ORD-102256,CUST-0163,20-03-2026,2026,3,March,Q1,Central,Wisconsin,Frozen Foods,Lean Cuisine,Retail,Family,10,6.49,64.9,5.19,59.71,10.44
ORD-103021,CUST-0262,20-03-2026,2026,3,March,Q1,East,New Jersey,Frozen Pizza,Tombstone,Retail,Mass Market,25,6.99,174.75,8.74,166.01,46.51
ORD-103702,CUST-0427,20-03-2026,2026,3,March,Q1,Central,Minnesota,Frozen Foods,Lean Cuisine,Online,Mass Market,25,6.49,162.25,0,162.25,39.03
ORD-104855,CUST-0625,20-03-2026,2026,3,March,Q1,Central,Illinois,International Foods,Maggi,Retail,Premium,30,4.29,128.7,12.87,115.83,31.31
ORD-101595,CUST-0758,21-03-2026,2026,3,March,Q1,Central,Wisconsin,Baking,Carnation,Retail,Family,75,3.99,299.25,29.92,269.32,70.35
ORD-101888,CUST-0680,21-03-2026,2026,3,March,Q1,West,Oregon,Baking,La Lechera,Retail,Mass Market,25,4.49,112.25,8.98,103.27,33.61
ORD-101497,CUST-0522,22-03-2026,2026,3,March,Q1,Central,Missouri,Drinks,Nido,Supermarket,Mass Market,75,10.99,824.25,82.43,741.82,212.56
ORD-101618,CUST-0571,22-03-2026,2026,3,March,Q1,Central,Missouri,Frozen Foods,Hot Pockets,Supermarket,Mass Market,15,5.99,89.85,7.19,82.66,20.63
ORD-101663,CUST-0465,22-03-2026,2026,3,March,Q1,South,Tennessee,Coffee & Creamers,Nescafé CLASICO,Retail,Health & Wellness,15,9.49,142.35,7.12,135.23,36.81
ORD-101721,CUST-0611,22-03-2026,2026,3,March,Q1,West,Colorado,Baking,Carnation,Supermarket,Health & Wellness,25,3.99,99.75,4.99,94.76,29.78
ORD-102481,CUST-0547,22-03-2026,2026,3,March,Q1,East,Massachusetts,Frozen Foods,Stouffer's,Retail,Family,20,8.99,179.8,17.98,161.82,27.66
ORD-100508,CUST-0004,23-03-2026,2026,3,March,Q1,South,Texas,Baking,La Lechera,Retail,Mass Market,5,4.49,22.45,0.45,22,5.92
ORD-103673,CUST-0547,23-03-2026,2026,3,March,Q1,Central,Michigan,Frozen Pizza,DiGiorno,Convenience,Mass Market,5,7.99,39.95,5.99,33.96,7.1
ORD-101301,CUST-0540,24-03-2026,2026,3,March,Q1,West,Arizona,Coffee & Creamers,Nescafé,Online,Health & Wellness,40,8.99,359.6,35.96,323.64,92.99
ORD-101690,CUST-0202,24-03-2026,2026,3,March,Q1,South,Louisiana,Frozen Foods,Stouffer's,Retail,Mass Market,20,8.99,179.8,0,179.8,40.56
ORD-103627,CUST-0716,24-03-2026,2026,3,March,Q1,West,Washington,International Foods,Maggi,Retail,Health & Wellness,25,4.29,107.25,2.14,105.1,33.21
ORD-104691,CUST-0014,24-03-2026,2026,3,March,Q1,East,Massachusetts,Coffee & Creamers,Nescafé CLASICO,Supermarket,Premium,5,9.49,47.45,7.12,40.33,10.73
ORD-100370,CUST-0378,25-03-2026,2026,3,March,Q1,West,Oregon,Frozen Pizza,DiGiorno,Retail,Mass Market,20,7.99,159.8,15.98,143.82,36.29
ORD-104185,CUST-0649,25-03-2026,2026,3,March,Q1,West,Oregon,Frozen Pizza,DiGiorno,Retail,Premium,10,7.99,79.9,7.99,71.91,18.8
ORD-104321,CUST-0117,25-03-2026,2026,3,March,Q1,Central,Wisconsin,Coffee & Creamers,Coffee mate,Retail,Premium,20,7.49,149.8,7.49,142.31,41.69
ORD-100332,CUST-0010,26-03-2026,2026,3,March,Q1,Central,Ohio,International Foods,Maggi,Wholesale,Premium,20,4.29,85.8,4.29,81.51,19.74
ORD-102384,CUST-0110,26-03-2026,2026,3,March,Q1,East,Pennsylvania,Frozen Pizza,Tombstone,Wholesale,Premium,25,6.99,174.75,17.48,157.28,29.36
ORD-102551,CUST-0049,26-03-2026,2026,3,March,Q1,East,New York,Baking,Nestlé Toll House,Online,Premium,20,4.99,99.8,4.99,94.81,32.47
ORD-102725,CUST-0711,26-03-2026,2026,3,March,Q1,East,Virginia,Frozen Pizza,Tombstone,Online,Premium,20,6.99,139.8,20.97,118.83,24.87
ORD-103482,CUST-0453,26-03-2026,2026,3,March,Q1,Central,Missouri,Frozen Foods,Hot Pockets,Supermarket,Mass Market,10,5.99,59.9,3,56.91,12.83
ORD-103661,CUST-0559,26-03-2026,2026,3,March,Q1,East,New York,Frozen Pizza,DiGiorno,Online,Mass Market,25,7.99,199.75,15.98,183.77,44.86
ORD-103876,CUST-0723,26-03-2026,2026,3,March,Q1,East,Maryland,Coffee & Creamers,Coffee mate,Retail,Family,40,7.49,299.6,14.98,284.62,72.53
ORD-104256,CUST-0065,26-03-2026,2026,3,March,Q1,Central,Minnesota,International Foods,Abuelita,Supermarket,Health & Wellness,30,5.49,164.7,13.18,151.52,41.08
ORD-100951,CUST-0761,27-03-2026,2026,3,March,Q1,Central,Ohio,Frozen Foods,Stouffer's,Wholesale,Family,5,8.99,44.95,0.9,44.05,9.37
ORD-101456,CUST-0142,27-03-2026,2026,3,March,Q1,South,North Carolina,Frozen Pizza,DiGiorno,Wholesale,Mass Market,30,7.99,239.7,23.97,215.73,40.23
ORD-101817,CUST-0544,27-03-2026,2026,3,March,Q1,East,Massachusetts,Frozen Pizza,Jack's Pizza,Wholesale,Mass Market,20,5.99,119.8,0,119.8,24.55
ORD-103338,CUST-0360,27-03-2026,2026,3,March,Q1,Central,Minnesota,Frozen Foods,Lean Cuisine,Convenience,Family,5,6.49,32.45,3.25,29.2,6.71
ORD-104099,CUST-0041,27-03-2026,2026,3,March,Q1,West,Oregon,International Foods,Abuelita,Wholesale,Family,50,5.49,274.5,21.96,252.54,66.29
ORD-104831,CUST-0468,27-03-2026,2026,3,March,Q1,South,Georgia,Coffee & Creamers,Nescafé,Retail,Mass Market,25,8.99,224.75,4.5,220.26,70.23
ORD-100472,CUST-0223,28-03-2026,2026,3,March,Q1,South,Florida,International Foods,El Mejor Nido,Online,Premium,25,8.49,212.25,0,212.25,53.81
ORD-101932,CUST-0202,28-03-2026,2026,3,March,Q1,Central,Minnesota,Coffee & Creamers,Coffee mate,Retail,Premium,20,7.49,149.8,11.98,137.82,40.05
ORD-102645,CUST-0678,28-03-2026,2026,3,March,Q1,West,Oregon,International Foods,Abuelita,Convenience,Family,10,5.49,54.9,0,54.9,13.3
ORD-104884,CUST-0022,28-03-2026,2026,3,March,Q1,West,Washington,Frozen Foods,Stouffer's,Supermarket,Health & Wellness,10,8.99,89.9,7.19,82.71,18.01
ORD-100654,CUST-0096,29-03-2026,2026,3,March,Q1,Central,Illinois,Drinks,Nesquik,Supermarket,Mass Market,20,6.49,129.8,0,129.8,35.23
ORD-102186,CUST-0439,29-03-2026,2026,3,March,Q1,South,Tennessee,Baking,Nestlé Toll House,Wholesale,Health & Wellness,25,4.99,124.75,0,124.75,34.15
ORD-102241,CUST-0168,29-03-2026,2026,3,March,Q1,South,Louisiana,Drinks,Nesquik,Supermarket,Family,5,6.49,32.45,0,32.45,8.4
ORD-103352,CUST-0716,29-03-2026,2026,3,March,Q1,East,New York,Baking,La Lechera,Online,Mass Market,20,4.49,89.8,4.49,85.31,27.05
ORD-104009,CUST-0084,29-03-2026,2026,3,March,Q1,Central,Wisconsin,Baking,Carnation,Convenience,Premium,15,3.99,59.85,8.98,50.87,14.84
ORD-100860,CUST-0052,30-03-2026,2026,3,March,Q1,West,Washington,Baking,Carnation,Supermarket,Mass Market,15,3.99,59.85,4.79,55.06,15.37
ORD-104456,CUST-0528,30-03-2026,2026,3,March,Q1,West,Arizona,International Foods,Abuelita,Supermarket,Family,30,5.49,164.7,3.29,161.41,47.76
ORD-104598,CUST-0382,30-03-2026,2026,3,March,Q1,West,Oregon,Frozen Foods,Stouffer's,Supermarket,Family,5,8.99,44.95,3.6,41.35,10.84
ORD-104181,CUST-0068,31-03-2026,2026,3,March,Q1,East,Virginia,International Foods,Maggi,Retail,Premium,30,4.29,128.7,10.3,118.4,35.07
ORD-101040,CUST-0349,01-04-2026,2026,4,April,Q2,East,New York,Frozen Foods,Lean Cuisine,Supermarket,Premium,40,6.49,259.6,12.98,246.62,59.65
ORD-104467,CUST-0792,01-04-2026,2026,4,April,Q2,West,Oregon,Drinks,Milo,Convenience,Premium,10,5.99,59.9,3,56.91,13.4
ORD-100795,CUST-0605,02-04-2026,2026,4,April,Q2,West,Colorado,Frozen Foods,Lean Cuisine,Retail,Premium,5,6.49,32.45,1.62,30.83,5.72
ORD-100824,CUST-0712,02-04-2026,2026,4,April,Q2,East,New York,Frozen Foods,Hot Pockets,Wholesale,Mass Market,20,5.99,119.8,23.96,95.84,20.4
ORD-103162,CUST-0774,02-04-2026,2026,4,April,Q2,West,Washington,Drinks,Milo,Convenience,Health & Wellness,10,5.99,59.9,4.79,55.11,12.14
ORD-104981,CUST-0441,02-04-2026,2026,4,April,Q2,South,Florida,Frozen Pizza,Tombstone,Online,Premium,15,6.99,104.85,10.49,94.36,20.37
ORD-100167,CUST-0412,03-04-2026,2026,4,April,Q2,East,Pennsylvania,Frozen Foods,Hot Pockets,Online,Premium,40,5.99,239.6,23.96,215.64,56.68
ORD-102013,CUST-0066,03-04-2026,2026,4,April,Q2,South,North Carolina,Coffee & Creamers,Coffee mate,Wholesale,Premium,30,7.49,224.7,11.24,213.46,51.85
ORD-103092,CUST-0497,03-04-2026,2026,4,April,Q2,South,North Carolina,Frozen Pizza,DiGiorno,Supermarket,Premium,40,7.99,319.6,31.96,287.64,85.83
ORD-103256,CUST-0241,04-04-2026,2026,4,April,Q2,West,Arizona,Coffee & Creamers,Nescafé,Online,Premium,40,8.99,359.6,28.77,330.83,93.96
ORD-103853,CUST-0153,04-04-2026,2026,4,April,Q2,Central,Michigan,Coffee & Creamers,Coffee mate,Retail,Family,25,7.49,187.25,9.36,177.89,50.01
ORD-104651,CUST-0195,04-04-2026,2026,4,April,Q2,West,California,Coffee & Creamers,Nescafé,Supermarket,Health & Wellness,30,8.99,269.7,0,269.7,71.74
ORD-101003,CUST-0566,05-04-2026,2026,4,April,Q2,South,Louisiana,International Foods,El Mejor Nido,Retail,Health & Wellness,30,8.49,254.7,12.74,241.96,61.99
ORD-101616,CUST-0733,05-04-2026,2026,4,April,Q2,Central,Minnesota,Drinks,Milo,Online,Family,25,5.99,149.75,11.98,137.77,32.84
ORD-101697,CUST-0486,05-04-2026,2026,4,April,Q2,West,Washington,Coffee & Creamers,Coffee mate,Supermarket,Mass Market,15,7.49,112.35,8.99,103.36,29.07
ORD-102462,CUST-0561,05-04-2026,2026,4,April,Q2,South,Louisiana,Coffee & Creamers,Coffee mate,Online,Premium,50,7.49,374.5,18.73,355.78,95.96
ORD-103980,CUST-0204,05-04-2026,2026,4,April,Q2,East,Massachusetts,Drinks,Milo,Supermarket,Health & Wellness,15,5.99,89.85,4.49,85.36,18.72
ORD-104042,CUST-0295,06-04-2026,2026,4,April,Q2,East,Pennsylvania,Drinks,Milo,Convenience,Family,25,5.99,149.75,14.98,134.78,29.65
ORD-104985,CUST-0345,06-04-2026,2026,4,April,Q2,Central,Illinois,Drinks,Milo,Wholesale,Family,25,5.99,149.75,7.49,142.26,33.63
ORD-100633,CUST-0473,07-04-2026,2026,4,April,Q2,East,Massachusetts,Frozen Foods,Stouffer's,Wholesale,Premium,40,8.99,359.6,17.98,341.62,84.99
ORD-100779,CUST-0373,07-04-2026,2026,4,April,Q2,Central,Michigan,Frozen Foods,Hot Pockets,Retail,Mass Market,15,5.99,89.85,1.8,88.05,16.19
ORD-101946,CUST-0150,07-04-2026,2026,4,April,Q2,East,Maryland,Frozen Pizza,Jack's Pizza,Supermarket,Family,15,5.99,89.85,4.49,85.36,21.93
ORD-102232,CUST-0647,07-04-2026,2026,4,April,Q2,West,Washington,Frozen Pizza,Jack's Pizza,Retail,Mass Market,15,5.99,89.85,1.8,88.05,23.35
ORD-104675,CUST-0125,07-04-2026,2026,4,April,Q2,East,Virginia,Frozen Foods,Stouffer's,Wholesale,Mass Market,30,8.99,269.7,21.58,248.12,44.34
ORD-100614,CUST-0497,08-04-2026,2026,4,April,Q2,West,Oregon,Frozen Pizza,Jack's Pizza,Supermarket,Health & Wellness,5,5.99,29.95,3,26.96,6.63
ORD-102507,CUST-0136,08-04-2026,2026,4,April,Q2,South,North Carolina,Frozen Foods,Hot Pockets,Retail,Mass Market,25,5.99,149.75,11.98,137.77,35.16
ORD-104157,CUST-0775,08-04-2026,2026,4,April,Q2,Central,Wisconsin,Drinks,Nido,Wholesale,Family,40,10.99,439.6,65.94,373.66,75.83
ORD-104279,CUST-0724,08-04-2026,2026,4,April,Q2,West,Colorado,International Foods,Maggi,Supermarket,Health & Wellness,25,4.29,107.25,0,107.25,33.09
ORD-100604,CUST-0723,09-04-2026,2026,4,April,Q2,West,Washington,Coffee & Creamers,Coffee mate,Online,Family,30,7.49,224.7,4.49,220.21,60.66
ORD-100804,CUST-0182,09-04-2026,2026,4,April,Q2,Central,Wisconsin,Drinks,Milo,Online,Family,30,5.99,179.7,35.94,143.76,35.37
ORD-102560,CUST-0599,09-04-2026,2026,4,April,Q2,East,New York,International Foods,Maggi,Supermarket,Health & Wellness,20,4.29,85.8,4.29,81.51,25.09
ORD-102836,CUST-0519,09-04-2026,2026,4,April,Q2,South,Louisiana,Frozen Foods,Lean Cuisine,Retail,Mass Market,25,6.49,162.25,8.11,154.14,29.13
ORD-104718,CUST-0289,09-04-2026,2026,4,April,Q2,South,Florida,Drinks,Milo,Supermarket,Premium,5,5.99,29.95,0.6,29.35,7.96
ORD-100564,CUST-0577,10-04-2026,2026,4,April,Q2,West,Oregon,Baking,Nestlé Toll House,Retail,Health & Wellness,10,4.99,49.9,7.48,42.42,12.73
ORD-100722,CUST-0390,10-04-2026,2026,4,April,Q2,West,Washington,Frozen Foods,Lean Cuisine,Supermarket,Mass Market,15,6.49,97.35,14.6,82.75,20.5
ORD-102922,CUST-0116,10-04-2026,2026,4,April,Q2,Central,Illinois,Coffee & Creamers,Coffee mate,Online,Family,10,7.49,74.9,5.99,68.91,16.15
ORD-103332,CUST-0029,10-04-2026,2026,4,April,Q2,Central,Minnesota,Coffee & Creamers,Coffee mate,Retail,Mass Market,10,7.49,74.9,3.75,71.16,15.27
ORD-100981,CUST-0710,11-04-2026,2026,4,April,Q2,East,New York,Baking,Nestlé Toll House,Online,Mass Market,40,4.99,199.6,15.97,183.63,59.78
ORD-102147,CUST-0689,11-04-2026,2026,4,April,Q2,East,Maryland,International Foods,El Mejor Nido,Wholesale,Family,20,8.49,169.8,0,169.8,45.68
ORD-102877,CUST-0273,11-04-2026,2026,4,April,Q2,East,New Jersey,Frozen Pizza,DiGiorno,Wholesale,Family,40,7.99,319.6,15.98,303.62,80.94
ORD-100770,CUST-0414,12-04-2026,2026,4,April,Q2,South,Georgia,Baking,La Lechera,Retail,Premium,20,4.49,89.8,7.18,82.62,26.06
ORD-104422,CUST-0141,12-04-2026,2026,4,April,Q2,South,North Carolina,Drinks,Nesquik,Supermarket,Premium,20,6.49,129.8,2.6,127.2,28.51
ORD-104922,CUST-0136,12-04-2026,2026,4,April,Q2,Central,Wisconsin,Frozen Foods,Lean Cuisine,Convenience,Mass Market,15,6.49,97.35,4.87,92.48,16.13
ORD-101463,CUST-0626,13-04-2026,2026,4,April,Q2,West,California,Baking,Nestlé Toll House,Wholesale,Mass Market,50,4.99,249.5,0,249.5,64.92
ORD-101705,CUST-0137,13-04-2026,2026,4,April,Q2,East,Massachusetts,Frozen Pizza,Jack's Pizza,Convenience,Health & Wellness,10,5.99,59.9,8.99,50.92,12.72
ORD-103143,CUST-0483,13-04-2026,2026,4,April,Q2,Central,Missouri,Baking,Nestlé Toll House,Online,Mass Market,10,4.99,49.9,2.5,47.41,13.89
ORD-103943,CUST-0320,13-04-2026,2026,4,April,Q2,West,Oregon,Frozen Foods,Hot Pockets,Supermarket,Family,15,5.99,89.85,8.99,80.87,16.4
ORD-101335,CUST-0177,14-04-2026,2026,4,April,Q2,South,Texas,Baking,La Lechera,Wholesale,Premium,40,4.49,179.6,8.98,170.62,48.95
ORD-102405,CUST-0728,14-04-2026,2026,4,April,Q2,Central,Wisconsin,Coffee & Creamers,Nescafé,Wholesale,Premium,20,8.99,179.8,14.38,165.42,41.85
ORD-104561,CUST-0268,14-04-2026,2026,4,April,Q2,Central,Minnesota,Drinks,Milo,Supermarket,Family,10,5.99,59.9,3,56.91,14.59
ORD-100941,CUST-0210,15-04-2026,2026,4,April,Q2,East,Maryland,Frozen Foods,Stouffer's,Wholesale,Family,15,8.99,134.85,2.7,132.15,28.29
ORD-100961,CUST-0088,15-04-2026,2026,4,April,Q2,West,Arizona,Baking,Carnation,Supermarket,Health & Wellness,10,3.99,39.9,3.99,35.91,9.93
ORD-101782,CUST-0272,15-04-2026,2026,4,April,Q2,South,Florida,Drinks,Nesquik,Convenience,Mass Market,15,6.49,97.35,4.87,92.48,17.6
ORD-103317,CUST-0231,15-04-2026,2026,4,April,Q2,East,Virginia,Baking,Nestlé Toll House,Retail,Mass Market,5,4.99,24.95,2,22.95,7.61
ORD-100253,CUST-0140,16-04-2026,2026,4,April,Q2,South,Florida,Frozen Pizza,DiGiorno,Retail,Family,50,7.99,399.5,31.96,367.54,88.42
ORD-100574,CUST-0148,16-04-2026,2026,4,April,Q2,Central,Minnesota,Frozen Pizza,Tombstone,Supermarket,Family,20,6.99,139.8,11.18,128.62,28.39
ORD-103018,CUST-0171,16-04-2026,2026,4,April,Q2,East,Pennsylvania,Baking,Nestlé Toll House,Retail,Family,15,4.99,74.85,7.49,67.37,20.59
ORD-101272,CUST-0228,17-04-2026,2026,4,April,Q2,South,Georgia,Frozen Foods,Stouffer's,Online,Family,30,8.99,269.7,13.48,256.21,44.91
ORD-103632,CUST-0323,17-04-2026,2026,4,April,Q2,West,Oregon,Frozen Foods,Stouffer's,Retail,Family,30,8.99,269.7,21.58,248.12,48.23
ORD-104547,CUST-0726,17-04-2026,2026,4,April,Q2,West,Washington,International Foods,Maggi,Online,Mass Market,30,4.29,128.7,12.87,115.83,30.77
ORD-101369,CUST-0550,18-04-2026,2026,4,April,Q2,West,Arizona,Frozen Pizza,Jack's Pizza,Retail,Premium,30,5.99,179.7,8.99,170.72,37.04
ORD-101714,CUST-0658,18-04-2026,2026,4,April,Q2,East,New Jersey,Drinks,Nido,Convenience,Family,10,10.99,109.9,5.5,104.4,23.41
ORD-101969,CUST-0067,18-04-2026,2026,4,April,Q2,East,Massachusetts,Frozen Foods,Stouffer's,Wholesale,Mass Market,5,8.99,44.95,2.25,42.7,11.12
ORD-103915,CUST-0644,18-04-2026,2026,4,April,Q2,South,Georgia,Baking,La Lechera,Supermarket,Health & Wellness,20,4.49,89.8,8.98,80.82,22.09
ORD-100535,CUST-0663,19-04-2026,2026,4,April,Q2,South,Texas,Coffee & Creamers,Nescafé CLASICO,Online,Mass Market,20,9.49,189.8,15.18,174.62,41.55
ORD-103291,CUST-0690,19-04-2026,2026,4,April,Q2,West,California,Frozen Foods,Lean Cuisine,Online,Family,20,6.49,129.8,2.6,127.2,27.27
ORD-103551,CUST-0338,19-04-2026,2026,4,April,Q2,South,Florida,Frozen Foods,Stouffer's,Wholesale,Mass Market,40,8.99,359.6,28.77,330.83,79.57
ORD-103693,CUST-0138,19-04-2026,2026,4,April,Q2,South,Louisiana,Frozen Foods,Stouffer's,Supermarket,Mass Market,15,8.99,134.85,20.23,114.62,27.52
ORD-104421,CUST-0771,19-04-2026,2026,4,April,Q2,West,Oregon,Drinks,Milo,Supermarket,Family,10,5.99,59.9,3,56.91,15.42
ORD-104803,CUST-0652,19-04-2026,2026,4,April,Q2,South,Texas,Baking,Carnation,Supermarket,Premium,30,3.99,119.7,5.98,113.72,32.22
ORD-100173,CUST-0056,20-04-2026,2026,4,April,Q2,East,Maryland,Baking,Nestlé Toll House,Retail,Family,75,4.99,374.25,0,374.25,116.63
ORD-102540,CUST-0106,20-04-2026,2026,4,April,Q2,South,Texas,Baking,Nestlé Toll House,Convenience,Health & Wellness,20,4.99,99.8,0,99.8,30.82
ORD-103909,CUST-0664,20-04-2026,2026,4,April,Q2,Central,Missouri,Coffee & Creamers,Coffee mate,Wholesale,Family,15,7.49,112.35,2.25,110.1,28.62
ORD-100865,CUST-0369,21-04-2026,2026,4,April,Q2,East,New York,Drinks,Nido,Supermarket,Family,15,10.99,164.85,0,164.85,43.31
ORD-101361,CUST-0743,21-04-2026,2026,4,April,Q2,South,Georgia,Frozen Foods,Lean Cuisine,Wholesale,Family,30,6.49,194.7,0,194.7,45.82
ORD-103342,CUST-0022,21-04-2026,2026,4,April,Q2,Central,Wisconsin,Coffee & Creamers,Coffee mate,Online,Mass Market,30,7.49,224.7,11.24,213.46,60.39
ORD-104353,CUST-0050,21-04-2026,2026,4,April,Q2,East,Pennsylvania,International Foods,El Mejor Nido,Convenience,Health & Wellness,5,8.49,42.45,6.37,36.08,11.16
ORD-104969,CUST-0050,21-04-2026,2026,4,April,Q2,South,Louisiana,Drinks,Milo,Supermarket,Mass Market,50,5.99,299.5,14.98,284.52,70.51
ORD-104890,CUST-0398,22-04-2026,2026,4,April,Q2,Central,Michigan,Frozen Foods,Lean Cuisine,Supermarket,Family,20,6.49,129.8,12.98,116.82,27.16
ORD-101994,CUST-0158,23-04-2026,2026,4,April,Q2,West,Colorado,Frozen Foods,Stouffer's,Wholesale,Family,15,8.99,134.85,13.48,121.36,29.55
ORD-102949,CUST-0341,23-04-2026,2026,4,April,Q2,East,Massachusetts,Frozen Foods,Hot Pockets,Supermarket,Family,25,5.99,149.75,0,149.75,33.59
ORD-103883,CUST-0561,23-04-2026,2026,4,April,Q2,South,Texas,Drinks,Nesquik,Convenience,Premium,20,6.49,129.8,10.38,119.42,25.07
ORD-100734,CUST-0340,24-04-2026,2026,4,April,Q2,Central,Wisconsin,Coffee & Creamers,Nescafé CLASICO,Retail,Family,10,9.49,94.9,0,94.9,28.43
ORD-101051,CUST-0651,24-04-2026,2026,4,April,Q2,South,Florida,Frozen Foods,Lean Cuisine,Supermarket,Mass Market,15,6.49,97.35,7.79,89.56,17.7
ORD-102838,CUST-0747,24-04-2026,2026,4,April,Q2,West,California,Coffee & Creamers,Coffee mate,Convenience,Mass Market,100,7.49,749,74.9,674.1,228.37
ORD-102298,CUST-0784,25-04-2026,2026,4,April,Q2,West,Arizona,Frozen Foods,Stouffer's,Convenience,Premium,15,8.99,134.85,6.74,128.11,31.17
ORD-102493,CUST-0742,25-04-2026,2026,4,April,Q2,South,Florida,Baking,Nestlé Toll House,Online,Mass Market,50,4.99,249.5,0,249.5,67.96
ORD-103066,CUST-0665,25-04-2026,2026,4,April,Q2,West,Colorado,Frozen Foods,Hot Pockets,Supermarket,Family,15,5.99,89.85,7.19,82.66,17.92
ORD-104025,CUST-0021,25-04-2026,2026,4,April,Q2,Central,Illinois,Frozen Pizza,Jack's Pizza,Supermarket,Premium,30,5.99,179.7,0,179.7,43.82
ORD-104552,CUST-0541,25-04-2026,2026,4,April,Q2,West,Washington,Baking,Nestlé Toll House,Wholesale,Health & Wellness,50,4.99,249.5,12.48,237.02,68
ORD-100084,CUST-0209,26-04-2026,2026,4,April,Q2,West,Arizona,Frozen Foods,Stouffer's,Retail,Mass Market,40,8.99,359.6,0,359.6,71.77
ORD-100512,CUST-0508,27-04-2026,2026,4,April,Q2,East,Maryland,Frozen Pizza,Tombstone,Online,Family,100,6.99,699,13.98,685.02,158.7
ORD-100659,CUST-0554,27-04-2026,2026,4,April,Q2,Central,Illinois,International Foods,El Mejor Nido,Wholesale,Family,100,8.49,849,67.92,781.08,190.11
ORD-100546,CUST-0104,28-04-2026,2026,4,April,Q2,East,New Jersey,Frozen Pizza,Tombstone,Wholesale,Family,25,6.99,174.75,13.98,160.77,39.11
ORD-101519,CUST-0242,28-04-2026,2026,4,April,Q2,West,Arizona,Drinks,Nido,Supermarket,Family,25,10.99,274.75,0,274.75,74.9
ORD-101975,CUST-0375,28-04-2026,2026,4,April,Q2,East,New Jersey,Frozen Foods,Hot Pockets,Online,Premium,30,5.99,179.7,0,179.7,30.43
ORD-102088,CUST-0004,28-04-2026,2026,4,April,Q2,Central,Missouri,International Foods,Abuelita,Retail,Premium,10,5.49,54.9,1.1,53.8,12.58
ORD-104348,CUST-0514,28-04-2026,2026,4,April,Q2,Central,Ohio,Drinks,Nido,Online,Health & Wellness,20,10.99,219.8,10.99,208.81,50.66
ORD-104681,CUST-0449,28-04-2026,2026,4,April,Q2,East,New Jersey,International Foods,El Mejor Nido,Supermarket,Health & Wellness,15,8.49,127.35,25.47,101.88,23.09
ORD-104920,CUST-0470,28-04-2026,2026,4,April,Q2,East,Virginia,Baking,Carnation,Convenience,Mass Market,30,3.99,119.7,2.39,117.31,39.32
ORD-100560,CUST-0453,29-04-2026,2026,4,April,Q2,Central,Michigan,Drinks,Nido,Convenience,Premium,30,10.99,329.7,32.97,296.73,61.48
ORD-101151,CUST-0235,29-04-2026,2026,4,April,Q2,Central,Michigan,Drinks,Nesquik,Retail,Family,15,6.49,97.35,4.87,92.48,24.38
ORD-101250,CUST-0077,29-04-2026,2026,4,April,Q2,Central,Wisconsin,Frozen Foods,Lean Cuisine,Retail,Mass Market,15,6.49,97.35,7.79,89.56,21.16
ORD-102027,CUST-0786,29-04-2026,2026,4,April,Q2,Central,Minnesota,Baking,Nestlé Toll House,Retail,Health & Wellness,25,4.99,124.75,24.95,99.8,26.44
ORD-101165,CUST-0511,30-04-2026,2026,4,April,Q2,West,Colorado,Frozen Pizza,DiGiorno,Retail,Mass Market,40,7.99,319.6,15.98,303.62,83.56
ORD-101748,CUST-0247,30-04-2026,2026,4,April,Q2,West,Nevada,Frozen Foods,Hot Pockets,Retail,Premium,25,5.99,149.75,0,149.75,33.42
ORD-102458,CUST-0481,30-04-2026,2026,4,April,Q2,Central,Michigan,Frozen Pizza,DiGiorno,Wholesale,Mass Market,20,7.99,159.8,7.99,151.81,36.85
ORD-102502,CUST-0095,30-04-2026,2026,4,April,Q2,South,North Carolina,Frozen Foods,Hot Pockets,Supermarket,Mass Market,75,5.99,449.25,44.92,404.32,85.43
ORD-100074,CUST-0351,01-05-2026,2026,5,May,Q2,South,Georgia,Frozen Pizza,Jack's Pizza,Online,Premium,40,5.99,239.6,4.79,234.81,55.19
ORD-102681,CUST-0448,01-05-2026,2026,5,May,Q2,West,Washington,International Foods,Abuelita,Retail,Mass Market,25,5.49,137.25,6.86,130.39,34.55
ORD-104186,CUST-0736,01-05-2026,2026,5,May,Q2,Central,Missouri,Drinks,Milo,Retail,Family,25,5.99,149.75,14.98,134.78,28.47
ORD-102981,CUST-0679,02-05-2026,2026,5,May,Q2,East,Pennsylvania,Coffee & Creamers,Coffee mate,Wholesale,Family,25,7.49,187.25,18.73,168.52,50.95
ORD-100607,CUST-0786,03-05-2026,2026,5,May,Q2,West,Colorado,Coffee & Creamers,Coffee mate,Supermarket,Family,40,7.49,299.6,59.92,239.68,69.04
ORD-102862,CUST-0296,03-05-2026,2026,5,May,Q2,East,Massachusetts,Baking,Nestlé Toll House,Supermarket,Premium,25,4.99,124.75,9.98,114.77,36.01
ORD-103002,CUST-0475,03-05-2026,2026,5,May,Q2,South,Texas,International Foods,Abuelita,Wholesale,Mass Market,25,5.49,137.25,2.74,134.5,41.9
ORD-102583,CUST-0325,04-05-2026,2026,5,May,Q2,East,Virginia,Drinks,Nesquik,Supermarket,Health & Wellness,10,6.49,64.9,1.3,63.6,15.94
ORD-100629,CUST-0385,05-05-2026,2026,5,May,Q2,West,Nevada,Frozen Foods,Stouffer's,Retail,Premium,25,8.99,224.75,0,224.75,48.06
ORD-102526,CUST-0285,05-05-2026,2026,5,May,Q2,East,Massachusetts,Baking,Carnation,Retail,Premium,75,3.99,299.25,29.92,269.32,78.05
ORD-102701,CUST-0463,05-05-2026,2026,5,May,Q2,Central,Minnesota,Frozen Foods,Hot Pockets,Online,Mass Market,100,5.99,599,0,599,131.92
ORD-100429,CUST-0143,06-05-2026,2026,5,May,Q2,East,Pennsylvania,Drinks,Nesquik,Retail,Mass Market,40,6.49,259.6,12.98,246.62,58.99
ORD-101442,CUST-0184,06-05-2026,2026,5,May,Q2,West,California,Frozen Foods,Stouffer's,Supermarket,Mass Market,15,8.99,134.85,10.79,124.06,24.09
ORD-101521,CUST-0016,06-05-2026,2026,5,May,Q2,West,California,Frozen Pizza,Tombstone,Retail,Mass Market,40,6.99,279.6,0,279.6,62.57
ORD-103287,CUST-0703,06-05-2026,2026,5,May,Q2,East,Maryland,Coffee & Creamers,Nescafé,Online,Premium,5,8.99,44.95,2.25,42.7,14.88
ORD-103797,CUST-0262,06-05-2026,2026,5,May,Q2,Central,Minnesota,Drinks,Milo,Online,Premium,15,5.99,89.85,8.99,80.87,20.59
ORD-101189,CUST-0566,07-05-2026,2026,5,May,Q2,East,Pennsylvania,Frozen Foods,Hot Pockets,Supermarket,Mass Market,20,5.99,119.8,5.99,113.81,23.11
ORD-103013,CUST-0530,07-05-2026,2026,5,May,Q2,East,New York,Frozen Pizza,Tombstone,Convenience,Mass Market,20,6.99,139.8,13.98,125.82,30.96
ORD-100812,CUST-0647,08-05-2026,2026,5,May,Q2,South,North Carolina,Drinks,Nesquik,Online,Mass Market,15,6.49,97.35,1.95,95.4,26.14
ORD-101256,CUST-0426,08-05-2026,2026,5,May,Q2,East,Massachusetts,Baking,Nestlé Toll House,Convenience,Mass Market,15,4.99,74.85,1.5,73.35,21.06
ORD-101958,CUST-0185,08-05-2026,2026,5,May,Q2,East,New Jersey,Frozen Pizza,Tombstone,Online,Premium,15,6.99,104.85,5.24,99.61,20.78
ORD-101976,CUST-0068,08-05-2026,2026,5,May,Q2,South,North Carolina,Frozen Pizza,Tombstone,Convenience,Mass Market,10,6.99,69.9,3.5,66.4,15.33
ORD-102281,CUST-0752,08-05-2026,2026,5,May,Q2,West,Arizona,Frozen Pizza,DiGiorno,Retail,Premium,30,7.99,239.7,23.97,215.73,58.81
ORD-100431,CUST-0142,09-05-2026,2026,5,May,Q2,West,Oregon,Coffee & Creamers,Coffee mate,Wholesale,Family,10,7.49,74.9,3.75,71.16,19.85
ORD-100617,CUST-0692,09-05-2026,2026,5,May,Q2,West,Nevada,Frozen Pizza,Jack's Pizza,Supermarket,Family,30,5.99,179.7,14.38,165.32,40.32
ORD-101227,CUST-0070,09-05-2026,2026,5,May,Q2,East,New York,Baking,Carnation,Supermarket,Premium,30,3.99,119.7,2.39,117.31,35.8
ORD-101270,CUST-0073,09-05-2026,2026,5,May,Q2,East,New Jersey,International Foods,Maggi,Convenience,Mass Market,50,4.29,214.5,4.29,210.21,59.98
ORD-104334,CUST-0034,09-05-2026,2026,5,May,Q2,Central,Ohio,Frozen Foods,Hot Pockets,Online,Family,50,5.99,299.5,14.98,284.52,62.54
ORD-100088,CUST-0690,10-05-2026,2026,5,May,Q2,Central,Ohio,Baking,La Lechera,Retail,Health & Wellness,5,4.49,22.45,2.25,20.21,5.54
ORD-104419,CUST-0744,10-05-2026,2026,5,May,Q2,East,Massachusetts,Frozen Foods,Stouffer's,Supermarket,Family,25,8.99,224.75,33.71,191.04,35.62
ORD-100460,CUST-0450,11-05-2026,2026,5,May,Q2,West,Arizona,Drinks,Nido,Supermarket,Premium,25,10.99,274.75,21.98,252.77,63.26
ORD-101508,CUST-0497,11-05-2026,2026,5,May,Q2,Central,Missouri,Baking,La Lechera,Supermarket,Health & Wellness,10,4.49,44.9,3.59,41.31,12.72
ORD-103707,CUST-0571,11-05-2026,2026,5,May,Q2,Central,Minnesota,Drinks,Nido,Convenience,Premium,5,10.99,54.95,4.4,50.55,11.86
ORD-104525,CUST-0772,11-05-2026,2026,5,May,Q2,South,Texas,Drinks,Nesquik,Convenience,Mass Market,30,6.49,194.7,19.47,175.23,41.96
ORD-104898,CUST-0434,11-05-2026,2026,5,May,Q2,East,New Jersey,Frozen Pizza,DiGiorno,Retail,Mass Market,30,7.99,239.7,35.96,203.74,44.14
ORD-101504,CUST-0220,12-05-2026,2026,5,May,Q2,East,Virginia,Frozen Foods,Hot Pockets,Wholesale,Health & Wellness,15,5.99,89.85,0,89.85,17.1
ORD-103804,CUST-0281,12-05-2026,2026,5,May,Q2,South,North Carolina,Baking,La Lechera,Retail,Mass Market,15,4.49,67.35,0,67.35,19.71
ORD-104029,CUST-0253,12-05-2026,2026,5,May,Q2,Central,Wisconsin,Drinks,Nesquik,Wholesale,Mass Market,30,6.49,194.7,15.58,179.12,37.18
ORD-101050,CUST-0690,13-05-2026,2026,5,May,Q2,West,Nevada,Coffee & Creamers,Nescafé,Convenience,Mass Market,30,8.99,269.7,21.58,248.12,73.6
ORD-103511,CUST-0490,13-05-2026,2026,5,May,Q2,East,Pennsylvania,International Foods,Maggi,Supermarket,Mass Market,10,4.29,42.9,2.14,40.75,10.57
ORD-104210,CUST-0612,13-05-2026,2026,5,May,Q2,West,Washington,Coffee & Creamers,Coffee mate,Wholesale,Health & Wellness,15,7.49,112.35,16.85,95.5,27.23
ORD-104276,CUST-0245,13-05-2026,2026,5,May,Q2,Central,Minnesota,Coffee & Creamers,Nescafé,Retail,Mass Market,25,8.99,224.75,0,224.75,79.33
ORD-104294,CUST-0587,13-05-2026,2026,5,May,Q2,South,Tennessee,Coffee & Creamers,Nescafé CLASICO,Wholesale,Family,40,9.49,379.6,7.59,372.01,108.39
ORD-104685,CUST-0747,13-05-2026,2026,5,May,Q2,South,Tennessee,International Foods,Abuelita,Retail,Mass Market,25,5.49,137.25,13.73,123.52,31.53
ORD-103277,CUST-0089,14-05-2026,2026,5,May,Q2,South,Florida,Coffee & Creamers,Coffee mate,Supermarket,Mass Market,10,7.49,74.9,3.75,71.16,23.18
ORD-103582,CUST-0012,14-05-2026,2026,5,May,Q2,South,Louisiana,International Foods,El Mejor Nido,Convenience,Family,30,8.49,254.7,12.74,241.96,66.17
ORD-101046,CUST-0423,15-05-2026,2026,5,May,Q2,Central,Wisconsin,Drinks,Nesquik,Online,Premium,40,6.49,259.6,5.19,254.41,67.22
ORD-104838,CUST-0784,15-05-2026,2026,5,May,Q2,East,New Jersey,Coffee & Creamers,Coffee mate,Supermarket,Health & Wellness,20,7.49,149.8,0,149.8,40.67
ORD-102887,CUST-0421,16-05-2026,2026,5,May,Q2,East,Massachusetts,Frozen Foods,Lean Cuisine,Online,Health & Wellness,50,6.49,324.5,0,324.5,73.47
ORD-103615,CUST-0734,16-05-2026,2026,5,May,Q2,East,Virginia,Baking,Carnation,Wholesale,Mass Market,10,3.99,39.9,3.99,35.91,11.79
ORD-104852,CUST-0284,16-05-2026,2026,5,May,Q2,East,Massachusetts,International Foods,Maggi,Supermarket,Mass Market,5,4.29,21.45,0,21.45,5.59
ORD-102355,CUST-0009,17-05-2026,2026,5,May,Q2,Central,Missouri,Coffee & Creamers,Nescafé CLASICO,Online,Premium,5,9.49,47.45,7.12,40.33,11.11
ORD-100965,CUST-0549,18-05-2026,2026,5,May,Q2,East,New York,Frozen Foods,Stouffer's,Supermarket,Family,15,8.99,134.85,6.74,128.11,29.14
ORD-101780,CUST-0316,18-05-2026,2026,5,May,Q2,South,Florida,Frozen Pizza,DiGiorno,Retail,Family,50,7.99,399.5,0,399.5,107.25
ORD-102489,CUST-0455,18-05-2026,2026,5,May,Q2,Central,Michigan,Frozen Foods,Lean Cuisine,Convenience,Health & Wellness,20,6.49,129.8,6.49,123.31,24.18
ORD-100662,CUST-0393,19-05-2026,2026,5,May,Q2,South,Florida,Frozen Foods,Stouffer's,Wholesale,Family,10,8.99,89.9,13.49,76.42,17.38
ORD-100121,CUST-0286,20-05-2026,2026,5,May,Q2,South,Texas,Frozen Foods,Stouffer's,Retail,Mass Market,75,8.99,674.25,0,674.25,160.68
ORD-100844,CUST-0696,20-05-2026,2026,5,May,Q2,South,Texas,Drinks,Milo,Online,Premium,25,5.99,149.75,22.46,127.29,29.85
ORD-101253,CUST-0075,20-05-2026,2026,5,May,Q2,West,Arizona,Coffee & Creamers,Nescafé CLASICO,Online,Premium,20,9.49,189.8,37.96,151.84,40.82
ORD-101900,CUST-0162,20-05-2026,2026,5,May,Q2,South,Georgia,International Foods,El Mejor Nido,Wholesale,Mass Market,10,8.49,84.9,4.24,80.66,23.48
ORD-103949,CUST-0180,20-05-2026,2026,5,May,Q2,West,California,Frozen Foods,Hot Pockets,Supermarket,Family,15,5.99,89.85,4.49,85.36,20.27
ORD-104734,CUST-0321,20-05-2026,2026,5,May,Q2,South,Louisiana,Coffee & Creamers,Nescafé,Convenience,Mass Market,40,8.99,359.6,7.19,352.41,89.55
ORD-101089,CUST-0626,21-05-2026,2026,5,May,Q2,South,Texas,Baking,Nestlé Toll House,Supermarket,Family,5,4.99,24.95,4.99,19.96,5.8
ORD-103344,CUST-0573,21-05-2026,2026,5,May,Q2,West,Arizona,International Foods,Abuelita,Convenience,Mass Market,25,5.49,137.25,20.59,116.66,26.82
ORD-103375,CUST-0062,21-05-2026,2026,5,May,Q2,South,North Carolina,Drinks,Nido,Retail,Family,25,10.99,274.75,21.98,252.77,54.54
ORD-104053,CUST-0620,21-05-2026,2026,5,May,Q2,South,North Carolina,Coffee & Creamers,Coffee mate,Retail,Family,25,7.49,187.25,28.09,159.16,45.32
ORD-100350,CUST-0722,22-05-2026,2026,5,May,Q2,Central,Ohio,Frozen Pizza,Tombstone,Online,Family,30,6.99,209.7,4.19,205.51,57.01
ORD-101013,CUST-0165,22-05-2026,2026,5,May,Q2,South,Georgia,Coffee & Creamers,Coffee mate,Supermarket,Mass Market,10,7.49,74.9,3.75,71.16,21
ORD-102242,CUST-0059,22-05-2026,2026,5,May,Q2,West,Nevada,Drinks,Nesquik,Convenience,Mass Market,30,6.49,194.7,0,194.7,46.47
ORD-102918,CUST-0715,22-05-2026,2026,5,May,Q2,South,Florida,Frozen Pizza,Tombstone,Retail,Mass Market,20,6.99,139.8,0,139.8,36.31
ORD-103951,CUST-0355,22-05-2026,2026,5,May,Q2,West,Oregon,Coffee & Creamers,Coffee mate,Retail,Premium,20,7.49,149.8,7.49,142.31,35.62
ORD-103833,CUST-0219,23-05-2026,2026,5,May,Q2,South,Florida,Coffee & Creamers,Coffee mate,Supermarket,Mass Market,25,7.49,187.25,0,187.25,51.07
ORD-104158,CUST-0136,23-05-2026,2026,5,May,Q2,South,Florida,Frozen Foods,Hot Pockets,Retail,Premium,20,5.99,119.8,5.99,113.81,21.03
ORD-101500,CUST-0389,24-05-2026,2026,5,May,Q2,South,Florida,Drinks,Nido,Retail,Mass Market,50,10.99,549.5,0,549.5,129.83
ORD-101585,CUST-0045,24-05-2026,2026,5,May,Q2,South,Florida,Drinks,Nesquik,Retail,Mass Market,40,6.49,259.6,0,259.6,51.93
ORD-102799,CUST-0789,24-05-2026,2026,5,May,Q2,South,Tennessee,International Foods,Maggi,Retail,Health & Wellness,5,4.29,21.45,2.14,19.3,5.84
ORD-103747,CUST-0152,24-05-2026,2026,5,May,Q2,Central,Missouri,Coffee & Creamers,Nescafé CLASICO,Wholesale,Premium,15,9.49,142.35,7.12,135.23,37.4
ORD-104350,CUST-0673,24-05-2026,2026,5,May,Q2,Central,Wisconsin,Baking,La Lechera,Retail,Mass Market,20,4.49,89.8,4.49,85.31,22.16
ORD-103029,CUST-0099,25-05-2026,2026,5,May,Q2,Central,Illinois,International Foods,Abuelita,Online,Premium,100,5.49,549,43.92,505.08,148.7
ORD-104163,CUST-0735,25-05-2026,2026,5,May,Q2,Central,Minnesota,Coffee & Creamers,Nescafé CLASICO,Online,Family,30,9.49,284.7,56.94,227.76,57.1
ORD-101014,CUST-0019,26-05-2026,2026,5,May,Q2,West,Colorado,International Foods,Abuelita,Convenience,Mass Market,20,5.49,109.8,8.78,101.02,23.16
ORD-101866,CUST-0659,26-05-2026,2026,5,May,Q2,South,Texas,Coffee & Creamers,Coffee mate,Retail,Premium,75,7.49,561.75,84.26,477.49,122.89
ORD-104341,CUST-0034,26-05-2026,2026,5,May,Q2,East,Pennsylvania,Frozen Foods,Lean Cuisine,Online,Family,50,6.49,324.5,16.23,308.27,64.08
ORD-101391,CUST-0732,27-05-2026,2026,5,May,Q2,West,Colorado,Frozen Pizza,Tombstone,Supermarket,Mass Market,25,6.99,174.75,3.5,171.26,44.65
ORD-101404,CUST-0706,27-05-2026,2026,5,May,Q2,Central,Missouri,Frozen Pizza,Tombstone,Online,Mass Market,15,6.99,104.85,0,104.85,24.82
ORD-101706,CUST-0278,27-05-2026,2026,5,May,Q2,West,Washington,Frozen Pizza,Tombstone,Retail,Health & Wellness,40,6.99,279.6,5.59,274.01,70.43
ORD-102817,CUST-0788,27-05-2026,2026,5,May,Q2,East,Maryland,Coffee & Creamers,Nescafé CLASICO,Supermarket,Mass Market,15,9.49,142.35,0,142.35,38.13
ORD-100011,CUST-0330,28-05-2026,2026,5,May,Q2,West,Nevada,Coffee & Creamers,Nescafé CLASICO,Retail,Health & Wellness,15,9.49,142.35,0,142.35,36.91
ORD-100260,CUST-0727,28-05-2026,2026,5,May,Q2,West,Colorado,Baking,Carnation,Wholesale,Health & Wellness,40,3.99,159.6,15.96,143.64,40.2
ORD-103310,CUST-0329,28-05-2026,2026,5,May,Q2,East,Virginia,Coffee & Creamers,Nescafé,Online,Premium,20,8.99,179.8,3.6,176.2,46.25
ORD-103773,CUST-0361,28-05-2026,2026,5,May,Q2,East,Pennsylvania,Coffee & Creamers,Nescafé CLASICO,Supermarket,Mass Market,25,9.49,237.25,11.86,225.39,70.84
ORD-104987,CUST-0688,28-05-2026,2026,5,May,Q2,Central,Ohio,Frozen Pizza,DiGiorno,Convenience,Mass Market,40,7.99,319.6,25.57,294.03,81.18
ORD-100459,CUST-0127,29-05-2026,2026,5,May,Q2,West,California,Frozen Pizza,DiGiorno,Online,Premium,75,7.99,599.25,89.89,509.36,122.04
ORD-100649,CUST-0541,29-05-2026,2026,5,May,Q2,South,Tennessee,Frozen Foods,Hot Pockets,Online,Premium,25,5.99,149.75,7.49,142.26,23.98
ORD-101667,CUST-0081,29-05-2026,2026,5,May,Q2,West,Arizona,Drinks,Nido,Retail,Family,10,10.99,109.9,8.79,101.11,21.66
ORD-103390,CUST-0482,29-05-2026,2026,5,May,Q2,Central,Ohio,Baking,Nestlé Toll House,Retail,Family,20,4.99,99.8,14.97,84.83,27.59
ORD-103439,CUST-0729,29-05-2026,2026,5,May,Q2,South,Texas,Drinks,Nesquik,Supermarket,Family,10,6.49,64.9,5.19,59.71,16.67
ORD-101641,CUST-0317,30-05-2026,2026,5,May,Q2,Central,Michigan,Baking,Carnation,Retail,Family,20,3.99,79.8,1.6,78.2,24.1
ORD-101810,CUST-0778,30-05-2026,2026,5,May,Q2,West,California,Frozen Pizza,DiGiorno,Wholesale,Family,10,7.99,79.9,6.39,73.51,16.75
ORD-102218,CUST-0491,30-05-2026,2026,5,May,Q2,East,New York,Drinks,Milo,Wholesale,Family,25,5.99,149.75,14.98,134.78,36.3
ORD-104048,CUST-0726,30-05-2026,2026,5,May,Q2,Central,Wisconsin,Drinks,Nido,Online,Family,20,10.99,219.8,0,219.8,52.57
ORD-104446,CUST-0452,30-05-2026,2026,5,May,Q2,South,Florida,Frozen Foods,Stouffer's,Online,Family,5,8.99,44.95,2.25,42.7,9.03
ORD-104832,CUST-0194,30-05-2026,2026,5,May,Q2,Central,Minnesota,International Foods,El Mejor Nido,Supermarket,Premium,15,8.49,127.35,0,127.35,36.1
ORD-102158,CUST-0009,31-05-2026,2026,5,May,Q2,East,Maryland,Drinks,Milo,Supermarket,Family,25,5.99,149.75,11.98,137.77,29.71
ORD-103247,CUST-0328,31-05-2026,2026,5,May,Q2,East,New Jersey,Baking,Carnation,Online,Premium,20,3.99,79.8,7.98,71.82,20.06
ORD-104607,CUST-0090,31-05-2026,2026,5,May,Q2,South,Georgia,Frozen Foods,Stouffer's,Convenience,Mass Market,5,8.99,44.95,2.25,42.7,11.13
ORD-104703,CUST-0792,31-05-2026,2026,5,May,Q2,Central,Minnesota,Frozen Pizza,DiGiorno,Supermarket,Mass Market,40,7.99,319.6,31.96,287.64,65.16
ORD-102323,CUST-0635,02-06-2026,2026,6,June,Q2,Central,Illinois,Frozen Foods,Stouffer's,Online,Mass Market,40,8.99,359.6,53.94,305.66,77.38
ORD-102486,CUST-0193,02-06-2026,2026,6,June,Q2,South,North Carolina,Frozen Pizza,Tombstone,Supermarket,Health & Wellness,15,6.99,104.85,8.39,96.46,24.08
ORD-102612,CUST-0780,02-06-2026,2026,6,June,Q2,West,Oregon,Coffee & Creamers,Nescafé CLASICO,Online,Family,15,9.49,142.35,11.39,130.96,37.05
ORD-103566,CUST-0210,02-06-2026,2026,6,June,Q2,Central,Illinois,Coffee & Creamers,Coffee mate,Retail,Health & Wellness,15,7.49,112.35,16.85,95.5,28.49
ORD-103594,CUST-0084,02-06-2026,2026,6,June,Q2,Central,Michigan,Baking,La Lechera,Convenience,Mass Market,10,4.49,44.9,2.25,42.66,13.44
ORD-103854,CUST-0486,02-06-2026,2026,6,June,Q2,South,North Carolina,Coffee & Creamers,Coffee mate,Wholesale,Mass Market,25,7.49,187.25,37.45,149.8,41.85
ORD-101735,CUST-0156,03-06-2026,2026,6,June,Q2,West,Washington,Coffee & Creamers,Coffee mate,Supermarket,Mass Market,20,7.49,149.8,11.98,137.82,37.13
ORD-103619,CUST-0240,03-06-2026,2026,6,June,Q2,South,Texas,Baking,Nestlé Toll House,Supermarket,Mass Market,10,4.99,49.9,3.99,45.91,14.69
ORD-104111,CUST-0184,03-06-2026,2026,6,June,Q2,Central,Ohio,International Foods,Abuelita,Online,Premium,40,5.49,219.6,0,219.6,70.94
ORD-100246,CUST-0287,04-06-2026,2026,6,June,Q2,South,Louisiana,Coffee & Creamers,Coffee mate,Supermarket,Mass Market,15,7.49,112.35,5.62,106.73,25.22
ORD-102239,CUST-0708,04-06-2026,2026,6,June,Q2,West,Colorado,International Foods,El Mejor Nido,Supermarket,Family,25,8.49,212.25,10.61,201.64,57.98
ORD-103082,CUST-0574,04-06-2026,2026,6,June,Q2,South,Texas,Drinks,Nesquik,Online,Health & Wellness,15,6.49,97.35,9.74,87.62,20.23
ORD-103425,CUST-0220,04-06-2026,2026,6,June,Q2,South,Texas,Frozen Foods,Lean Cuisine,Supermarket,Family,50,6.49,324.5,0,324.5,82
ORD-104846,CUST-0596,04-06-2026,2026,6,June,Q2,East,Massachusetts,Frozen Foods,Lean Cuisine,Retail,Mass Market,15,6.49,97.35,0,97.35,21.58
ORD-100381,CUST-0319,05-06-2026,2026,6,June,Q2,West,Nevada,Baking,Carnation,Supermarket,Health & Wellness,30,3.99,119.7,5.98,113.72,38.65
ORD-100845,CUST-0046,05-06-2026,2026,6,June,Q2,West,Nevada,Frozen Pizza,Tombstone,Online,Family,25,6.99,174.75,0,174.75,44.06
ORD-102919,CUST-0227,05-06-2026,2026,6,June,Q2,East,New Jersey,Drinks,Nesquik,Supermarket,Mass Market,15,6.49,97.35,4.87,92.48,24.67
ORD-103934,CUST-0190,05-06-2026,2026,6,June,Q2,West,California,Frozen Foods,Hot Pockets,Wholesale,Mass Market,20,5.99,119.8,0,119.8,20.1
ORD-100239,CUST-0548,06-06-2026,2026,6,June,Q2,Central,Michigan,International Foods,Maggi,Online,Mass Market,10,4.29,42.9,3.43,39.47,10.44
ORD-101674,CUST-0135,06-06-2026,2026,6,June,Q2,South,Tennessee,Baking,Carnation,Convenience,Mass Market,15,3.99,59.85,1.2,58.65,16.01
ORD-103320,CUST-0781,06-06-2026,2026,6,June,Q2,South,Texas,Frozen Pizza,Tombstone,Supermarket,Family,25,6.99,174.75,17.48,157.28,32.63
ORD-103937,CUST-0587,06-06-2026,2026,6,June,Q2,East,Massachusetts,International Foods,Maggi,Retail,Mass Market,50,4.29,214.5,10.73,203.78,56.43
ORD-104339,CUST-0266,06-06-2026,2026,6,June,Q2,East,New Jersey,Coffee & Creamers,Coffee mate,Supermarket,Premium,100,7.49,749,0,749,218.05
ORD-100103,CUST-0077,07-06-2026,2026,6,June,Q2,East,New Jersey,Frozen Foods,Hot Pockets,Retail,Family,40,5.99,239.6,0,239.6,54.36
ORD-101643,CUST-0085,07-06-2026,2026,6,June,Q2,Central,Wisconsin,Coffee & Creamers,Nescafé CLASICO,Online,Mass Market,10,9.49,94.9,0,94.9,24.56
ORD-102007,CUST-0453,08-06-2026,2026,6,June,Q2,East,Virginia,Coffee & Creamers,Coffee mate,Supermarket,Family,75,7.49,561.75,56.18,505.58,154.9
ORD-103716,CUST-0202,08-06-2026,2026,6,June,Q2,East,Virginia,Coffee & Creamers,Nescafé,Convenience,Premium,25,8.99,224.75,33.71,191.04,56.79
ORD-104997,CUST-0141,08-06-2026,2026,6,June,Q2,West,California,International Foods,Maggi,Supermarket,Mass Market,15,4.29,64.35,5.15,59.2,16.91
ORD-101031,CUST-0060,09-06-2026,2026,6,June,Q2,West,Oregon,International Foods,Maggi,Convenience,Mass Market,5,4.29,21.45,0,21.45,5.11
ORD-100391,CUST-0308,10-06-2026,2026,6,June,Q2,South,Georgia,Coffee & Creamers,Nescafé,Online,Premium,15,8.99,134.85,6.74,128.11,34.71
ORD-100868,CUST-0665,10-06-2026,2026,6,June,Q2,West,Nevada,Coffee & Creamers,Coffee mate,Online,Premium,30,7.49,224.7,17.98,206.72,60.91
ORD-101230,CUST-0762,10-06-2026,2026,6,June,Q2,East,Pennsylvania,Frozen Pizza,DiGiorno,Online,Family,25,7.99,199.75,0,199.75,51.61
ORD-101933,CUST-0250,10-06-2026,2026,6,June,Q2,Central,Wisconsin,Baking,Carnation,Convenience,Premium,5,3.99,19.95,2,17.96,5.49
ORD-102128,CUST-0042,10-06-2026,2026,6,June,Q2,West,Washington,Drinks,Nesquik,Convenience,Mass Market,100,6.49,649,0,649,157.91
ORD-103120,CUST-0042,10-06-2026,2026,6,June,Q2,West,Nevada,Baking,La Lechera,Online,Mass Market,25,4.49,112.25,22.45,89.8,26.79
ORD-103308,CUST-0578,10-06-2026,2026,6,June,Q2,West,Colorado,International Foods,Maggi,Retail,Mass Market,5,4.29,21.45,0.43,21.02,6.13
ORD-100384,CUST-0729,11-06-2026,2026,6,June,Q2,South,Georgia,Drinks,Nesquik,Supermarket,Mass Market,5,6.49,32.45,0.65,31.8,7.8
ORD-100504,CUST-0017,11-06-2026,2026,6,June,Q2,South,Georgia,International Foods,El Mejor Nido,Wholesale,Family,30,8.49,254.7,12.74,241.96,80.43
ORD-100534,CUST-0767,11-06-2026,2026,6,June,Q2,Central,Minnesota,Baking,Nestlé Toll House,Supermarket,Mass Market,20,4.99,99.8,9.98,89.82,24.44
ORD-101278,CUST-0330,11-06-2026,2026,6,June,Q2,South,North Carolina,Coffee & Creamers,Coffee mate,Wholesale,Family,25,7.49,187.25,0,187.25,46.93
ORD-101286,CUST-0209,11-06-2026,2026,6,June,Q2,East,New Jersey,Frozen Foods,Stouffer's,Supermarket,Health & Wellness,100,8.99,899,71.92,827.08,156.41
ORD-102229,CUST-0055,12-06-2026,2026,6,June,Q2,East,Maryland,International Foods,Maggi,Online,Mass Market,50,4.29,214.5,21.45,193.05,56.11
ORD-100200,CUST-0381,13-06-2026,2026,6,June,Q2,South,Georgia,Frozen Pizza,DiGiorno,Retail,Premium,15,7.99,119.85,9.59,110.26,23.8
ORD-101602,CUST-0702,13-06-2026,2026,6,June,Q2,East,Maryland,Drinks,Nido,Retail,Mass Market,5,10.99,54.95,0,54.95,9.2
ORD-102831,CUST-0204,13-06-2026,2026,6,June,Q2,East,Pennsylvania,Frozen Foods,Stouffer's,Online,Mass Market,15,8.99,134.85,10.79,124.06,28.28
ORD-100598,CUST-0130,14-06-2026,2026,6,June,Q2,West,Nevada,Coffee & Creamers,Coffee mate,Supermarket,Premium,10,7.49,74.9,0,74.9,21.17
ORD-101763,CUST-0441,14-06-2026,2026,6,June,Q2,West,Washington,Drinks,Milo,Supermarket,Family,30,5.99,179.7,17.97,161.73,37.39
ORD-103040,CUST-0009,14-06-2026,2026,6,June,Q2,East,Massachusetts,Frozen Foods,Hot Pockets,Online,Family,30,5.99,179.7,3.59,176.11,37.73
ORD-104913,CUST-0433,14-06-2026,2026,6,June,Q2,Central,Wisconsin,Frozen Pizza,Jack's Pizza,Retail,Family,5,5.99,29.95,3,26.96,5.81
ORD-102464,CUST-0198,15-06-2026,2026,6,June,Q2,Central,Minnesota,Coffee & Creamers,Coffee mate,Retail,Premium,50,7.49,374.5,18.73,355.78,97.87
ORD-102660,CUST-0256,15-06-2026,2026,6,June,Q2,Central,Michigan,Coffee & Creamers,Nescafé,Supermarket,Premium,15,8.99,134.85,6.74,128.11,34.84
ORD-104976,CUST-0667,15-06-2026,2026,6,June,Q2,East,Massachusetts,Coffee & Creamers,Nescafé,Wholesale,Mass Market,50,8.99,449.5,44.95,404.55,98.67
ORD-102446,CUST-0370,16-06-2026,2026,6,June,Q2,East,New York,Frozen Foods,Stouffer's,Retail,Mass Market,75,8.99,674.25,53.94,620.31,153.96
ORD-102470,CUST-0618,16-06-2026,2026,6,June,Q2,Central,Minnesota,Frozen Foods,Lean Cuisine,Wholesale,Premium,40,6.49,259.6,51.92,207.68,47.75
ORD-103212,CUST-0464,16-06-2026,2026,6,June,Q2,Central,Wisconsin,Frozen Foods,Hot Pockets,Retail,Mass Market,30,5.99,179.7,17.97,161.73,34.13
ORD-104013,CUST-0351,16-06-2026,2026,6,June,Q2,Central,Minnesota,Coffee & Creamers,Coffee mate,Supermarket,Mass Market,5,7.49,37.45,3,34.45,9.5
ORD-104449,CUST-0438,16-06-2026,2026,6,June,Q2,East,New York,Frozen Pizza,Jack's Pizza,Retail,Family,25,5.99,149.75,11.98,137.77,36.46
ORD-100994,CUST-0482,17-06-2026,2026,6,June,Q2,Central,Minnesota,Baking,Nestlé Toll House,Retail,Premium,40,4.99,199.6,19.96,179.64,55.36
ORD-103904,CUST-0086,17-06-2026,2026,6,June,Q2,West,Nevada,Frozen Foods,Hot Pockets,Online,Family,15,5.99,89.85,7.19,82.66,15.39
ORD-104087,CUST-0124,17-06-2026,2026,6,June,Q2,West,Nevada,Baking,Nestlé Toll House,Retail,Premium,20,4.99,99.8,7.98,91.82,24.45
ORD-104619,CUST-0451,17-06-2026,2026,6,June,Q2,East,New York,Frozen Pizza,DiGiorno,Retail,Health & Wellness,10,7.99,79.9,6.39,73.51,17.96
ORD-100836,CUST-0284,19-06-2026,2026,6,June,Q2,East,New York,Baking,La Lechera,Supermarket,Family,15,4.49,67.35,3.37,63.98,19.09
ORD-101029,CUST-0574,19-06-2026,2026,6,June,Q2,East,Pennsylvania,Baking,Carnation,Wholesale,Family,15,3.99,59.85,0,59.85,21.3
ORD-101395,CUST-0785,19-06-2026,2026,6,June,Q2,East,New York,Frozen Foods,Stouffer's,Retail,Family,5,8.99,44.95,3.6,41.35,9.03
ORD-103182,CUST-0042,19-06-2026,2026,6,June,Q2,East,New York,Frozen Pizza,Jack's Pizza,Retail,Family,100,5.99,599,59.9,539.1,162.37
ORD-103274,CUST-0192,19-06-2026,2026,6,June,Q2,Central,Wisconsin,Drinks,Nesquik,Retail,Health & Wellness,20,6.49,129.8,0,129.8,31.75
ORD-103466,CUST-0777,19-06-2026,2026,6,June,Q2,Central,Ohio,Frozen Pizza,Jack's Pizza,Online,Health & Wellness,15,5.99,89.85,8.99,80.87,22.82
ORD-103578,CUST-0031,19-06-2026,2026,6,June,Q2,East,Maryland,International Foods,Maggi,Supermarket,Mass Market,15,4.29,64.35,9.65,54.7,15.2
ORD-104365,CUST-0410,19-06-2026,2026,6,June,Q2,West,Oregon,Frozen Foods,Stouffer's,Supermarket,Premium,10,8.99,89.9,4.5,85.4,20.3
ORD-101091,CUST-0178,20-06-2026,2026,6,June,Q2,South,North Carolina,Coffee & Creamers,Coffee mate,Wholesale,Family,10,7.49,74.9,7.49,67.41,21.47
ORD-104930,CUST-0021,20-06-2026,2026,6,June,Q2,South,Louisiana,Coffee & Creamers,Coffee mate,Retail,Family,10,7.49,74.9,5.99,68.91,20.58
ORD-100756,CUST-0682,21-06-2026,2026,6,June,Q2,South,Florida,International Foods,Maggi,Wholesale,Mass Market,15,4.29,64.35,12.87,51.48,14.14
ORD-101018,CUST-0420,21-06-2026,2026,6,June,Q2,Central,Illinois,Baking,Carnation,Retail,Mass Market,5,3.99,19.95,2.99,16.96,4.95
ORD-101777,CUST-0402,21-06-2026,2026,6,June,Q2,Central,Wisconsin,International Foods,Abuelita,Supermarket,Premium,20,5.49,109.8,2.2,107.6,24.65
ORD-102267,CUST-0503,21-06-2026,2026,6,June,Q2,Central,Wisconsin,Drinks,Nesquik,Online,Mass Market,25,6.49,162.25,0,162.25,41.4
ORD-101135,CUST-0237,22-06-2026,2026,6,June,Q2,Central,Minnesota,Drinks,Milo,Supermarket,Mass Market,20,5.99,119.8,2.4,117.4,28.48
ORD-102351,CUST-0619,22-06-2026,2026,6,June,Q2,Central,Ohio,Baking,La Lechera,Retail,Mass Market,5,4.49,22.45,2.25,20.21,6.43
ORD-104288,CUST-0189,22-06-2026,2026,6,June,Q2,Central,Missouri,International Foods,Maggi,Convenience,Family,40,4.29,171.6,8.58,163.02,43.77
ORD-102825,CUST-0073,23-06-2026,2026,6,June,Q2,East,Pennsylvania,Baking,La Lechera,Retail,Health & Wellness,10,4.49,44.9,3.59,41.31,11.84
ORD-103835,CUST-0139,23-06-2026,2026,6,June,Q2,East,Massachusetts,International Foods,El Mejor Nido,Convenience,Mass Market,10,8.49,84.9,4.24,80.66,23.52
ORD-104344,CUST-0279,23-06-2026,2026,6,June,Q2,South,North Carolina,Frozen Pizza,DiGiorno,Supermarket,Premium,20,7.99,159.8,23.97,135.83,35.91
ORD-104370,CUST-0523,23-06-2026,2026,6,June,Q2,West,Colorado,Drinks,Nido,Retail,Mass Market,30,10.99,329.7,6.59,323.11,76.13
ORD-104377,CUST-0520,23-06-2026,2026,6,June,Q2,East,Maryland,International Foods,Maggi,Retail,Mass Market,10,4.29,42.9,2.14,40.75,11.15
ORD-100529,CUST-0590,24-06-2026,2026,6,June,Q2,West,Oregon,International Foods,Maggi,Supermarket,Mass Market,5,4.29,21.45,0,21.45,6.2
ORD-100608,CUST-0387,24-06-2026,2026,6,June,Q2,East,Maryland,Frozen Pizza,Tombstone,Supermarket,Mass Market,50,6.99,349.5,52.42,297.08,74.19
ORD-103601,CUST-0249,24-06-2026,2026,6,June,Q2,West,Colorado,International Foods,Maggi,Wholesale,Premium,50,4.29,214.5,21.45,193.05,53.5
ORD-100251,CUST-0327,25-06-2026,2026,6,June,Q2,East,Virginia,Frozen Foods,Hot Pockets,Supermarket,Family,5,5.99,29.95,4.49,25.46,5.37
ORD-103531,CUST-0681,25-06-2026,2026,6,June,Q2,East,Pennsylvania,Baking,Nestlé Toll House,Retail,Premium,75,4.99,374.25,37.43,336.82,111.41
ORD-102042,CUST-0263,26-06-2026,2026,6,June,Q2,Central,Missouri,International Foods,Abuelita,Supermarket,Mass Market,50,5.49,274.5,5.49,269.01,68.92
ORD-102952,CUST-0180,26-06-2026,2026,6,June,Q2,Central,Minnesota,Frozen Foods,Stouffer's,Online,Mass Market,30,8.99,269.7,5.39,264.31,61.51
ORD-103816,CUST-0462,26-06-2026,2026,6,June,Q2,Central,Michigan,Frozen Foods,Hot Pockets,Online,Health & Wellness,25,5.99,149.75,7.49,142.26,29.1
ORD-100935,CUST-0092,27-06-2026,2026,6,June,Q2,West,Oregon,Drinks,Nesquik,Convenience,Mass Market,25,6.49,162.25,16.23,146.02,35.72
ORD-102115,CUST-0435,27-06-2026,2026,6,June,Q2,Central,Illinois,Coffee & Creamers,Nescafé CLASICO,Supermarket,Premium,30,9.49,284.7,28.47,256.23,76.4
ORD-102774,CUST-0757,27-06-2026,2026,6,June,Q2,East,Massachusetts,Coffee & Creamers,Coffee mate,Wholesale,Mass Market,100,7.49,749,37.45,711.55,216.88
ORD-100137,CUST-0667,28-06-2026,2026,6,June,Q2,East,Pennsylvania,Frozen Foods,Hot Pockets,Online,Premium,75,5.99,449.25,35.94,413.31,93.56
ORD-104469,CUST-0731,28-06-2026,2026,6,June,Q2,South,Tennessee,Coffee & Creamers,Nescafé CLASICO,Supermarket,Mass Market,30,9.49,284.7,14.24,270.46,84.74
ORD-102902,CUST-0459,29-06-2026,2026,6,June,Q2,South,Louisiana,International Foods,Abuelita,Online,Health & Wellness,15,5.49,82.35,12.35,70,17.7
ORD-103651,CUST-0079,29-06-2026,2026,6,June,Q2,South,North Carolina,Drinks,Nesquik,Retail,Premium,5,6.49,32.45,0.65,31.8,7.56
ORD-101287,CUST-0649,30-06-2026,2026,6,June,Q2,West,California,Frozen Pizza,DiGiorno,Online,Family,75,7.99,599.25,59.92,539.33,129.38
ORD-101424,CUST-0709,30-06-2026,2026,6,June,Q2,West,Arizona,Coffee & Creamers,Coffee mate,Wholesale,Mass Market,20,7.49,149.8,7.49,142.31,37.84
ORD-101565,CUST-0356,30-06-2026,2026,6,June,Q2,South,Florida,Frozen Foods,Hot Pockets,Retail,Premium,25,5.99,149.75,0,149.75,28.46
ORD-101572,CUST-0771,30-06-2026,2026,6,June,Q2,West,Arizona,Frozen Foods,Lean Cuisine,Supermarket,Mass Market,20,6.49,129.8,25.96,103.84,25.03
ORD-101760,CUST-0337,30-06-2026,2026,6,June,Q2,Central,Minnesota,Baking,Nestlé Toll House,Retail,Health & Wellness,20,4.99,99.8,4.99,94.81,31.5
ORD-102100,CUST-0741,30-06-2026,2026,6,June,Q2,East,Pennsylvania,International Foods,Abuelita,Online,Family,5,5.49,27.45,2.2,25.25,7.8
ORD-102683,CUST-0750,30-06-2026,2026,6,June,Q2,West,Colorado,Frozen Foods,Stouffer's,Supermarket,Family,15,8.99,134.85,6.74,128.11,23.96
ORD-102749,CUST-0620,30-06-2026,2026,6,June,Q2,South,Tennessee,Coffee & Creamers,Coffee mate,Supermarket,Mass Market,50,7.49,374.5,0,374.5,101.66
ORD-101393,CUST-0019,01-07-2026,2026,7,July,Q3,West,Washington,Baking,Carnation,Retail,Mass Market,75,3.99,299.25,5.98,293.26,93.43
ORD-101940,CUST-0371,01-07-2026,2026,7,July,Q3,West,Arizona,Frozen Foods,Hot Pockets,Convenience,Family,30,5.99,179.7,26.96,152.74,22.27
ORD-103555,CUST-0021,01-07-2026,2026,7,July,Q3,West,Nevada,Frozen Pizza,DiGiorno,Retail,Health & Wellness,75,7.99,599.25,89.89,509.36,147.67
ORD-102664,CUST-0550,02-07-2026,2026,7,July,Q3,Central,Ohio,Frozen Foods,Lean Cuisine,Supermarket,Mass Market,15,6.49,97.35,1.95,95.4,18.61
ORD-103710,CUST-0064,03-07-2026,2026,7,July,Q3,South,Georgia,International Foods,Maggi,Supermarket,Mass Market,50,4.29,214.5,0,214.5,57.1
ORD-100219,CUST-0410,04-07-2026,2026,7,July,Q3,Central,Ohio,Coffee & Creamers,Coffee mate,Convenience,Family,20,7.49,149.8,7.49,142.31,36.38
ORD-103081,CUST-0455,04-07-2026,2026,7,July,Q3,Central,Illinois,Baking,La Lechera,Supermarket,Family,25,4.49,112.25,0,112.25,37.54
ORD-104464,CUST-0558,04-07-2026,2026,7,July,Q3,West,California,Frozen Pizza,Tombstone,Convenience,Mass Market,15,6.99,104.85,5.24,99.61,26.24
ORD-100168,CUST-0592,05-07-2026,2026,7,July,Q3,West,Oregon,Baking,Carnation,Wholesale,Mass Market,40,3.99,159.6,15.96,143.64,39.29
ORD-102891,CUST-0465,05-07-2026,2026,7,July,Q3,East,Maryland,Baking,Carnation,Online,Health & Wellness,25,3.99,99.75,2,97.76,26.35
ORD-103574,CUST-0331,05-07-2026,2026,7,July,Q3,South,Tennessee,Frozen Foods,Hot Pockets,Retail,Family,15,5.99,89.85,8.99,80.87,18.02
ORD-104313,CUST-0701,05-07-2026,2026,7,July,Q3,West,Washington,Frozen Foods,Lean Cuisine,Supermarket,Mass Market,25,6.49,162.25,12.98,149.27,33.68
ORD-104756,CUST-0144,05-07-2026,2026,7,July,Q3,South,Florida,Baking,Nestlé Toll House,Retail,Family,10,4.99,49.9,2.5,47.41,13.54
ORD-100828,CUST-0348,07-07-2026,2026,7,July,Q3,East,Massachusetts,Frozen Foods,Hot Pockets,Online,Premium,10,5.99,59.9,3,56.91,14.58
ORD-104062,CUST-0110,07-07-2026,2026,7,July,Q3,West,Colorado,Frozen Foods,Stouffer's,Wholesale,Mass Market,50,8.99,449.5,35.96,413.54,96.29
ORD-105002,CUST-0456,07-07-2026,2026,7,July,Q3,East,New York,Frozen Foods,Hot Pockets,Retail,Mass Market,30,5.99,179.7,8.99,170.72,27.56
ORD-102163,CUST-0271,08-07-2026,2026,7,July,Q3,East,Virginia,Frozen Pizza,Jack's Pizza,Online,Family,10,5.99,59.9,1.2,58.7,14.63
ORD-100300,CUST-0737,09-07-2026,2026,7,July,Q3,West,Colorado,Frozen Pizza,DiGiorno,Wholesale,Family,5,7.99,39.95,0,39.95,7.69
ORD-102295,CUST-0724,09-07-2026,2026,7,July,Q3,West,Nevada,Coffee & Creamers,Coffee mate,Retail,Family,20,7.49,149.8,3,146.8,38.77
ORD-102875,CUST-0766,09-07-2026,2026,7,July,Q3,South,North Carolina,Coffee & Creamers,Nescafé,Supermarket,Health & Wellness,30,8.99,269.7,0,269.7,83.35
ORD-103529,CUST-0294,09-07-2026,2026,7,July,Q3,South,Tennessee,Frozen Foods,Lean Cuisine,Retail,Mass Market,25,6.49,162.25,16.23,146.02,32.24
ORD-101397,CUST-0043,10-07-2026,2026,7,July,Q3,East,Virginia,Frozen Foods,Hot Pockets,Online,Family,40,5.99,239.6,35.94,203.66,49.65
ORD-101529,CUST-0763,10-07-2026,2026,7,July,Q3,South,Florida,Coffee & Creamers,Coffee mate,Supermarket,Health & Wellness,10,7.49,74.9,7.49,67.41,20.09
ORD-100489,CUST-0181,11-07-2026,2026,7,July,Q3,South,Tennessee,Frozen Pizza,DiGiorno,Wholesale,Premium,75,7.99,599.25,11.98,587.26,158.9
ORD-103706,CUST-0476,11-07-2026,2026,7,July,Q3,South,Tennessee,Frozen Pizza,DiGiorno,Supermarket,Mass Market,75,7.99,599.25,11.98,587.26,135.53
ORD-104112,CUST-0322,11-07-2026,2026,7,July,Q3,East,Pennsylvania,International Foods,Abuelita,Retail,Family,15,5.49,82.35,4.12,78.23,21.89
ORD-101371,CUST-0376,12-07-2026,2026,7,July,Q3,South,North Carolina,Frozen Pizza,Jack's Pizza,Retail,Mass Market,10,5.99,59.9,4.79,55.11,15.01
ORD-102091,CUST-0362,12-07-2026,2026,7,July,Q3,South,Tennessee,Coffee & Creamers,Nescafé CLASICO,Supermarket,Mass Market,50,9.49,474.5,23.72,450.78,125.23
ORD-102618,CUST-0321,12-07-2026,2026,7,July,Q3,East,Pennsylvania,Coffee & Creamers,Nescafé,Retail,Mass Market,25,8.99,224.75,17.98,206.77,60.25
ORD-104828,CUST-0664,12-07-2026,2026,7,July,Q3,West,California,Coffee & Creamers,Coffee mate,Online,Mass Market,15,7.49,112.35,0,112.35,40.06
ORD-102145,CUST-0066,13-07-2026,2026,7,July,Q3,East,New Jersey,Drinks,Nido,Convenience,Mass Market,25,10.99,274.75,0,274.75,54.92
ORD-104219,CUST-0325,13-07-2026,2026,7,July,Q3,Central,Minnesota,International Foods,Maggi,Retail,Premium,15,4.29,64.35,3.22,61.13,16.54
ORD-100275,CUST-0224,14-07-2026,2026,7,July,Q3,East,Massachusetts,Frozen Foods,Stouffer's,Online,Mass Market,5,8.99,44.95,2.25,42.7,9.41
ORD-100599,CUST-0403,14-07-2026,2026,7,July,Q3,West,Washington,Coffee & Creamers,Coffee mate,Online,Mass Market,30,7.49,224.7,11.24,213.46,67.24
ORD-100732,CUST-0367,14-07-2026,2026,7,July,Q3,South,Texas,Frozen Foods,Stouffer's,Retail,Family,10,8.99,89.9,13.49,76.42,16.29
ORD-104518,CUST-0500,14-07-2026,2026,7,July,Q3,South,Tennessee,Baking,La Lechera,Online,Family,25,4.49,112.25,8.98,103.27,28.9
ORD-104559,CUST-0647,14-07-2026,2026,7,July,Q3,South,Florida,Drinks,Milo,Retail,Family,50,5.99,299.5,0,299.5,65.8
ORD-104878,CUST-0135,14-07-2026,2026,7,July,Q3,Central,Missouri,Frozen Pizza,Tombstone,Online,Mass Market,30,6.99,209.7,20.97,188.73,51.94
ORD-102750,CUST-0607,15-07-2026,2026,7,July,Q3,Central,Michigan,International Foods,Maggi,Convenience,Family,25,4.29,107.25,0,107.25,28.63
ORD-102865,CUST-0662,15-07-2026,2026,7,July,Q3,East,Maryland,International Foods,Abuelita,Online,Family,30,5.49,164.7,13.18,151.52,47.83
ORD-100921,CUST-0023,16-07-2026,2026,7,July,Q3,South,Tennessee,Coffee & Creamers,Nescafé,Retail,Premium,30,8.99,269.7,0,269.7,77.97
ORD-100295,CUST-0093,17-07-2026,2026,7,July,Q3,West,Oregon,Drinks,Milo,Supermarket,Health & Wellness,40,5.99,239.6,23.96,215.64,50.89
ORD-104921,CUST-0572,17-07-2026,2026,7,July,Q3,South,North Carolina,Baking,Carnation,Supermarket,Mass Market,15,3.99,59.85,0,59.85,17.2
ORD-100301,CUST-0482,18-07-2026,2026,7,July,Q3,West,Arizona,Frozen Pizza,Jack's Pizza,Online,Family,15,5.99,89.85,4.49,85.36,20.76
ORD-101231,CUST-0106,18-07-2026,2026,7,July,Q3,South,Georgia,Coffee & Creamers,Nescafé,Online,Family,25,8.99,224.75,0,224.75,59.56
ORD-101656,CUST-0397,18-07-2026,2026,7,July,Q3,South,Tennessee,Frozen Foods,Lean Cuisine,Supermarket,Mass Market,30,6.49,194.7,0,194.7,41.99
ORD-102557,CUST-0777,18-07-2026,2026,7,July,Q3,Central,Minnesota,Drinks,Nesquik,Convenience,Family,20,6.49,129.8,6.49,123.31,27.7
ORD-102946,CUST-0483,18-07-2026,2026,7,July,Q3,West,Nevada,Coffee & Creamers,Coffee mate,Retail,Mass Market,10,7.49,74.9,1.5,73.4,20.5
ORD-103011,CUST-0120,18-07-2026,2026,7,July,Q3,Central,Wisconsin,Coffee & Creamers,Nescafé,Supermarket,Mass Market,30,8.99,269.7,26.97,242.73,72.68
ORD-103929,CUST-0369,18-07-2026,2026,7,July,Q3,Central,Missouri,Coffee & Creamers,Nescafé CLASICO,Supermarket,Family,20,9.49,189.8,9.49,180.31,49.29
ORD-101635,CUST-0665,19-07-2026,2026,7,July,Q3,South,Georgia,Drinks,Nido,Retail,Mass Market,15,10.99,164.85,0,164.85,48.49
ORD-102585,CUST-0227,19-07-2026,2026,7,July,Q3,Central,Wisconsin,Baking,Carnation,Convenience,Health & Wellness,20,3.99,79.8,6.38,73.42,19.54
ORD-102216,CUST-0347,20-07-2026,2026,7,July,Q3,East,Virginia,Drinks,Milo,Supermarket,Family,20,5.99,119.8,9.58,110.22,28.73
ORD-102389,CUST-0766,20-07-2026,2026,7,July,Q3,Central,Minnesota,Baking,Nestlé Toll House,Retail,Health & Wellness,25,4.99,124.75,0,124.75,43.03
ORD-102961,CUST-0186,20-07-2026,2026,7,July,Q3,West,Oregon,International Foods,Abuelita,Convenience,Health & Wellness,15,5.49,82.35,8.24,74.12,18.19
ORD-104115,CUST-0535,20-07-2026,2026,7,July,Q3,Central,Ohio,Frozen Foods,Lean Cuisine,Wholesale,Family,30,6.49,194.7,19.47,175.23,38.09
ORD-104823,CUST-0421,20-07-2026,2026,7,July,Q3,East,Virginia,Frozen Pizza,Tombstone,Wholesale,Mass Market,100,6.99,699,0,699,166.33
ORD-100397,CUST-0696,21-07-2026,2026,7,July,Q3,South,North Carolina,Coffee & Creamers,Nescafé,Retail,Premium,10,8.99,89.9,7.19,82.71,26.13
ORD-100698,CUST-0015,21-07-2026,2026,7,July,Q3,Central,Michigan,Coffee & Creamers,Nescafé CLASICO,Supermarket,Mass Market,10,9.49,94.9,9.49,85.41,20.62
ORD-103782,CUST-0083,21-07-2026,2026,7,July,Q3,East,Maryland,Frozen Pizza,DiGiorno,Supermarket,Mass Market,25,7.99,199.75,19.98,179.78,52.21
ORD-101639,CUST-0487,22-07-2026,2026,7,July,Q3,South,North Carolina,International Foods,El Mejor Nido,Online,Mass Market,30,8.49,254.7,25.47,229.23,64.17
ORD-101887,CUST-0493,22-07-2026,2026,7,July,Q3,West,California,Drinks,Milo,Wholesale,Family,40,5.99,239.6,11.98,227.62,51.65
ORD-102427,CUST-0768,22-07-2026,2026,7,July,Q3,West,Oregon,Baking,Nestlé Toll House,Online,Family,40,4.99,199.6,0,199.6,53.22
ORD-100957,CUST-0158,23-07-2026,2026,7,July,Q3,East,Virginia,Coffee & Creamers,Nescafé,Online,Health & Wellness,40,8.99,359.6,28.77,330.83,82.33
ORD-102770,CUST-0122,23-07-2026,2026,7,July,Q3,Central,Michigan,Frozen Foods,Stouffer's,Supermarket,Health & Wellness,40,8.99,359.6,17.98,341.62,65.88
ORD-103553,CUST-0494,23-07-2026,2026,7,July,Q3,Central,Missouri,International Foods,Maggi,Supermarket,Mass Market,15,4.29,64.35,0,64.35,17.77
ORD-104988,CUST-0259,23-07-2026,2026,7,July,Q3,Central,Ohio,Frozen Foods,Lean Cuisine,Retail,Family,20,6.49,129.8,0,129.8,28.13
ORD-103215,CUST-0446,24-07-2026,2026,7,July,Q3,West,Oregon,Frozen Pizza,Jack's Pizza,Online,Premium,100,5.99,599,89.85,509.15,129.49
ORD-101638,CUST-0738,25-07-2026,2026,7,July,Q3,West,Washington,Drinks,Nesquik,Wholesale,Mass Market,40,6.49,259.6,5.19,254.41,65.42
ORD-103755,CUST-0180,25-07-2026,2026,7,July,Q3,East,Maryland,Coffee & Creamers,Nescafé CLASICO,Supermarket,Family,30,9.49,284.7,0,284.7,69.82
ORD-100139,CUST-0483,26-07-2026,2026,7,July,Q3,East,Virginia,Coffee & Creamers,Nescafé CLASICO,Wholesale,Mass Market,15,9.49,142.35,0,142.35,39.35
ORD-102050,CUST-0698,26-07-2026,2026,7,July,Q3,West,Arizona,Frozen Foods,Stouffer's,Convenience,Mass Market,30,8.99,269.7,13.48,256.21,47.98
ORD-104216,CUST-0259,26-07-2026,2026,7,July,Q3,South,Texas,Frozen Pizza,DiGiorno,Wholesale,Family,40,7.99,319.6,0,319.6,78.31
ORD-104476,CUST-0270,26-07-2026,2026,7,July,Q3,East,Virginia,Coffee & Creamers,Nescafé CLASICO,Retail,Mass Market,15,9.49,142.35,14.24,128.12,35.14
ORD-103559,CUST-0071,27-07-2026,2026,7,July,Q3,West,Arizona,Coffee & Creamers,Coffee mate,Wholesale,Health & Wellness,20,7.49,149.8,22.47,127.33,33.84
ORD-101883,CUST-0304,28-07-2026,2026,7,July,Q3,Central,Wisconsin,Frozen Foods,Lean Cuisine,Supermarket,Family,100,6.49,649,32.45,616.55,120.34
ORD-102361,CUST-0451,28-07-2026,2026,7,July,Q3,West,Arizona,Coffee & Creamers,Coffee mate,Convenience,Health & Wellness,20,7.49,149.8,14.98,134.82,39.24
ORD-101523,CUST-0086,29-07-2026,2026,7,July,Q3,East,Massachusetts,Coffee & Creamers,Nescafé,Wholesale,Family,40,8.99,359.6,35.96,323.64,86.24
ORD-102620,CUST-0256,29-07-2026,2026,7,July,Q3,East,Massachusetts,International Foods,El Mejor Nido,Retail,Family,10,8.49,84.9,0,84.9,21.73
ORD-102934,CUST-0688,29-07-2026,2026,7,July,Q3,Central,Minnesota,Frozen Foods,Lean Cuisine,Wholesale,Family,15,6.49,97.35,4.87,92.48,17.66
ORD-103453,CUST-0035,29-07-2026,2026,7,July,Q3,Central,Wisconsin,Coffee & Creamers,Coffee mate,Supermarket,Mass Market,50,7.49,374.5,29.96,344.54,94.63
ORD-102604,CUST-0677,30-07-2026,2026,7,July,Q3,East,Massachusetts,Frozen Foods,Hot Pockets,Supermarket,Mass Market,30,5.99,179.7,14.38,165.32,35.16
ORD-104287,CUST-0580,30-07-2026,2026,7,July,Q3,South,Florida,Baking,Nestlé Toll House,Supermarket,Mass Market,25,4.99,124.75,0,124.75,34.03
ORD-101701,CUST-0623,01-08-2026,2026,8,August,Q3,South,Tennessee,Drinks,Nesquik,Retail,Health & Wellness,5,6.49,32.45,1.62,30.83,7.99
ORD-102716,CUST-0244,01-08-2026,2026,8,August,Q3,East,Virginia,Baking,Nestlé Toll House,Supermarket,Family,100,4.99,499,74.85,424.15,132.22
ORD-103319,CUST-0363,01-08-2026,2026,8,August,Q3,South,Tennessee,Coffee & Creamers,Nescafé CLASICO,Supermarket,Premium,30,9.49,284.7,14.24,270.46,73.38
ORD-104604,CUST-0162,01-08-2026,2026,8,August,Q3,East,Massachusetts,Frozen Foods,Lean Cuisine,Supermarket,Mass Market,20,6.49,129.8,0,129.8,24.65
ORD-101826,CUST-0065,02-08-2026,2026,8,August,Q3,Central,Ohio,Baking,Nestlé Toll House,Retail,Family,75,4.99,374.25,37.43,336.82,111.01
ORD-102245,CUST-0302,02-08-2026,2026,8,August,Q3,South,Texas,Baking,La Lechera,Retail,Premium,30,4.49,134.7,20.21,114.5,38.47
ORD-102595,CUST-0537,02-08-2026,2026,8,August,Q3,West,Arizona,International Foods,El Mejor Nido,Retail,Premium,10,8.49,84.9,4.24,80.66,23.09
ORD-104182,CUST-0197,02-08-2026,2026,8,August,Q3,Central,Minnesota,Frozen Foods,Stouffer's,Retail,Health & Wellness,15,8.99,134.85,0,134.85,32.39
ORD-102233,CUST-0436,04-08-2026,2026,8,August,Q3,South,Texas,Drinks,Nesquik,Retail,Mass Market,50,6.49,324.5,0,324.5,80.82
ORD-103087,CUST-0501,04-08-2026,2026,8,August,Q3,East,Pennsylvania,International Foods,Abuelita,Retail,Health & Wellness,5,5.49,27.45,0,27.45,8.77
ORD-101095,CUST-0581,05-08-2026,2026,8,August,Q3,West,California,Baking,Carnation,Wholesale,Family,5,3.99,19.95,0,19.95,6.81
ORD-101757,CUST-0017,05-08-2026,2026,8,August,Q3,South,Texas,International Foods,Maggi,Online,Mass Market,75,4.29,321.75,32.18,289.58,74.71
ORD-102810,CUST-0553,05-08-2026,2026,8,August,Q3,Central,Ohio,Frozen Foods,Stouffer's,Online,Mass Market,40,8.99,359.6,7.19,352.41,66.12
ORD-102965,CUST-0711,05-08-2026,2026,8,August,Q3,South,North Carolina,Frozen Foods,Lean Cuisine,Convenience,Premium,100,6.49,649,32.45,616.55,130.69
ORD-101446,CUST-0247,06-08-2026,2026,8,August,Q3,West,Washington,Frozen Foods,Hot Pockets,Retail,Premium,75,5.99,449.25,67.39,381.86,91.43
ORD-101628,CUST-0658,06-08-2026,2026,8,August,Q3,Central,Ohio,Coffee & Creamers,Nescafé CLASICO,Wholesale,Premium,5,9.49,47.45,3.8,43.65,12.74
ORD-100701,CUST-0493,07-08-2026,2026,8,August,Q3,Central,Michigan,International Foods,Abuelita,Supermarket,Mass Market,15,5.49,82.35,12.35,70,18.79
ORD-102112,CUST-0733,07-08-2026,2026,8,August,Q3,West,Nevada,International Foods,El Mejor Nido,Wholesale,Family,40,8.49,339.6,27.17,312.43,78.52
ORD-103585,CUST-0257,07-08-2026,2026,8,August,Q3,East,Pennsylvania,Coffee & Creamers,Nescafé,Retail,Family,75,8.99,674.25,53.94,620.31,195.74
ORD-100958,CUST-0601,08-08-2026,2026,8,August,Q3,West,California,International Foods,Abuelita,Online,Mass Market,40,5.49,219.6,0,219.6,62.16
ORD-102107,CUST-0210,08-08-2026,2026,8,August,Q3,South,Georgia,Frozen Pizza,DiGiorno,Online,Family,15,7.99,119.85,23.97,95.88,22.55
ORD-104903,CUST-0555,08-08-2026,2026,8,August,Q3,West,Colorado,Baking,Nestlé Toll House,Online,Premium,15,4.99,74.85,5.99,68.86,20.82
ORD-100144,CUST-0102,09-08-2026,2026,8,August,Q3,East,New York,Drinks,Nesquik,Retail,Family,10,6.49,64.9,5.19,59.71,13.46
ORD-101844,CUST-0446,09-08-2026,2026,8,August,Q3,Central,Michigan,Baking,Nestlé Toll House,Retail,Family,5,4.99,24.95,3.74,21.21,5.81
ORD-102990,CUST-0394,09-08-2026,2026,8,August,Q3,South,Tennessee,Frozen Foods,Lean Cuisine,Supermarket,Health & Wellness,30,6.49,194.7,0,194.7,43.96
ORD-101836,CUST-0385,10-08-2026,2026,8,August,Q3,Central,Ohio,Frozen Foods,Hot Pockets,Wholesale,Mass Market,30,5.99,179.7,0,179.7,35.74
ORD-101853,CUST-0339,10-08-2026,2026,8,August,Q3,South,Georgia,Coffee & Creamers,Nescafé,Online,Family,40,8.99,359.6,0,359.6,84.76
ORD-104152,CUST-0350,10-08-2026,2026,8,August,Q3,West,California,International Foods,Maggi,Retail,Mass Market,10,4.29,42.9,3.43,39.47,10.96
ORD-104202,CUST-0407,10-08-2026,2026,8,August,Q3,West,Washington,Frozen Foods,Lean Cuisine,Supermarket,Mass Market,30,6.49,194.7,38.94,155.76,34.09
ORD-104459,CUST-0467,10-08-2026,2026,8,August,Q3,East,Pennsylvania,Frozen Pizza,Jack's Pizza,Online,Premium,10,5.99,59.9,5.99,53.91,14.15
ORD-100235,CUST-0369,11-08-2026,2026,8,August,Q3,West,California,International Foods,Maggi,Retail,Premium,5,4.29,21.45,1.07,20.38,4.83
ORD-100330,CUST-0325,11-08-2026,2026,8,August,Q3,West,Washington,International Foods,Abuelita,Online,Premium,10,5.49,54.9,1.1,53.8,14.57
ORD-100746,CUST-0485,11-08-2026,2026,8,August,Q3,South,Georgia,Drinks,Nido,Retail,Premium,10,10.99,109.9,0,109.9,27.42
ORD-100777,CUST-0664,11-08-2026,2026,8,August,Q3,West,Arizona,Frozen Foods,Hot Pockets,Online,Health & Wellness,15,5.99,89.85,8.99,80.87,19.88
ORD-101850,CUST-0368,11-08-2026,2026,8,August,Q3,Central,Wisconsin,Frozen Foods,Stouffer's,Supermarket,Mass Market,75,8.99,674.25,33.71,640.54,136.17
ORD-103522,CUST-0755,11-08-2026,2026,8,August,Q3,East,Pennsylvania,Baking,La Lechera,Wholesale,Family,50,4.49,224.5,11.23,213.28,68.02
ORD-104975,CUST-0593,11-08-2026,2026,8,August,Q3,West,Nevada,Frozen Pizza,Tombstone,Wholesale,Mass Market,30,6.99,209.7,16.78,192.92,46.6
ORD-101909,CUST-0254,12-08-2026,2026,8,August,Q3,East,New Jersey,Drinks,Nesquik,Supermarket,Mass Market,30,6.49,194.7,29.2,165.5,34.38
ORD-102051,CUST-0348,12-08-2026,2026,8,August,Q3,East,New Jersey,Frozen Pizza,Tombstone,Supermarket,Premium,30,6.99,209.7,10.49,199.22,54.53
ORD-104209,CUST-0079,12-08-2026,2026,8,August,Q3,West,Colorado,Frozen Foods,Lean Cuisine,Supermarket,Mass Market,25,6.49,162.25,8.11,154.14,38.55
ORD-104860,CUST-0170,12-08-2026,2026,8,August,Q3,South,Texas,Frozen Foods,Stouffer's,Convenience,Mass Market,20,8.99,179.8,8.99,170.81,38.35
ORD-100613,CUST-0442,13-08-2026,2026,8,August,Q3,Central,Wisconsin,International Foods,Abuelita,Supermarket,Mass Market,30,5.49,164.7,8.24,156.46,48.93
ORD-101223,CUST-0529,13-08-2026,2026,8,August,Q3,East,Virginia,Frozen Pizza,Jack's Pizza,Wholesale,Premium,25,5.99,149.75,0,149.75,40.63
ORD-103603,CUST-0324,13-08-2026,2026,8,August,Q3,West,Washington,Frozen Foods,Hot Pockets,Retail,Health & Wellness,20,5.99,119.8,17.97,101.83,22.84
ORD-100570,CUST-0633,14-08-2026,2026,8,August,Q3,East,Maryland,International Foods,Maggi,Retail,Mass Market,15,4.29,64.35,1.29,63.06,17.22
ORD-100679,CUST-0028,14-08-2026,2026,8,August,Q3,South,Louisiana,Baking,Nestlé Toll House,Online,Mass Market,75,4.99,374.25,0,374.25,111.71
ORD-101989,CUST-0499,14-08-2026,2026,8,August,Q3,East,Maryland,Coffee & Creamers,Coffee mate,Retail,Premium,20,7.49,149.8,11.98,137.82,34.22
ORD-100116,CUST-0474,15-08-2026,2026,8,August,Q3,South,Louisiana,Frozen Foods,Hot Pockets,Supermarket,Mass Market,15,5.99,89.85,8.99,80.87,21.44
ORD-100761,CUST-0748,15-08-2026,2026,8,August,Q3,West,Arizona,Frozen Pizza,Tombstone,Supermarket,Health & Wellness,15,6.99,104.85,5.24,99.61,25.3
ORD-101365,CUST-0231,15-08-2026,2026,8,August,Q3,Central,Missouri,Coffee & Creamers,Coffee mate,Retail,Premium,40,7.49,299.6,5.99,293.61,70.86
ORD-102211,CUST-0405,15-08-2026,2026,8,August,Q3,Central,Michigan,Frozen Pizza,Tombstone,Supermarket,Mass Market,15,6.99,104.85,2.1,102.75,25.77
ORD-103893,CUST-0398,15-08-2026,2026,8,August,Q3,Central,Wisconsin,Frozen Pizza,DiGiorno,Supermarket,Family,40,7.99,319.6,25.57,294.03,82.04
ORD-104378,CUST-0398,15-08-2026,2026,8,August,Q3,South,Texas,Frozen Pizza,DiGiorno,Wholesale,Mass Market,50,7.99,399.5,59.92,339.58,81.93
ORD-100171,CUST-0210,16-08-2026,2026,8,August,Q3,Central,Minnesota,Baking,Nestlé Toll House,Online,Mass Market,15,4.99,74.85,3.74,71.11,20.11
ORD-103240,CUST-0242,16-08-2026,2026,8,August,Q3,Central,Wisconsin,Baking,Carnation,Online,Health & Wellness,50,3.99,199.5,15.96,183.54,54.55
ORD-102297,CUST-0515,17-08-2026,2026,8,August,Q3,West,Nevada,Frozen Foods,Stouffer's,Retail,Health & Wellness,10,8.99,89.9,1.8,88.1,15.57
ORD-102454,CUST-0255,17-08-2026,2026,8,August,Q3,East,New Jersey,International Foods,El Mejor Nido,Convenience,Mass Market,20,8.49,169.8,8.49,161.31,46.84
ORD-103992,CUST-0164,17-08-2026,2026,8,August,Q3,West,Washington,Coffee & Creamers,Coffee mate,Online,Family,5,7.49,37.45,1.87,35.58,9.28
ORD-101832,CUST-0638,18-08-2026,2026,8,August,Q3,Central,Michigan,Coffee & Creamers,Nescafé,Online,Mass Market,10,8.99,89.9,0,89.9,23.95
ORD-102243,CUST-0481,18-08-2026,2026,8,August,Q3,Central,Minnesota,Frozen Foods,Stouffer's,Wholesale,Family,75,8.99,674.25,67.42,606.83,144.93
ORD-102728,CUST-0187,18-08-2026,2026,8,August,Q3,West,Oregon,Coffee & Creamers,Nescafé CLASICO,Online,Premium,40,9.49,379.6,7.59,372.01,124.15
ORD-103542,CUST-0770,18-08-2026,2026,8,August,Q3,South,Florida,Frozen Pizza,Tombstone,Wholesale,Family,15,6.99,104.85,5.24,99.61,27.23
ORD-100481,CUST-0469,19-08-2026,2026,8,August,Q3,Central,Ohio,Frozen Foods,Stouffer's,Online,Family,15,8.99,134.85,6.74,128.11,27.88
ORD-100674,CUST-0503,19-08-2026,2026,8,August,Q3,Central,Illinois,Coffee & Creamers,Nescafé,Supermarket,Mass Market,15,8.99,134.85,20.23,114.62,29.87
ORD-100696,CUST-0521,19-08-2026,2026,8,August,Q3,Central,Illinois,International Foods,Maggi,Retail,Mass Market,5,4.29,21.45,0,21.45,5.46
ORD-100888,CUST-0169,19-08-2026,2026,8,August,Q3,West,Arizona,Coffee & Creamers,Coffee mate,Online,Premium,25,7.49,187.25,0,187.25,51.57
ORD-101499,CUST-0246,19-08-2026,2026,8,August,Q3,East,Virginia,Baking,La Lechera,Online,Health & Wellness,10,4.49,44.9,8.98,35.92,11.97
ORD-104237,CUST-0685,19-08-2026,2026,8,August,Q3,West,Nevada,Frozen Pizza,Jack's Pizza,Convenience,Health & Wellness,75,5.99,449.25,22.46,426.79,87.97
ORD-100785,CUST-0122,20-08-2026,2026,8,August,Q3,West,California,Baking,Nestlé Toll House,Retail,Premium,75,4.99,374.25,18.71,355.54,106.9
ORD-101409,CUST-0407,20-08-2026,2026,8,August,Q3,Central,Missouri,Baking,Nestlé Toll House,Retail,Family,20,4.99,99.8,7.98,91.82,29.81
ORD-103500,CUST-0002,20-08-2026,2026,8,August,Q3,Central,Minnesota,International Foods,Maggi,Wholesale,Mass Market,10,4.29,42.9,4.29,38.61,10.96
ORD-102570,CUST-0119,21-08-2026,2026,8,August,Q3,South,Louisiana,Coffee & Creamers,Nescafé,Convenience,Premium,10,8.99,89.9,0,89.9,27.34
ORD-100879,CUST-0634,22-08-2026,2026,8,August,Q3,West,Arizona,Frozen Foods,Hot Pockets,Online,Premium,40,5.99,239.6,23.96,215.64,40.88
ORD-103862,CUST-0030,22-08-2026,2026,8,August,Q3,Central,Wisconsin,Frozen Pizza,DiGiorno,Online,Family,15,7.99,119.85,9.59,110.26,32.16
ORD-104896,CUST-0267,22-08-2026,2026,8,August,Q3,West,Nevada,Baking,Nestlé Toll House,Retail,Family,20,4.99,99.8,4.99,94.81,28.76
ORD-101825,CUST-0413,24-08-2026,2026,8,August,Q3,Central,Michigan,Coffee & Creamers,Nescafé,Retail,Family,75,8.99,674.25,13.48,660.76,192.4
ORD-102103,CUST-0058,24-08-2026,2026,8,August,Q3,West,California,International Foods,El Mejor Nido,Convenience,Family,40,8.49,339.6,67.92,271.68,86.46
ORD-104466,CUST-0115,24-08-2026,2026,8,August,Q3,East,New Jersey,Coffee & Creamers,Nescafé,Convenience,Mass Market,15,8.99,134.85,2.7,132.15,35.61
ORD-103558,CUST-0312,25-08-2026,2026,8,August,Q3,East,Massachusetts,International Foods,El Mejor Nido,Retail,Family,15,8.49,127.35,6.37,120.98,33.15
ORD-101232,CUST-0043,26-08-2026,2026,8,August,Q3,West,Washington,Coffee & Creamers,Coffee mate,Retail,Family,50,7.49,374.5,7.49,367.01,109.43
ORD-102558,CUST-0289,26-08-2026,2026,8,August,Q3,East,New Jersey,Baking,Carnation,Online,Health & Wellness,20,3.99,79.8,1.6,78.2,21.88
ORD-100060,CUST-0618,27-08-2026,2026,8,August,Q3,East,Massachusetts,Frozen Pizza,DiGiorno,Online,Family,40,7.99,319.6,25.57,294.03,73.84
ORD-101194,CUST-0755,27-08-2026,2026,8,August,Q3,Central,Ohio,Frozen Pizza,DiGiorno,Wholesale,Family,25,7.99,199.75,19.98,179.78,35.63
ORD-101568,CUST-0389,27-08-2026,2026,8,August,Q3,West,Oregon,Coffee & Creamers,Coffee mate,Wholesale,Mass Market,30,7.49,224.7,22.47,202.23,58.57
ORD-103830,CUST-0328,27-08-2026,2026,8,August,Q3,West,Washington,Coffee & Creamers,Coffee mate,Online,Premium,20,7.49,149.8,0,149.8,42.81
ORD-103842,CUST-0396,27-08-2026,2026,8,August,Q3,West,Oregon,Coffee & Creamers,Nescafé,Convenience,Family,10,8.99,89.9,0,89.9,24.05
ORD-101346,CUST-0297,28-08-2026,2026,8,August,Q3,East,Maryland,Frozen Foods,Stouffer's,Wholesale,Mass Market,10,8.99,89.9,0,89.9,15.9
ORD-101590,CUST-0363,28-08-2026,2026,8,August,Q3,Central,Wisconsin,Coffee & Creamers,Nescafé CLASICO,Supermarket,Health & Wellness,15,9.49,142.35,2.85,139.5,41.66
ORD-103139,CUST-0587,28-08-2026,2026,8,August,Q3,Central,Missouri,Coffee & Creamers,Coffee mate,Retail,Family,25,7.49,187.25,14.98,172.27,50.47
ORD-102968,CUST-0733,29-08-2026,2026,8,August,Q3,Central,Minnesota,Drinks,Milo,Convenience,Family,20,5.99,119.8,11.98,107.82,27.9
ORD-103242,CUST-0782,29-08-2026,2026,8,August,Q3,East,New York,Coffee & Creamers,Coffee mate,Retail,Mass Market,10,7.49,74.9,5.99,68.91,19.87
ORD-102177,CUST-0409,30-08-2026,2026,8,August,Q3,East,Maryland,Coffee & Creamers,Nescafé CLASICO,Convenience,Health & Wellness,30,9.49,284.7,0,284.7,76.36
ORD-102709,CUST-0009,30-08-2026,2026,8,August,Q3,West,Arizona,Baking,La Lechera,Supermarket,Mass Market,20,4.49,89.8,17.96,71.84,22.31
ORD-104052,CUST-0763,30-08-2026,2026,8,August,Q3,Central,Ohio,Baking,Nestlé Toll House,Retail,Family,25,4.99,124.75,6.24,118.51,34.95
ORD-100031,CUST-0212,31-08-2026,2026,8,August,Q3,Central,Illinois,Frozen Foods,Lean Cuisine,Supermarket,Health & Wellness,25,6.49,162.25,16.23,146.02,28.51
ORD-100053,CUST-0660,31-08-2026,2026,8,August,Q3,South,Florida,Baking,Carnation,Supermarket,Mass Market,40,3.99,159.6,7.98,151.62,46.04
ORD-102995,CUST-0571,31-08-2026,2026,8,August,Q3,West,Arizona,Baking,La Lechera,Convenience,Family,20,4.49,89.8,4.49,85.31,19.2
ORD-100721,CUST-0566,01-09-2026,2026,9,September,Q3,South,Tennessee,Baking,La Lechera,Online,Mass Market,10,4.49,44.9,6.74,38.17,11.86
ORD-101104,CUST-0438,01-09-2026,2026,9,September,Q3,South,Louisiana,Baking,Nestlé Toll House,Wholesale,Health & Wellness,15,4.99,74.85,3.74,71.11,22.31
ORD-102083,CUST-0054,01-09-2026,2026,9,September,Q3,East,Maryland,International Foods,El Mejor Nido,Retail,Premium,25,8.49,212.25,0,212.25,50.75
ORD-103509,CUST-0305,01-09-2026,2026,9,September,Q3,South,Tennessee,International Foods,El Mejor Nido,Online,Mass Market,10,8.49,84.9,6.79,78.11,19.56
ORD-102779,CUST-0451,02-09-2026,2026,9,September,Q3,East,Pennsylvania,Frozen Pizza,Jack's Pizza,Wholesale,Mass Market,15,5.99,89.85,1.8,88.05,21.94
ORD-104412,CUST-0412,02-09-2026,2026,9,September,Q3,West,Colorado,Frozen Foods,Stouffer's,Retail,Mass Market,30,8.99,269.7,0,269.7,54.56
ORD-100113,CUST-0156,03-09-2026,2026,9,September,Q3,South,Georgia,Frozen Foods,Lean Cuisine,Retail,Mass Market,50,6.49,324.5,25.96,298.54,75.95
ORD-101467,CUST-0392,03-09-2026,2026,9,September,Q3,South,Texas,Coffee & Creamers,Coffee mate,Convenience,Mass Market,30,7.49,224.7,22.47,202.23,65.54
ORD-103866,CUST-0075,03-09-2026,2026,9,September,Q3,East,Pennsylvania,International Foods,El Mejor Nido,Online,Family,30,8.49,254.7,20.38,234.32,71.85
ORD-104752,CUST-0591,04-09-2026,2026,9,September,Q3,East,Massachusetts,Coffee & Creamers,Nescafé CLASICO,Supermarket,Mass Market,40,9.49,379.6,56.94,322.66,74.01
ORD-101524,CUST-0703,05-09-2026,2026,9,September,Q3,West,Colorado,Coffee & Creamers,Coffee mate,Retail,Mass Market,50,7.49,374.5,29.96,344.54,106.59
ORD-104458,CUST-0330,05-09-2026,2026,9,September,Q3,West,Nevada,International Foods,Abuelita,Supermarket,Mass Market,75,5.49,411.75,20.59,391.16,90.34
ORD-104788,CUST-0736,05-09-2026,2026,9,September,Q3,South,North Carolina,Frozen Foods,Hot Pockets,Supermarket,Mass Market,10,5.99,59.9,5.99,53.91,12.34
ORD-100304,CUST-0347,06-09-2026,2026,9,September,Q3,Central,Illinois,Frozen Pizza,Jack's Pizza,Online,Family,40,5.99,239.6,0,239.6,63.51
ORD-100903,CUST-0105,06-09-2026,2026,9,September,Q3,West,Washington,Frozen Pizza,Jack's Pizza,Retail,Mass Market,20,5.99,119.8,0,119.8,27.66
ORD-104217,CUST-0058,07-09-2026,2026,9,September,Q3,West,Nevada,Frozen Pizza,Tombstone,Online,Premium,40,6.99,279.6,22.37,257.23,66.71
ORD-100503,CUST-0172,08-09-2026,2026,9,September,Q3,East,Pennsylvania,Drinks,Nesquik,Wholesale,Mass Market,30,6.49,194.7,19.47,175.23,43.3
ORD-103474,CUST-0350,08-09-2026,2026,9,September,Q3,Central,Minnesota,Frozen Foods,Stouffer's,Supermarket,Mass Market,20,8.99,179.8,8.99,170.81,32.76
ORD-103692,CUST-0151,08-09-2026,2026,9,September,Q3,Central,Michigan,Frozen Foods,Stouffer's,Supermarket,Mass Market,25,8.99,224.75,0,224.75,49.46
ORD-104224,CUST-0432,08-09-2026,2026,9,September,Q3,South,Texas,Drinks,Nido,Supermarket,Mass Market,50,10.99,549.5,27.48,522.02,116.75
ORD-105004,CUST-0197,08-09-2026,2026,9,September,Q3,East,New Jersey,Frozen Foods,Lean Cuisine,Supermarket,Mass Market,30,6.49,194.7,3.89,190.81,45.45
ORD-100580,CUST-0464,09-09-2026,2026,9,September,Q3,West,Nevada,Frozen Foods,Hot Pockets,Wholesale,Mass Market,15,5.99,89.85,8.99,80.87,17.05
ORD-100810,CUST-0521,09-09-2026,2026,9,September,Q3,West,Arizona,Drinks,Nido,Supermarket,Mass Market,15,10.99,164.85,3.3,161.55,40.45
ORD-101263,CUST-0045,09-09-2026,2026,9,September,Q3,East,Virginia,Baking,Nestlé Toll House,Retail,Mass Market,40,4.99,199.6,3.99,195.61,58.85
ORD-101986,CUST-0103,09-09-2026,2026,9,September,Q3,West,Colorado,Drinks,Nesquik,Online,Family,15,6.49,97.35,4.87,92.48,22.37
ORD-100185,CUST-0486,10-09-2026,2026,9,September,Q3,West,Nevada,Drinks,Nido,Wholesale,Family,40,10.99,439.6,43.96,395.64,93.3
ORD-103935,CUST-0214,10-09-2026,2026,9,September,Q3,East,Maryland,Drinks,Nido,Convenience,Family,40,10.99,439.6,43.96,395.64,89.47
ORD-104495,CUST-0306,10-09-2026,2026,9,September,Q3,Central,Wisconsin,International Foods,Maggi,Online,Premium,25,4.29,107.25,0,107.25,27.24
ORD-101698,CUST-0309,11-09-2026,2026,9,September,Q3,West,Arizona,Coffee & Creamers,Coffee mate,Retail,Family,40,7.49,299.6,5.99,293.61,76.8
ORD-101884,CUST-0317,11-09-2026,2026,9,September,Q3,South,Texas,Frozen Foods,Hot Pockets,Online,Premium,25,5.99,149.75,7.49,142.26,29.34
ORD-102044,CUST-0083,11-09-2026,2026,9,September,Q3,West,Nevada,Baking,Carnation,Convenience,Family,30,3.99,119.7,0,119.7,38.62
ORD-100016,CUST-0341,12-09-2026,2026,9,September,Q3,West,Arizona,Drinks,Nido,Supermarket,Premium,25,10.99,274.75,13.74,261.01,63.55
ORD-100556,CUST-0616,12-09-2026,2026,9,September,Q3,East,New York,Coffee & Creamers,Coffee mate,Wholesale,Family,15,7.49,112.35,5.62,106.73,28.55
ORD-102501,CUST-0213,12-09-2026,2026,9,September,Q3,South,Tennessee,International Foods,Abuelita,Retail,Mass Market,10,5.49,54.9,10.98,43.92,11.86
ORD-104791,CUST-0565,12-09-2026,2026,9,September,Q3,West,Arizona,Coffee & Creamers,Nescafé CLASICO,Wholesale,Mass Market,25,9.49,237.25,4.74,232.5,63.8
ORD-102713,CUST-0578,13-09-2026,2026,9,September,Q3,East,Virginia,Coffee & Creamers,Nescafé CLASICO,Online,Health & Wellness,40,9.49,379.6,18.98,360.62,109.24
ORD-103939,CUST-0121,13-09-2026,2026,9,September,Q3,West,Oregon,Baking,Carnation,Supermarket,Health & Wellness,100,3.99,399,0,399,124.02
ORD-101822,CUST-0755,14-09-2026,2026,9,September,Q3,West,Arizona,Frozen Foods,Stouffer's,Online,Premium,20,8.99,179.8,26.97,152.83,34.83
ORD-101843,CUST-0379,14-09-2026,2026,9,September,Q3,East,New York,Frozen Pizza,DiGiorno,Supermarket,Family,15,7.99,119.85,5.99,113.86,29.54
ORD-101877,CUST-0309,14-09-2026,2026,9,September,Q3,Central,Ohio,Coffee & Creamers,Nescafé CLASICO,Retail,Mass Market,5,9.49,47.45,2.37,45.08,13.77
ORD-102940,CUST-0174,14-09-2026,2026,9,September,Q3,West,Nevada,Coffee & Creamers,Nescafé,Retail,Premium,50,8.99,449.5,35.96,413.54,110.91
ORD-103393,CUST-0711,14-09-2026,2026,9,September,Q3,South,Tennessee,Coffee & Creamers,Coffee mate,Convenience,Mass Market,15,7.49,112.35,16.85,95.5,25.77
ORD-103991,CUST-0102,14-09-2026,2026,9,September,Q3,West,Nevada,Frozen Foods,Lean Cuisine,Convenience,Family,10,6.49,64.9,3.25,61.66,13.05
ORD-100131,CUST-0082,15-09-2026,2026,9,September,Q3,East,New York,Baking,Nestlé Toll House,Online,Premium,20,4.99,99.8,4.99,94.81,24.76
ORD-100979,CUST-0759,15-09-2026,2026,9,September,Q3,East,Virginia,Coffee & Creamers,Nescafé,Supermarket,Family,25,8.99,224.75,4.5,220.26,67.08
ORD-101809,CUST-0432,15-09-2026,2026,9,September,Q3,West,Arizona,Frozen Pizza,Tombstone,Convenience,Premium,30,6.99,209.7,0,209.7,45.41
ORD-102190,CUST-0130,15-09-2026,2026,9,September,Q3,Central,Michigan,Frozen Foods,Hot Pockets,Retail,Family,15,5.99,89.85,7.19,82.66,18.22
ORD-103475,CUST-0359,15-09-2026,2026,9,September,Q3,South,Georgia,International Foods,Maggi,Online,Family,30,4.29,128.7,10.3,118.4,34.98
ORD-100052,CUST-0087,16-09-2026,2026,9,September,Q3,South,Georgia,Frozen Foods,Lean Cuisine,Online,Health & Wellness,25,6.49,162.25,0,162.25,33.07
ORD-101129,CUST-0015,16-09-2026,2026,9,September,Q3,East,New York,Coffee & Creamers,Nescafé,Wholesale,Family,5,8.99,44.95,0,44.95,13.34
ORD-102036,CUST-0050,16-09-2026,2026,9,September,Q3,East,Massachusetts,Frozen Foods,Hot Pockets,Supermarket,Health & Wellness,25,5.99,149.75,14.98,134.78,27.01
ORD-103838,CUST-0346,16-09-2026,2026,9,September,Q3,West,Washington,Frozen Foods,Hot Pockets,Supermarket,Family,20,5.99,119.8,9.58,110.22,18.68
ORD-104148,CUST-0650,16-09-2026,2026,9,September,Q3,East,New Jersey,Frozen Foods,Stouffer's,Supermarket,Family,25,8.99,224.75,44.95,179.8,42.89
ORD-104196,CUST-0265,16-09-2026,2026,9,September,Q3,West,Colorado,International Foods,Abuelita,Online,Family,75,5.49,411.75,32.94,378.81,101.58
ORD-104741,CUST-0682,16-09-2026,2026,9,September,Q3,Central,Michigan,International Foods,Maggi,Online,Health & Wellness,20,4.29,85.8,8.58,77.22,23.48
ORD-101307,CUST-0053,17-09-2026,2026,9,September,Q3,Central,Ohio,Baking,La Lechera,Wholesale,Mass Market,30,4.49,134.7,13.47,121.23,33.34
ORD-101724,CUST-0103,17-09-2026,2026,9,September,Q3,West,Colorado,Frozen Foods,Hot Pockets,Wholesale,Premium,20,5.99,119.8,2.4,117.4,26.02
ORD-102136,CUST-0179,17-09-2026,2026,9,September,Q3,South,Texas,Frozen Foods,Lean Cuisine,Supermarket,Family,20,6.49,129.8,10.38,119.42,21.98
ORD-102720,CUST-0129,17-09-2026,2026,9,September,Q3,West,Oregon,Frozen Foods,Hot Pockets,Online,Premium,10,5.99,59.9,4.79,55.11,11.14
ORD-103119,CUST-0557,17-09-2026,2026,9,September,Q3,West,Nevada,Frozen Pizza,DiGiorno,Convenience,Premium,30,7.99,239.7,11.99,227.72,56.22
ORD-104523,CUST-0742,17-09-2026,2026,9,September,Q3,South,Texas,Frozen Foods,Hot Pockets,Convenience,Family,15,5.99,89.85,1.8,88.05,16.92
ORD-104854,CUST-0363,17-09-2026,2026,9,September,Q3,East,Pennsylvania,International Foods,Maggi,Online,Premium,20,4.29,85.8,12.87,72.93,23.38
ORD-101460,CUST-0577,18-09-2026,2026,9,September,Q3,Central,Wisconsin,Frozen Foods,Hot Pockets,Convenience,Family,30,5.99,179.7,8.99,170.72,32.04
ORD-101912,CUST-0361,18-09-2026,2026,9,September,Q3,South,Louisiana,Baking,Carnation,Wholesale,Mass Market,20,3.99,79.8,7.98,71.82,25.18
ORD-102196,CUST-0015,18-09-2026,2026,9,September,Q3,East,Maryland,Baking,Nestlé Toll House,Supermarket,Mass Market,25,4.99,124.75,0,124.75,37.65
ORD-104184,CUST-0761,18-09-2026,2026,9,September,Q3,East,Massachusetts,Frozen Foods,Lean Cuisine,Convenience,Premium,20,6.49,129.8,2.6,127.2,23.68
ORD-101974,CUST-0651,19-09-2026,2026,9,September,Q3,East,New York,Baking,La Lechera,Supermarket,Family,50,4.49,224.5,11.23,213.28,67.9
ORD-100175,CUST-0605,20-09-2026,2026,9,September,Q3,Central,Ohio,Baking,Nestlé Toll House,Retail,Mass Market,20,4.99,99.8,14.97,84.83,27.59
ORD-101364,CUST-0214,20-09-2026,2026,9,September,Q3,Central,Minnesota,Frozen Pizza,Tombstone,Wholesale,Health & Wellness,40,6.99,279.6,22.37,257.23,65.21
ORD-100753,CUST-0190,21-09-2026,2026,9,September,Q3,Central,Ohio,International Foods,Abuelita,Retail,Mass Market,75,5.49,411.75,32.94,378.81,112.34
ORD-101041,CUST-0667,21-09-2026,2026,9,September,Q3,Central,Illinois,Baking,Carnation,Retail,Family,100,3.99,399,7.98,391.02,127.39
ORD-102686,CUST-0766,21-09-2026,2026,9,September,Q3,West,California,International Foods,Abuelita,Retail,Family,40,5.49,219.6,17.57,202.03,62.48
ORD-103179,CUST-0707,21-09-2026,2026,9,September,Q3,South,Texas,Frozen Pizza,Tombstone,Convenience,Family,15,6.99,104.85,15.73,89.12,22.56
ORD-104875,CUST-0694,21-09-2026,2026,9,September,Q3,East,Pennsylvania,Baking,Nestlé Toll House,Online,Mass Market,20,4.99,99.8,0,99.8,33.54
ORD-100960,CUST-0555,22-09-2026,2026,9,September,Q3,Central,Minnesota,Baking,Nestlé Toll House,Retail,Mass Market,30,4.99,149.7,2.99,146.71,39.04
ORD-101600,CUST-0493,22-09-2026,2026,9,September,Q3,South,Texas,Coffee & Creamers,Nescafé CLASICO,Convenience,Health & Wellness,30,9.49,284.7,42.7,242,75.04
ORD-102788,CUST-0787,22-09-2026,2026,9,September,Q3,West,Oregon,Coffee & Creamers,Nescafé CLASICO,Wholesale,Family,50,9.49,474.5,47.45,427.05,96.05
ORD-103194,CUST-0667,22-09-2026,2026,9,September,Q3,East,Massachusetts,International Foods,Abuelita,Wholesale,Premium,25,5.49,137.25,6.86,130.39,30.83
ORD-104090,CUST-0725,22-09-2026,2026,9,September,Q3,West,California,Coffee & Creamers,Coffee mate,Retail,Family,40,7.49,299.6,59.92,239.68,57.47
ORD-104628,CUST-0635,22-09-2026,2026,9,September,Q3,East,New York,Frozen Pizza,Jack's Pizza,Supermarket,Premium,15,5.99,89.85,7.19,82.66,21.56
ORD-101185,CUST-0563,23-09-2026,2026,9,September,Q3,West,Oregon,Coffee & Creamers,Coffee mate,Retail,Mass Market,15,7.49,112.35,0,112.35,27.92
ORD-102672,CUST-0623,23-09-2026,2026,9,September,Q3,East,Virginia,International Foods,El Mejor Nido,Convenience,Premium,40,8.49,339.6,27.17,312.43,85.36
ORD-100180,CUST-0292,24-09-2026,2026,9,September,Q3,West,California,International Foods,El Mejor Nido,Retail,Mass Market,30,8.49,254.7,5.09,249.61,67.61
ORD-102210,CUST-0112,24-09-2026,2026,9,September,Q3,South,Tennessee,Baking,Nestlé Toll House,Retail,Premium,25,4.99,124.75,6.24,118.51,34.11
ORD-104110,CUST-0269,24-09-2026,2026,9,September,Q3,Central,Illinois,Frozen Pizza,Jack's Pizza,Retail,Family,20,5.99,119.8,17.97,101.83,22.27
ORD-104775,CUST-0525,24-09-2026,2026,9,September,Q3,East,New York,Drinks,Milo,Online,Mass Market,10,5.99,59.9,5.99,53.91,12.02
ORD-101731,CUST-0448,25-09-2026,2026,9,September,Q3,East,Virginia,Coffee & Creamers,Coffee mate,Supermarket,Premium,20,7.49,149.8,29.96,119.84,28.24
ORD-101778,CUST-0371,25-09-2026,2026,9,September,Q3,East,Virginia,Frozen Pizza,Jack's Pizza,Supermarket,Health & Wellness,15,5.99,89.85,13.48,76.37,18.6
ORD-103485,CUST-0014,25-09-2026,2026,9,September,Q3,Central,Minnesota,International Foods,El Mejor Nido,Retail,Mass Market,30,8.49,254.7,5.09,249.61,57.65
ORD-104609,CUST-0183,25-09-2026,2026,9,September,Q3,South,North Carolina,Coffee & Creamers,Nescafé CLASICO,Retail,Family,30,9.49,284.7,28.47,256.23,74.82
ORD-104907,CUST-0792,25-09-2026,2026,9,September,Q3,South,Florida,Baking,La Lechera,Online,Premium,30,4.49,134.7,13.47,121.23,35.71
ORD-104932,CUST-0255,25-09-2026,2026,9,September,Q3,East,Pennsylvania,Frozen Foods,Stouffer's,Wholesale,Family,20,8.99,179.8,8.99,170.81,32.15
ORD-104514,CUST-0458,26-09-2026,2026,9,September,Q3,Central,Minnesota,Coffee & Creamers,Nescafé,Retail,Premium,25,8.99,224.75,17.98,206.77,53.84
ORD-100270,CUST-0425,27-09-2026,2026,9,September,Q3,East,New Jersey,Frozen Pizza,Jack's Pizza,Retail,Family,30,5.99,179.7,8.99,170.72,44.82
ORD-101401,CUST-0240,28-09-2026,2026,9,September,Q3,West,California,International Foods,Maggi,Online,Mass Market,20,4.29,85.8,0,85.8,21.93
ORD-102341,CUST-0062,28-09-2026,2026,9,September,Q3,Central,Wisconsin,Coffee & Creamers,Nescafé,Online,Family,25,8.99,224.75,17.98,206.77,57.13
ORD-102809,CUST-0298,28-09-2026,2026,9,September,Q3,East,Virginia,Baking,Carnation,Wholesale,Health & Wellness,5,3.99,19.95,1.6,18.35,4.96
ORD-102864,CUST-0613,28-09-2026,2026,9,September,Q3,Central,Illinois,Frozen Foods,Stouffer's,Retail,Premium,10,8.99,89.9,4.5,85.4,18.73
ORD-102916,CUST-0481,28-09-2026,2026,9,September,Q3,Central,Missouri,Frozen Pizza,Tombstone,Supermarket,Mass Market,30,6.99,209.7,0,209.7,42.2
ORD-100177,CUST-0553,29-09-2026,2026,9,September,Q3,Central,Missouri,Frozen Pizza,Tombstone,Retail,Health & Wellness,10,6.99,69.9,3.5,66.4,15.32
ORD-100754,CUST-0700,29-09-2026,2026,9,September,Q3,East,Virginia,Frozen Foods,Hot Pockets,Retail,Mass Market,30,5.99,179.7,14.38,165.32,36.07
ORD-101423,CUST-0646,29-09-2026,2026,9,September,Q3,West,Nevada,Coffee & Creamers,Coffee mate,Online,Family,75,7.49,561.75,56.18,505.58,142.61
ORD-103328,CUST-0175,29-09-2026,2026,9,September,Q3,East,New Jersey,Frozen Pizza,Tombstone,Supermarket,Premium,15,6.99,104.85,8.39,96.46,27.35
ORD-101573,CUST-0156,30-09-2026,2026,9,September,Q3,Central,Minnesota,International Foods,Abuelita,Retail,Family,10,5.49,54.9,10.98,43.92,12.27
ORD-102324,CUST-0498,01-10-2026,2026,10,October,Q4,East,Maryland,Baking,La Lechera,Supermarket,Mass Market,75,4.49,336.75,6.74,330.02,84.53
ORD-104203,CUST-0406,01-10-2026,2026,10,October,Q4,West,Nevada,Coffee & Creamers,Nescafé,Supermarket,Premium,25,8.99,224.75,17.98,206.77,66.3
ORD-104317,CUST-0124,01-10-2026,2026,10,October,Q4,Central,Illinois,International Foods,El Mejor Nido,Retail,Mass Market,30,8.49,254.7,0,254.7,59.46
ORD-100544,CUST-0227,02-10-2026,2026,10,October,Q4,Central,Ohio,Frozen Foods,Hot Pockets,Retail,Health & Wellness,20,5.99,119.8,9.58,110.22,20.19
ORD-101876,CUST-0663,02-10-2026,2026,10,October,Q4,Central,Wisconsin,Baking,Nestlé Toll House,Online,Mass Market,100,4.99,499,49.9,449.1,122.49
ORD-103145,CUST-0483,02-10-2026,2026,10,October,Q4,West,Nevada,Frozen Foods,Hot Pockets,Retail,Mass Market,75,5.99,449.25,0,449.25,89.94
ORD-103979,CUST-0458,02-10-2026,2026,10,October,Q4,West,California,Drinks,Nesquik,Supermarket,Health & Wellness,5,6.49,32.45,2.6,29.85,8.55
ORD-104273,CUST-0163,02-10-2026,2026,10,October,Q4,West,Colorado,Coffee & Creamers,Coffee mate,Retail,Mass Market,75,7.49,561.75,84.26,477.49,140.03
ORD-101101,CUST-0589,03-10-2026,2026,10,October,Q4,West,Oregon,Baking,La Lechera,Retail,Mass Market,15,4.49,67.35,3.37,63.98,18.47
ORD-101728,CUST-0146,03-10-2026,2026,10,October,Q4,South,Tennessee,Frozen Foods,Stouffer's,Retail,Premium,50,8.99,449.5,35.96,413.54,114.54
ORD-102052,CUST-0270,03-10-2026,2026,10,October,Q4,East,Virginia,Baking,Carnation,Convenience,Health & Wellness,20,3.99,79.8,6.38,73.42,22.53
ORD-103826,CUST-0156,03-10-2026,2026,10,October,Q4,West,Oregon,Baking,Nestlé Toll House,Wholesale,Mass Market,25,4.99,124.75,6.24,118.51,32.57
ORD-103891,CUST-0716,03-10-2026,2026,10,October,Q4,Central,Minnesota,International Foods,Abuelita,Online,Mass Market,25,5.49,137.25,10.98,126.27,30.63
ORD-104102,CUST-0506,03-10-2026,2026,10,October,Q4,East,Pennsylvania,International Foods,Abuelita,Retail,Family,50,5.49,274.5,13.73,260.77,80.88
ORD-104290,CUST-0503,03-10-2026,2026,10,October,Q4,South,Georgia,Coffee & Creamers,Nescafé,Retail,Family,30,8.99,269.7,13.48,256.21,68.81
ORD-104576,CUST-0431,03-10-2026,2026,10,October,Q4,East,Pennsylvania,Baking,Nestlé Toll House,Supermarket,Mass Market,5,4.99,24.95,1.25,23.7,7.54
ORD-102332,CUST-0134,04-10-2026,2026,10,October,Q4,West,Arizona,Frozen Foods,Hot Pockets,Supermarket,Family,20,5.99,119.8,2.4,117.4,21.92
ORD-102818,CUST-0630,04-10-2026,2026,10,October,Q4,West,Colorado,International Foods,Maggi,Wholesale,Health & Wellness,10,4.29,42.9,3.43,39.47,10.26
ORD-100327,CUST-0623,05-10-2026,2026,10,October,Q4,Central,Ohio,International Foods,El Mejor Nido,Wholesale,Health & Wellness,5,8.49,42.45,2.12,40.33,12.32
ORD-101350,CUST-0502,05-10-2026,2026,10,October,Q4,West,Oregon,Coffee & Creamers,Coffee mate,Retail,Premium,25,7.49,187.25,14.98,172.27,46.08
ORD-102776,CUST-0669,05-10-2026,2026,10,October,Q4,East,Virginia,Coffee & Creamers,Coffee mate,Online,Premium,20,7.49,149.8,0,149.8,39.34
ORD-103446,CUST-0361,05-10-2026,2026,10,October,Q4,Central,Minnesota,Frozen Pizza,Jack's Pizza,Online,Premium,20,5.99,119.8,11.98,107.82,29.48
ORD-104648,CUST-0338,05-10-2026,2026,10,October,Q4,West,California,Coffee & Creamers,Coffee mate,Retail,Family,15,7.49,112.35,11.24,101.12,28.82
ORD-102121,CUST-0051,06-10-2026,2026,10,October,Q4,South,Texas,Coffee & Creamers,Nescafé CLASICO,Convenience,Mass Market,25,9.49,237.25,0,237.25,61.72
ORD-104192,CUST-0193,06-10-2026,2026,10,October,Q4,South,Tennessee,Drinks,Milo,Supermarket,Health & Wellness,25,5.99,149.75,7.49,142.26,36.8
ORD-100705,CUST-0053,07-10-2026,2026,10,October,Q4,West,California,Frozen Pizza,DiGiorno,Retail,Family,25,7.99,199.75,15.98,183.77,46.61
ORD-101141,CUST-0668,07-10-2026,2026,10,October,Q4,South,Louisiana,Coffee & Creamers,Coffee mate,Supermarket,Premium,15,7.49,112.35,8.99,103.36,35.62
ORD-102132,CUST-0133,07-10-2026,2026,10,October,Q4,West,Colorado,Drinks,Nido,Online,Health & Wellness,10,10.99,109.9,8.79,101.11,25.33
ORD-102212,CUST-0574,07-10-2026,2026,10,October,Q4,South,North Carolina,Coffee & Creamers,Coffee mate,Online,Family,10,7.49,74.9,5.99,68.91,17.49
ORD-102349,CUST-0490,07-10-2026,2026,10,October,Q4,Central,Michigan,International Foods,El Mejor Nido,Online,Premium,10,8.49,84.9,12.74,72.17,22.88
ORD-102542,CUST-0240,07-10-2026,2026,10,October,Q4,South,Texas,Coffee & Creamers,Coffee mate,Retail,Family,15,7.49,112.35,11.24,101.12,26.55
ORD-104543,CUST-0171,07-10-2026,2026,10,October,Q4,West,California,Baking,Nestlé Toll House,Wholesale,Health & Wellness,40,4.99,199.6,39.92,159.68,47.43
ORD-102497,CUST-0383,08-10-2026,2026,10,October,Q4,Central,Missouri,Drinks,Nesquik,Retail,Mass Market,75,6.49,486.75,24.34,462.41,119.87
ORD-104989,CUST-0448,08-10-2026,2026,10,October,Q4,Central,Michigan,Coffee & Creamers,Coffee mate,Online,Mass Market,10,7.49,74.9,0,74.9,24.55
ORD-100953,CUST-0761,09-10-2026,2026,10,October,Q4,West,Oregon,Frozen Pizza,Jack's Pizza,Supermarket,Health & Wellness,5,5.99,29.95,1.5,28.45,6.75
ORD-101982,CUST-0667,09-10-2026,2026,10,October,Q4,South,Georgia,Drinks,Nido,Online,Health & Wellness,25,10.99,274.75,0,274.75,80.51
ORD-102191,CUST-0023,09-10-2026,2026,10,October,Q4,West,Colorado,Frozen Foods,Hot Pockets,Online,Family,25,5.99,149.75,14.98,134.78,34.25
ORD-102220,CUST-0599,09-10-2026,2026,10,October,Q4,West,Colorado,Baking,Nestlé Toll House,Online,Health & Wellness,25,4.99,124.75,9.98,114.77,32.73
ORD-103662,CUST-0710,09-10-2026,2026,10,October,Q4,East,Maryland,International Foods,El Mejor Nido,Supermarket,Mass Market,25,8.49,212.25,0,212.25,55.79
ORD-104755,CUST-0686,09-10-2026,2026,10,October,Q4,South,Georgia,International Foods,Abuelita,Supermarket,Health & Wellness,40,5.49,219.6,32.94,186.66,50.68
ORD-100202,CUST-0045,10-10-2026,2026,10,October,Q4,West,Oregon,Coffee & Creamers,Coffee mate,Retail,Mass Market,40,7.49,299.6,14.98,284.62,80.04
ORD-101197,CUST-0268,10-10-2026,2026,10,October,Q4,South,Florida,International Foods,Abuelita,Supermarket,Premium,40,5.49,219.6,10.98,208.62,61.05
ORD-101418,CUST-0406,10-10-2026,2026,10,October,Q4,West,California,Frozen Foods,Hot Pockets,Retail,Premium,15,5.99,89.85,7.19,82.66,16.38
ORD-101926,CUST-0322,10-10-2026,2026,10,October,Q4,West,Washington,Coffee & Creamers,Nescafé CLASICO,Convenience,Premium,15,9.49,142.35,14.24,128.12,39.36
ORD-103766,CUST-0753,10-10-2026,2026,10,October,Q4,East,New Jersey,Frozen Pizza,DiGiorno,Retail,Family,50,7.99,399.5,31.96,367.54,88.78
ORD-104668,CUST-0776,10-10-2026,2026,10,October,Q4,South,Louisiana,Baking,Carnation,Supermarket,Family,30,3.99,119.7,0,119.7,38.84
ORD-100333,CUST-0250,11-10-2026,2026,10,October,Q4,West,Arizona,Drinks,Nesquik,Supermarket,Premium,15,6.49,97.35,7.79,89.56,21.7
ORD-102280,CUST-0510,11-10-2026,2026,10,October,Q4,West,Nevada,Frozen Foods,Hot Pockets,Retail,Premium,40,5.99,239.6,11.98,227.62,46.42
ORD-103054,CUST-0499,11-10-2026,2026,10,October,Q4,East,New York,Frozen Foods,Hot Pockets,Supermarket,Mass Market,20,5.99,119.8,0,119.8,22.41
ORD-104286,CUST-0722,11-10-2026,2026,10,October,Q4,Central,Missouri,International Foods,Maggi,Online,Family,40,4.29,171.6,0,171.6,35.4
ORD-101062,CUST-0265,12-10-2026,2026,10,October,Q4,South,Florida,Baking,Nestlé Toll House,Supermarket,Family,20,4.99,99.8,0,99.8,27.58
ORD-101454,CUST-0670,12-10-2026,2026,10,October,Q4,Central,Ohio,Drinks,Nido,Supermarket,Mass Market,25,10.99,274.75,5.5,269.26,63.05
ORD-102311,CUST-0702,12-10-2026,2026,10,October,Q4,East,New Jersey,Coffee & Creamers,Coffee mate,Supermarket,Family,30,7.49,224.7,11.24,213.46,61.38
ORD-104382,CUST-0638,12-10-2026,2026,10,October,Q4,West,Colorado,Frozen Pizza,DiGiorno,Online,Family,40,7.99,319.6,6.39,313.21,74.67
ORD-104416,CUST-0627,12-10-2026,2026,10,October,Q4,East,New Jersey,Frozen Foods,Stouffer's,Supermarket,Health & Wellness,25,8.99,224.75,22.48,202.28,37.09
ORD-104521,CUST-0097,12-10-2026,2026,10,October,Q4,South,Texas,Frozen Pizza,Tombstone,Retail,Mass Market,20,6.99,139.8,0,139.8,37.53
ORD-101043,CUST-0105,14-10-2026,2026,10,October,Q4,East,Massachusetts,Frozen Foods,Stouffer's,Supermarket,Mass Market,25,8.99,224.75,11.24,213.51,54.39
ORD-101478,CUST-0013,14-10-2026,2026,10,October,Q4,South,Georgia,Drinks,Nido,Convenience,Mass Market,30,10.99,329.7,16.48,313.21,79.63
ORD-102942,CUST-0176,14-10-2026,2026,10,October,Q4,Central,Michigan,Coffee & Creamers,Nescafé,Online,Mass Market,50,8.99,449.5,0,449.5,128.27
ORD-103607,CUST-0037,14-10-2026,2026,10,October,Q4,South,Texas,Frozen Pizza,Tombstone,Wholesale,Family,5,6.99,34.95,1.75,33.2,8.6
ORD-104047,CUST-0282,14-10-2026,2026,10,October,Q4,East,Massachusetts,International Foods,Abuelita,Retail,Family,20,5.49,109.8,2.2,107.6,25.58
ORD-104121,CUST-0034,14-10-2026,2026,10,October,Q4,East,Massachusetts,Baking,Nestlé Toll House,Supermarket,Family,15,4.99,74.85,5.99,68.86,20.5
ORD-101318,CUST-0753,15-10-2026,2026,10,October,Q4,Central,Illinois,Drinks,Milo,Retail,Health & Wellness,25,5.99,149.75,3,146.76,35.34
ORD-103078,CUST-0170,15-10-2026,2026,10,October,Q4,West,Oregon,Frozen Pizza,DiGiorno,Wholesale,Premium,50,7.99,399.5,0,399.5,105.28
ORD-103136,CUST-0048,15-10-2026,2026,10,October,Q4,Central,Minnesota,Drinks,Nesquik,Retail,Premium,15,6.49,97.35,7.79,89.56,20.58
ORD-104970,CUST-0661,15-10-2026,2026,10,October,Q4,East,New Jersey,Drinks,Nido,Supermarket,Mass Market,5,10.99,54.95,0,54.95,13.71
ORD-101284,CUST-0695,16-10-2026,2026,10,October,Q4,West,California,International Foods,El Mejor Nido,Convenience,Mass Market,75,8.49,636.75,12.74,624.02,159.09
ORD-100890,CUST-0277,17-10-2026,2026,10,October,Q4,West,Nevada,Baking,La Lechera,Retail,Premium,100,4.49,449,22.45,426.55,132.53
ORD-100967,CUST-0680,17-10-2026,2026,10,October,Q4,Central,Ohio,Drinks,Nesquik,Online,Premium,50,6.49,324.5,16.23,308.27,83.06
ORD-100014,CUST-0067,19-10-2026,2026,10,October,Q4,West,Oregon,Frozen Foods,Lean Cuisine,Wholesale,Mass Market,15,6.49,97.35,0,97.35,22.8
ORD-100435,CUST-0020,19-10-2026,2026,10,October,Q4,West,Washington,Coffee & Creamers,Nescafé,Supermarket,Family,30,8.99,269.7,13.48,256.21,72.02
ORD-104040,CUST-0340,19-10-2026,2026,10,October,Q4,Central,Ohio,International Foods,Abuelita,Wholesale,Mass Market,25,5.49,137.25,6.86,130.39,37.34
ORD-101954,CUST-0220,20-10-2026,2026,10,October,Q4,Central,Illinois,Drinks,Nesquik,Supermarket,Health & Wellness,25,6.49,162.25,8.11,154.14,38.77
ORD-102707,CUST-0736,20-10-2026,2026,10,October,Q4,West,Arizona,Frozen Foods,Lean Cuisine,Convenience,Mass Market,15,6.49,97.35,4.87,92.48,21.97
ORD-104180,CUST-0677,20-10-2026,2026,10,October,Q4,East,New Jersey,Baking,Carnation,Wholesale,Premium,25,3.99,99.75,19.95,79.8,22.58
ORD-100451,CUST-0246,21-10-2026,2026,10,October,Q4,South,Georgia,Drinks,Nido,Online,Mass Market,5,10.99,54.95,4.4,50.55,10.75
ORD-104457,CUST-0524,21-10-2026,2026,10,October,Q4,Central,Wisconsin,Drinks,Milo,Convenience,Family,30,5.99,179.7,0,179.7,51.05
ORD-104541,CUST-0504,21-10-2026,2026,10,October,Q4,West,Oregon,Coffee & Creamers,Coffee mate,Supermarket,Mass Market,30,7.49,224.7,0,224.7,69.46
ORD-101551,CUST-0534,22-10-2026,2026,10,October,Q4,South,Georgia,Baking,Carnation,Wholesale,Mass Market,40,3.99,159.6,3.19,156.41,48.91
ORD-101951,CUST-0748,23-10-2026,2026,10,October,Q4,West,Arizona,Frozen Pizza,Jack's Pizza,Online,Health & Wellness,15,5.99,89.85,0,89.85,24.95
ORD-103508,CUST-0532,23-10-2026,2026,10,October,Q4,East,Massachusetts,Frozen Foods,Hot Pockets,Online,Health & Wellness,10,5.99,59.9,5.99,53.91,12.11
ORD-104490,CUST-0492,23-10-2026,2026,10,October,Q4,Central,Minnesota,Baking,Carnation,Retail,Family,100,3.99,399,19.95,379.05,123.76
ORD-103471,CUST-0588,24-10-2026,2026,10,October,Q4,West,Washington,Frozen Pizza,DiGiorno,Online,Premium,10,7.99,79.9,4,75.9,17.75
ORD-103391,CUST-0636,25-10-2026,2026,10,October,Q4,East,Massachusetts,International Foods,Maggi,Wholesale,Family,5,4.29,21.45,1.07,20.38,4.89
ORD-103450,CUST-0524,25-10-2026,2026,10,October,Q4,West,Washington,Frozen Foods,Stouffer's,Wholesale,Family,30,8.99,269.7,13.48,256.21,63.16
ORD-104806,CUST-0685,25-10-2026,2026,10,October,Q4,Central,Illinois,Coffee & Creamers,Nescafé,Wholesale,Health & Wellness,20,8.99,179.8,0,179.8,57.07
ORD-104964,CUST-0472,25-10-2026,2026,10,October,Q4,Central,Michigan,Drinks,Nesquik,Convenience,Premium,40,6.49,259.6,0,259.6,61.33
ORD-100666,CUST-0005,26-10-2026,2026,10,October,Q4,West,Arizona,Frozen Pizza,DiGiorno,Retail,Mass Market,20,7.99,159.8,12.78,147.02,42.92
ORD-101854,CUST-0624,26-10-2026,2026,10,October,Q4,South,Florida,Coffee & Creamers,Coffee mate,Retail,Premium,100,7.49,749,59.92,689.08,198.84
ORD-101861,CUST-0478,26-10-2026,2026,10,October,Q4,South,Texas,International Foods,Maggi,Supermarket,Family,10,4.29,42.9,4.29,38.61,10.07
ORD-103746,CUST-0266,26-10-2026,2026,10,October,Q4,West,Nevada,International Foods,Maggi,Online,Mass Market,15,4.29,64.35,0,64.35,16.82
ORD-100394,CUST-0047,27-10-2026,2026,10,October,Q4,South,Tennessee,Frozen Pizza,Tombstone,Convenience,Mass Market,20,6.99,139.8,11.18,128.62,32.26
ORD-103608,CUST-0278,27-10-2026,2026,10,October,Q4,East,New York,Frozen Foods,Stouffer's,Retail,Family,25,8.99,224.75,17.98,206.77,44.97
ORD-100309,CUST-0611,28-10-2026,2026,10,October,Q4,South,Tennessee,Baking,Nestlé Toll House,Retail,Family,30,4.99,149.7,11.98,137.72,47.42
ORD-102094,CUST-0507,28-10-2026,2026,10,October,Q4,Central,Minnesota,International Foods,Abuelita,Retail,Mass Market,5,5.49,27.45,0,27.45,6.27
ORD-100843,CUST-0210,29-10-2026,2026,10,October,Q4,West,Colorado,International Foods,El Mejor Nido,Retail,Premium,20,8.49,169.8,3.4,166.4,40.02
ORD-102014,CUST-0326,29-10-2026,2026,10,October,Q4,West,Washington,Baking,La Lechera,Convenience,Premium,30,4.49,134.7,6.74,127.97,39.51
ORD-103384,CUST-0175,29-10-2026,2026,10,October,Q4,West,California,Frozen Foods,Stouffer's,Retail,Premium,5,8.99,44.95,0.9,44.05,9.02
ORD-100974,CUST-0625,30-10-2026,2026,10,October,Q4,West,California,Frozen Pizza,Jack's Pizza,Online,Mass Market,20,5.99,119.8,2.4,117.4,34.83
ORD-103044,CUST-0694,30-10-2026,2026,10,October,Q4,East,Pennsylvania,International Foods,Maggi,Retail,Premium,25,4.29,107.25,5.36,101.89,23.77
ORD-104156,CUST-0028,30-10-2026,2026,10,October,Q4,West,Oregon,Baking,La Lechera,Wholesale,Family,10,4.49,44.9,4.49,40.41,12.14
ORD-104189,CUST-0441,30-10-2026,2026,10,October,Q4,Central,Illinois,Baking,Nestlé Toll House,Convenience,Family,30,4.99,149.7,0,149.7,41.02
ORD-100336,CUST-0545,31-10-2026,2026,10,October,Q4,West,Arizona,Baking,Carnation,Retail,Mass Market,5,3.99,19.95,2,17.96,5.95
ORD-101720,CUST-0349,01-11-2026,2026,11,November,Q4,West,Colorado,International Foods,Maggi,Retail,Mass Market,75,4.29,321.75,6.44,315.32,92.67
ORD-101788,CUST-0289,01-11-2026,2026,11,November,Q4,Central,Missouri,Frozen Pizza,DiGiorno,Convenience,Mass Market,100,7.99,799,39.95,759.05,169.3
ORD-102479,CUST-0702,01-11-2026,2026,11,November,Q4,West,Oregon,Coffee & Creamers,Coffee mate,Retail,Mass Market,30,7.49,224.7,33.7,191,51.04
ORD-103426,CUST-0654,01-11-2026,2026,11,November,Q4,Central,Wisconsin,Drinks,Nido,Supermarket,Mass Market,20,10.99,219.8,0,219.8,51.93
ORD-104134,CUST-0700,01-11-2026,2026,11,November,Q4,Central,Missouri,Drinks,Nesquik,Supermarket,Mass Market,40,6.49,259.6,38.94,220.66,63.72
ORD-100305,CUST-0044,02-11-2026,2026,11,November,Q4,Central,Missouri,Baking,Nestlé Toll House,Retail,Premium,15,4.99,74.85,0,74.85,22.05
ORD-103452,CUST-0614,02-11-2026,2026,11,November,Q4,Central,Michigan,Frozen Pizza,Jack's Pizza,Convenience,Family,100,5.99,599,59.9,539.1,137.08
ORD-104117,CUST-0551,02-11-2026,2026,11,November,Q4,South,Florida,International Foods,Maggi,Wholesale,Mass Market,75,4.29,321.75,0,321.75,84.93
ORD-100650,CUST-0171,03-11-2026,2026,11,November,Q4,East,New Jersey,Frozen Pizza,Tombstone,Wholesale,Premium,15,6.99,104.85,5.24,99.61,25.79
ORD-100997,CUST-0339,03-11-2026,2026,11,November,Q4,South,Tennessee,Frozen Foods,Stouffer's,Retail,Family,5,8.99,44.95,4.5,40.46,9.44
ORD-102144,CUST-0149,03-11-2026,2026,11,November,Q4,East,New Jersey,Baking,Nestlé Toll House,Supermarket,Health & Wellness,40,4.99,199.6,29.94,169.66,53.22
ORD-103152,CUST-0630,03-11-2026,2026,11,November,Q4,West,Nevada,Frozen Foods,Lean Cuisine,Online,Premium,10,6.49,64.9,3.25,61.66,15.84
ORD-103688,CUST-0223,03-11-2026,2026,11,November,Q4,East,Virginia,International Foods,Maggi,Retail,Family,20,4.29,85.8,12.87,72.93,19.67
ORD-100126,CUST-0332,05-11-2026,2026,11,November,Q4,East,New Jersey,International Foods,Maggi,Retail,Family,25,4.29,107.25,16.09,91.16,24.55
ORD-102263,CUST-0044,05-11-2026,2026,11,November,Q4,South,Georgia,Drinks,Nesquik,Wholesale,Premium,5,6.49,32.45,1.62,30.83,6.79
ORD-103129,CUST-0493,05-11-2026,2026,11,November,Q4,South,Georgia,Frozen Foods,Hot Pockets,Wholesale,Family,15,5.99,89.85,8.99,80.87,16.63
ORD-100790,CUST-0107,06-11-2026,2026,11,November,Q4,South,Louisiana,Frozen Pizza,Tombstone,Supermarket,Family,100,6.99,699,34.95,664.05,175.49
ORD-102669,CUST-0576,06-11-2026,2026,11,November,Q4,Central,Michigan,Coffee & Creamers,Coffee mate,Convenience,Family,15,7.49,112.35,8.99,103.36,27.11
ORD-100784,CUST-0467,07-11-2026,2026,11,November,Q4,East,Maryland,Frozen Pizza,Tombstone,Supermarket,Mass Market,50,6.99,349.5,52.42,297.08,70.2
ORD-100913,CUST-0334,08-11-2026,2026,11,November,Q4,Central,Missouri,Frozen Pizza,DiGiorno,Wholesale,Premium,100,7.99,799,15.98,783.02,215.32
ORD-100936,CUST-0222,08-11-2026,2026,11,November,Q4,East,Virginia,Coffee & Creamers,Nescafé,Wholesale,Family,25,8.99,224.75,11.24,213.51,57.57
ORD-101073,CUST-0297,08-11-2026,2026,11,November,Q4,West,Washington,International Foods,Maggi,Online,Health & Wellness,10,4.29,42.9,3.43,39.47,9.27
ORD-101486,CUST-0317,08-11-2026,2026,11,November,Q4,East,Maryland,Coffee & Creamers,Coffee mate,Retail,Mass Market,40,7.49,299.6,44.94,254.66,59.49
ORD-101815,CUST-0118,08-11-2026,2026,11,November,Q4,West,Arizona,International Foods,El Mejor Nido,Online,Health & Wellness,20,8.49,169.8,3.4,166.4,41.6
ORD-103056,CUST-0735,08-11-2026,2026,11,November,Q4,South,Florida,Frozen Pizza,Tombstone,Supermarket,Premium,15,6.99,104.85,10.49,94.36,21.06
ORD-100101,CUST-0098,09-11-2026,2026,11,November,Q4,West,Colorado,Frozen Foods,Lean Cuisine,Online,Mass Market,30,6.49,194.7,0,194.7,43.85
ORD-100326,CUST-0617,09-11-2026,2026,11,November,Q4,Central,Michigan,International Foods,Maggi,Convenience,Health & Wellness,5,4.29,21.45,0,21.45,5.32
ORD-100398,CUST-0262,09-11-2026,2026,11,November,Q4,East,Maryland,Frozen Pizza,Tombstone,Retail,Family,25,6.99,174.75,13.98,160.77,31.31
ORD-101280,CUST-0683,09-11-2026,2026,11,November,Q4,East,Pennsylvania,Drinks,Nido,Supermarket,Mass Market,40,10.99,439.6,43.96,395.64,97.06
ORD-104717,CUST-0329,09-11-2026,2026,11,November,Q4,Central,Ohio,Coffee & Creamers,Nescafé,Supermarket,Premium,15,8.99,134.85,0,134.85,31.19
ORD-100243,CUST-0339,10-11-2026,2026,11,November,Q4,South,North Carolina,Drinks,Nesquik,Wholesale,Mass Market,20,6.49,129.8,6.49,123.31,26.14
ORD-100379,CUST-0730,10-11-2026,2026,11,November,Q4,South,Tennessee,International Foods,Maggi,Wholesale,Health & Wellness,5,4.29,21.45,1.07,20.38,6.24
ORD-100393,CUST-0445,10-11-2026,2026,11,November,Q4,East,Maryland,Baking,La Lechera,Wholesale,Premium,10,4.49,44.9,4.49,40.41,12.49
ORD-101534,CUST-0019,10-11-2026,2026,11,November,Q4,East,Pennsylvania,International Foods,Maggi,Retail,Health & Wellness,50,4.29,214.5,0,214.5,55.88
ORD-102302,CUST-0270,10-11-2026,2026,11,November,Q4,Central,Ohio,Baking,Carnation,Retail,Family,20,3.99,79.8,0,79.8,25.44
ORD-104682,CUST-0548,10-11-2026,2026,11,November,Q4,West,Nevada,Baking,Carnation,Supermarket,Mass Market,30,3.99,119.7,0,119.7,32.72
ORD-101370,CUST-0043,11-11-2026,2026,11,November,Q4,West,Washington,Drinks,Nido,Wholesale,Family,40,10.99,439.6,21.98,417.62,102.85
ORD-100703,CUST-0188,12-11-2026,2026,11,November,Q4,East,New York,Baking,Nestlé Toll House,Supermarket,Health & Wellness,15,4.99,74.85,3.74,71.11,20.27
ORD-101347,CUST-0414,12-11-2026,2026,11,November,Q4,East,New Jersey,Drinks,Nido,Wholesale,Premium,75,10.99,824.25,123.64,700.61,147.8
ORD-101831,CUST-0080,12-11-2026,2026,11,November,Q4,South,Georgia,International Foods,Abuelita,Online,Health & Wellness,20,5.49,109.8,10.98,98.82,24.01
ORD-103336,CUST-0304,12-11-2026,2026,11,November,Q4,Central,Missouri,Coffee & Creamers,Nescafé,Supermarket,Premium,25,8.99,224.75,4.5,220.26,57.24
ORD-101438,CUST-0092,13-11-2026,2026,11,November,Q4,Central,Michigan,International Foods,El Mejor Nido,Wholesale,Mass Market,10,8.49,84.9,1.7,83.2,22.8
ORD-101465,CUST-0271,13-11-2026,2026,11,November,Q4,South,Louisiana,Frozen Pizza,Jack's Pizza,Supermarket,Family,40,5.99,239.6,11.98,227.62,51.97
ORD-100029,CUST-0634,14-11-2026,2026,11,November,Q4,Central,Ohio,International Foods,Abuelita,Online,Health & Wellness,10,5.49,54.9,2.75,52.16,13.82
ORD-103282,CUST-0073,14-11-2026,2026,11,November,Q4,West,Colorado,Drinks,Milo,Online,Health & Wellness,50,5.99,299.5,29.95,269.55,68.57
ORD-100102,CUST-0382,15-11-2026,2026,11,November,Q4,Central,Missouri,Coffee & Creamers,Nescafé,Supermarket,Health & Wellness,40,8.99,359.6,17.98,341.62,78.22
ORD-101175,CUST-0598,15-11-2026,2026,11,November,Q4,Central,Minnesota,Baking,La Lechera,Wholesale,Family,20,4.49,89.8,13.47,76.33,24.36
ORD-102399,CUST-0204,16-11-2026,2026,11,November,Q4,Central,Minnesota,International Foods,El Mejor Nido,Retail,Mass Market,20,8.49,169.8,16.98,152.82,38.17
ORD-103124,CUST-0790,16-11-2026,2026,11,November,Q4,East,Maryland,Coffee & Creamers,Nescafé CLASICO,Retail,Health & Wellness,10,9.49,94.9,14.24,80.67,26.07
ORD-104438,CUST-0707,16-11-2026,2026,11,November,Q4,South,Georgia,Coffee & Creamers,Nescafé,Wholesale,Mass Market,25,8.99,224.75,17.98,206.77,53.02
ORD-104754,CUST-0274,16-11-2026,2026,11,November,Q4,East,Virginia,Coffee & Creamers,Nescafé,Convenience,Family,75,8.99,674.25,134.85,539.4,155.96
ORD-102610,CUST-0335,17-11-2026,2026,11,November,Q4,West,Oregon,Baking,Nestlé Toll House,Wholesale,Mass Market,20,4.99,99.8,2,97.8,29.02
ORD-100256,CUST-0745,18-11-2026,2026,11,November,Q4,Central,Missouri,Coffee & Creamers,Coffee mate,Convenience,Health & Wellness,30,7.49,224.7,17.98,206.72,64.74
ORD-102217,CUST-0640,18-11-2026,2026,11,November,Q4,South,Tennessee,Frozen Foods,Hot Pockets,Convenience,Mass Market,30,5.99,179.7,0,179.7,39.85
ORD-103495,CUST-0747,18-11-2026,2026,11,November,Q4,Central,Illinois,Coffee & Creamers,Nescafé CLASICO,Online,Health & Wellness,20,9.49,189.8,28.47,161.33,46.37
ORD-100066,CUST-0050,19-11-2026,2026,11,November,Q4,Central,Missouri,Frozen Foods,Lean Cuisine,Retail,Mass Market,15,6.49,97.35,14.6,82.75,20.36
ORD-100585,CUST-0144,19-11-2026,2026,11,November,Q4,Central,Illinois,Baking,Nestlé Toll House,Convenience,Mass Market,40,4.99,199.6,19.96,179.64,47.12
ORD-104843,CUST-0125,19-11-2026,2026,11,November,Q4,East,Massachusetts,Frozen Foods,Stouffer's,Retail,Family,5,8.99,44.95,0,44.95,9.74
ORD-102857,CUST-0078,20-11-2026,2026,11,November,Q4,West,Nevada,Frozen Foods,Lean Cuisine,Supermarket,Family,100,6.49,649,64.9,584.1,123.15
ORD-103031,CUST-0506,20-11-2026,2026,11,November,Q4,West,Oregon,Coffee & Creamers,Coffee mate,Online,Health & Wellness,15,7.49,112.35,0,112.35,34.67
ORD-103104,CUST-0165,21-11-2026,2026,11,November,Q4,East,Massachusetts,Coffee & Creamers,Coffee mate,Online,Premium,25,7.49,187.25,0,187.25,55.81
ORD-103768,CUST-0763,21-11-2026,2026,11,November,Q4,East,Virginia,Drinks,Nido,Retail,Family,10,10.99,109.9,8.79,101.11,23.24
ORD-100561,CUST-0254,22-11-2026,2026,11,November,Q4,Central,Illinois,Baking,Carnation,Retail,Premium,100,3.99,399,39.9,359.1,118.69
ORD-101255,CUST-0531,22-11-2026,2026,11,November,Q4,Central,Minnesota,Baking,La Lechera,Retail,Mass Market,15,4.49,67.35,0,67.35,20.15
ORD-100414,CUST-0526,23-11-2026,2026,11,November,Q4,Central,Michigan,International Foods,Abuelita,Supermarket,Health & Wellness,20,5.49,109.8,2.2,107.6,27.56
ORD-101758,CUST-0351,23-11-2026,2026,11,November,Q4,East,Pennsylvania,International Foods,Maggi,Online,Mass Market,30,4.29,128.7,12.87,115.83,35.99
ORD-101814,CUST-0414,23-11-2026,2026,11,November,Q4,West,Colorado,Frozen Pizza,Tombstone,Retail,Premium,10,6.99,69.9,10.49,59.42,16.17
ORD-100562,CUST-0304,24-11-2026,2026,11,November,Q4,West,Oregon,Baking,Nestlé Toll House,Retail,Health & Wellness,25,4.99,124.75,0,124.75,34.69
ORD-102379,CUST-0357,24-11-2026,2026,11,November,Q4,East,Virginia,International Foods,El Mejor Nido,Retail,Mass Market,25,8.49,212.25,10.61,201.64,62.94
ORD-103085,CUST-0634,24-11-2026,2026,11,November,Q4,Central,Illinois,Frozen Foods,Hot Pockets,Retail,Family,10,5.99,59.9,3,56.91,11.86
ORD-103273,CUST-0143,24-11-2026,2026,11,November,Q4,Central,Missouri,Frozen Foods,Stouffer's,Retail,Family,20,8.99,179.8,3.6,176.2,48.01
ORD-103378,CUST-0715,24-11-2026,2026,11,November,Q4,West,Nevada,Coffee & Creamers,Nescafé CLASICO,Supermarket,Health & Wellness,15,9.49,142.35,7.12,135.23,41.62
ORD-104034,CUST-0453,24-11-2026,2026,11,November,Q4,South,Louisiana,Drinks,Nido,Retail,Health & Wellness,50,10.99,549.5,0,549.5,131.29
ORD-104329,CUST-0370,24-11-2026,2026,11,November,Q4,West,Colorado,Frozen Foods,Stouffer's,Supermarket,Mass Market,30,8.99,269.7,0,269.7,55.51
ORD-104963,CUST-0185,24-11-2026,2026,11,November,Q4,East,Massachusetts,Frozen Pizza,Jack's Pizza,Retail,Health & Wellness,40,5.99,239.6,11.98,227.62,56.55
ORD-100196,CUST-0358,25-11-2026,2026,11,November,Q4,East,Pennsylvania,Frozen Foods,Stouffer's,Retail,Family,30,8.99,269.7,5.39,264.31,54.36
ORD-100450,CUST-0176,25-11-2026,2026,11,November,Q4,West,Oregon,Frozen Foods,Stouffer's,Retail,Mass Market,40,8.99,359.6,17.98,341.62,66.13
ORD-101102,CUST-0604,25-11-2026,2026,11,November,Q4,South,Georgia,Coffee & Creamers,Coffee mate,Online,Mass Market,40,7.49,299.6,23.97,275.63,70.48
ORD-100349,CUST-0644,27-11-2026,2026,11,November,Q4,East,Virginia,Frozen Pizza,DiGiorno,Retail,Mass Market,50,7.99,399.5,39.95,359.55,70.53
ORD-100789,CUST-0072,27-11-2026,2026,11,November,Q4,East,Pennsylvania,Frozen Foods,Lean Cuisine,Online,Mass Market,10,6.49,64.9,6.49,58.41,10.56
ORD-101903,CUST-0670,27-11-2026,2026,11,November,Q4,South,North Carolina,Frozen Pizza,DiGiorno,Retail,Family,15,7.99,119.85,9.59,110.26,31.36
ORD-103989,CUST-0710,27-11-2026,2026,11,November,Q4,East,Maryland,Frozen Foods,Stouffer's,Convenience,Premium,20,8.99,179.8,14.38,165.42,36.48
ORD-102287,CUST-0638,28-11-2026,2026,11,November,Q4,South,North Carolina,Coffee & Creamers,Nescafé CLASICO,Retail,Family,20,9.49,189.8,9.49,180.31,49.41
ORD-103243,CUST-0445,28-11-2026,2026,11,November,Q4,Central,Illinois,Frozen Pizza,DiGiorno,Online,Family,10,7.99,79.9,0,79.9,18.51
ORD-103487,CUST-0264,28-11-2026,2026,11,November,Q4,East,Maryland,Frozen Foods,Lean Cuisine,Supermarket,Premium,50,6.49,324.5,6.49,318.01,71.6
ORD-100232,CUST-0750,29-11-2026,2026,11,November,Q4,East,Maryland,Frozen Pizza,Jack's Pizza,Wholesale,Family,15,5.99,89.85,1.8,88.05,20.53
ORD-101004,CUST-0768,29-11-2026,2026,11,November,Q4,Central,Missouri,Drinks,Nido,Retail,Family,20,10.99,219.8,0,219.8,53.6
ORD-104468,CUST-0008,29-11-2026,2026,11,November,Q4,West,Arizona,Coffee & Creamers,Nescafé CLASICO,Wholesale,Premium,15,9.49,142.35,7.12,135.23,37.07
ORD-103032,CUST-0522,30-11-2026,2026,11,November,Q4,East,Maryland,Drinks,Nesquik,Online,Family,25,6.49,162.25,0,162.25,38.32
ORD-100739,CUST-0316,01-12-2026,2026,12,December,Q4,East,Virginia,Frozen Pizza,Tombstone,Wholesale,Mass Market,30,6.99,209.7,0,209.7,55.77
ORD-101339,CUST-0555,01-12-2026,2026,12,December,Q4,West,California,Coffee & Creamers,Nescafé,Supermarket,Family,30,8.99,269.7,0,269.7,73.76
ORD-103884,CUST-0787,01-12-2026,2026,12,December,Q4,West,Oregon,Frozen Pizza,Tombstone,Supermarket,Mass Market,40,6.99,279.6,22.37,257.23,72.84
ORD-103921,CUST-0193,01-12-2026,2026,12,December,Q4,South,Georgia,Drinks,Nesquik,Supermarket,Family,75,6.49,486.75,0,486.75,126.69
ORD-104079,CUST-0017,01-12-2026,2026,12,December,Q4,South,Texas,Frozen Pizza,Jack's Pizza,Retail,Mass Market,10,5.99,59.9,1.2,58.7,16.33
ORD-101510,CUST-0110,02-12-2026,2026,12,December,Q4,South,Georgia,Coffee & Creamers,Coffee mate,Supermarket,Family,75,7.49,561.75,28.09,533.66,158.17
ORD-103249,CUST-0443,02-12-2026,2026,12,December,Q4,South,Georgia,Coffee & Creamers,Nescafé,Online,Family,75,8.99,674.25,101.14,573.11,145.85
ORD-103403,CUST-0475,02-12-2026,2026,12,December,Q4,South,Tennessee,Coffee & Creamers,Coffee mate,Retail,Health & Wellness,50,7.49,374.5,7.49,367.01,99.81
ORD-100799,CUST-0690,03-12-2026,2026,12,December,Q4,Central,Illinois,Coffee & Creamers,Coffee mate,Online,Mass Market,15,7.49,112.35,8.99,103.36,27
ORD-101258,CUST-0523,03-12-2026,2026,12,December,Q4,East,New York,Baking,Carnation,Supermarket,Mass Market,40,3.99,159.6,3.19,156.41,54.42
ORD-103727,CUST-0430,04-12-2026,2026,12,December,Q4,West,Arizona,Frozen Foods,Lean Cuisine,Online,Mass Market,25,6.49,162.25,3.24,159,33.79
ORD-100193,CUST-0413,05-12-2026,2026,12,December,Q4,South,Florida,Frozen Pizza,Jack's Pizza,Retail,Family,40,5.99,239.6,23.96,215.64,58.08
ORD-100569,CUST-0151,05-12-2026,2026,12,December,Q4,South,Texas,Coffee & Creamers,Nescafé,Supermarket,Mass Market,15,8.99,134.85,10.79,124.06,29.01
ORD-102962,CUST-0155,05-12-2026,2026,12,December,Q4,East,Massachusetts,Frozen Foods,Lean Cuisine,Supermarket,Mass Market,20,6.49,129.8,12.98,116.82,24.87
ORD-104606,CUST-0165,05-12-2026,2026,12,December,Q4,South,North Carolina,Frozen Pizza,Tombstone,Wholesale,Premium,20,6.99,139.8,20.97,118.83,30.03
ORD-100278,CUST-0315,06-12-2026,2026,12,December,Q4,Central,Minnesota,Frozen Pizza,Tombstone,Convenience,Mass Market,20,6.99,139.8,0,139.8,35.95
ORD-100418,CUST-0631,06-12-2026,2026,12,December,Q4,East,Pennsylvania,Coffee & Creamers,Coffee mate,Supermarket,Mass Market,25,7.49,187.25,28.09,159.16,46.95
ORD-102625,CUST-0229,06-12-2026,2026,12,December,Q4,East,Virginia,Coffee & Creamers,Nescafé CLASICO,Supermarket,Family,20,9.49,189.8,9.49,180.31,51.03
ORD-100690,CUST-0139,07-12-2026,2026,12,December,Q4,West,Oregon,Frozen Pizza,DiGiorno,Retail,Mass Market,20,7.99,159.8,0,159.8,41.3
ORD-102019,CUST-0173,07-12-2026,2026,12,December,Q4,West,Nevada,Drinks,Nido,Convenience,Premium,40,10.99,439.6,21.98,417.62,112.48
ORD-100157,CUST-0542,08-12-2026,2026,12,December,Q4,Central,Ohio,Frozen Foods,Stouffer's,Supermarket,Health & Wellness,50,8.99,449.5,89.9,359.6,75.65
ORD-100908,CUST-0110,08-12-2026,2026,12,December,Q4,East,Virginia,Coffee & Creamers,Coffee mate,Convenience,Mass Market,5,7.49,37.45,3,34.45,9.1
ORD-102348,CUST-0791,08-12-2026,2026,12,December,Q4,East,Maryland,Coffee & Creamers,Nescafé CLASICO,Retail,Mass Market,25,9.49,237.25,35.59,201.66,55.76
ORD-100740,CUST-0601,09-12-2026,2026,12,December,Q4,East,New York,Coffee & Creamers,Coffee mate,Retail,Mass Market,20,7.49,149.8,22.47,127.33,37.08
ORD-102711,CUST-0015,09-12-2026,2026,12,December,Q4,South,Florida,Frozen Pizza,DiGiorno,Wholesale,Health & Wellness,10,7.99,79.9,4,75.9,20.02
ORD-100803,CUST-0288,10-12-2026,2026,12,December,Q4,Central,Wisconsin,Baking,La Lechera,Retail,Mass Market,10,4.49,44.9,6.74,38.17,11.39
ORD-101219,CUST-0273,10-12-2026,2026,12,December,Q4,Central,Missouri,Frozen Pizza,DiGiorno,Retail,Mass Market,15,7.99,119.85,11.99,107.86,27.07
ORD-103419,CUST-0172,10-12-2026,2026,12,December,Q4,West,Washington,International Foods,El Mejor Nido,Wholesale,Family,75,8.49,636.75,12.74,624.02,152.44
ORD-104109,CUST-0128,10-12-2026,2026,12,December,Q4,South,Louisiana,Coffee & Creamers,Nescafé,Supermarket,Mass Market,75,8.99,674.25,0,674.25,171.38
ORD-104760,CUST-0114,10-12-2026,2026,12,December,Q4,South,Georgia,Baking,Nestlé Toll House,Online,Family,100,4.99,499,9.98,489.02,139.09
ORD-101159,CUST-0203,11-12-2026,2026,12,December,Q4,South,Georgia,Drinks,Nesquik,Supermarket,Premium,25,6.49,162.25,32.45,129.8,28.72
ORD-102794,CUST-0022,11-12-2026,2026,12,December,Q4,West,California,Coffee & Creamers,Coffee mate,Supermarket,Mass Market,20,7.49,149.8,22.47,127.33,30.53
ORD-103901,CUST-0511,11-12-2026,2026,12,December,Q4,East,New York,Frozen Foods,Lean Cuisine,Retail,Health & Wellness,10,6.49,64.9,6.49,58.41,13.84
ORD-104800,CUST-0100,11-12-2026,2026,12,December,Q4,Central,Missouri,Drinks,Nido,Retail,Family,5,10.99,54.95,5.5,49.46,11.43
ORD-100477,CUST-0256,12-12-2026,2026,12,December,Q4,West,Oregon,Drinks,Nesquik,Wholesale,Health & Wellness,25,6.49,162.25,24.34,137.91,34.32
ORD-102374,CUST-0394,12-12-2026,2026,12,December,Q4,East,Pennsylvania,Frozen Foods,Hot Pockets,Supermarket,Mass Market,50,5.99,299.5,14.98,284.52,81.5
ORD-100272,CUST-0183,13-12-2026,2026,12,December,Q4,South,Georgia,Drinks,Nesquik,Wholesale,Mass Market,40,6.49,259.6,5.19,254.41,54.01
ORD-100925,CUST-0011,13-12-2026,2026,12,December,Q4,East,Pennsylvania,International Foods,Abuelita,Retail,Family,100,5.49,549,82.35,466.65,133
ORD-103093,CUST-0272,13-12-2026,2026,12,December,Q4,East,Massachusetts,International Foods,Maggi,Supermarket,Mass Market,50,4.29,214.5,32.17,182.32,46.71
ORD-101412,CUST-0437,14-12-2026,2026,12,December,Q4,West,Colorado,Frozen Pizza,DiGiorno,Online,Mass Market,15,7.99,119.85,2.4,117.45,30.5
ORD-104520,CUST-0519,14-12-2026,2026,12,December,Q4,West,Colorado,Baking,Carnation,Retail,Mass Market,20,3.99,79.8,3.99,75.81,25.48
ORD-101109,CUST-0640,15-12-2026,2026,12,December,Q4,Central,Wisconsin,Frozen Foods,Lean Cuisine,Wholesale,Family,5,6.49,32.45,6.49,25.96,5.51
ORD-101770,CUST-0255,15-12-2026,2026,12,December,Q4,East,Massachusetts,Frozen Foods,Lean Cuisine,Wholesale,Mass Market,10,6.49,64.9,12.98,51.92,12.74
ORD-102307,CUST-0267,15-12-2026,2026,12,December,Q4,West,Nevada,Baking,Nestlé Toll House,Supermarket,Premium,30,4.99,149.7,7.49,142.22,41.63
ORD-102535,CUST-0700,15-12-2026,2026,12,December,Q4,Central,Missouri,Frozen Pizza,Jack's Pizza,Supermarket,Premium,20,5.99,119.8,5.99,113.81,23.44
ORD-102587,CUST-0165,16-12-2026,2026,12,December,Q4,West,Arizona,International Foods,Maggi,Retail,Family,25,4.29,107.25,8.58,98.67,28.12
ORD-100357,CUST-0635,17-12-2026,2026,12,December,Q4,West,Oregon,Frozen Foods,Stouffer's,Online,Premium,5,8.99,44.95,2.25,42.7,10.19
ORD-101386,CUST-0460,17-12-2026,2026,12,December,Q4,East,Maryland,Baking,Carnation,Online,Premium,25,3.99,99.75,9.98,89.78,32.24
ORD-100735,CUST-0565,19-12-2026,2026,12,December,Q4,East,Virginia,Coffee & Creamers,Coffee mate,Online,Family,5,7.49,37.45,3.75,33.71,8.46
ORD-102168,CUST-0004,19-12-2026,2026,12,December,Q4,West,Washington,Baking,La Lechera,Supermarket,Premium,40,4.49,179.6,0,179.6,52.31
ORD-102897,CUST-0447,19-12-2026,2026,12,December,Q4,Central,Minnesota,Frozen Pizza,Tombstone,Retail,Mass Market,75,6.99,524.25,41.94,482.31,121.99
ORD-103795,CUST-0096,19-12-2026,2026,12,December,Q4,West,Oregon,Baking,Nestlé Toll House,Online,Health & Wellness,15,4.99,74.85,5.99,68.86,18.55
ORD-104749,CUST-0762,19-12-2026,2026,12,December,Q4,East,Virginia,Frozen Foods,Lean Cuisine,Retail,Premium,15,6.49,97.35,4.87,92.48,20.4
ORD-104833,CUST-0017,19-12-2026,2026,12,December,Q4,Central,Minnesota,Frozen Foods,Hot Pockets,Online,Premium,25,5.99,149.75,29.95,119.8,25.5
ORD-101740,CUST-0742,20-12-2026,2026,12,December,Q4,East,Massachusetts,Drinks,Nido,Retail,Health & Wellness,15,10.99,164.85,0,164.85,50.41
ORD-103813,CUST-0499,20-12-2026,2026,12,December,Q4,West,Arizona,International Foods,Maggi,Retail,Premium,20,4.29,85.8,1.72,84.08,22.08
ORD-103604,CUST-0460,21-12-2026,2026,12,December,Q4,East,New York,Coffee & Creamers,Nescafé CLASICO,Convenience,Health & Wellness,25,9.49,237.25,18.98,218.27,57.44
ORD-101737,CUST-0497,23-12-2026,2026,12,December,Q4,East,New Jersey,Coffee & Creamers,Nescafé,Retail,Mass Market,15,8.99,134.85,6.74,128.11,37.43
ORD-103488,CUST-0436,23-12-2026,2026,12,December,Q4,West,California,Baking,Nestlé Toll House,Online,Health & Wellness,15,4.99,74.85,5.99,68.86,23.69
ORD-100343,CUST-0094,24-12-2026,2026,12,December,Q4,West,Colorado,Frozen Pizza,Tombstone,Retail,Mass Market,30,6.99,209.7,41.94,167.76,36.88
ORD-104769,CUST-0598,24-12-2026,2026,12,December,Q4,Central,Missouri,Baking,Nestlé Toll House,Supermarket,Health & Wellness,10,4.99,49.9,2.5,47.41,15.78
ORD-100875,CUST-0382,25-12-2026,2026,12,December,Q4,West,California,Frozen Pizza,Tombstone,Wholesale,Mass Market,20,6.99,139.8,2.8,137,38.69
ORD-102503,CUST-0755,25-12-2026,2026,12,December,Q4,Central,Minnesota,Frozen Pizza,DiGiorno,Convenience,Mass Market,25,7.99,199.75,0,199.75,44.96
ORD-103175,CUST-0239,25-12-2026,2026,12,December,Q4,West,Washington,Baking,Nestlé Toll House,Retail,Family,75,4.99,374.25,37.43,336.82,98.2
ORD-103456,CUST-0117,25-12-2026,2026,12,December,Q4,West,Washington,Frozen Foods,Stouffer's,Wholesale,Mass Market,25,8.99,224.75,17.98,206.77,39.9
ORD-103612,CUST-0243,25-12-2026,2026,12,December,Q4,West,Washington,Drinks,Nesquik,Convenience,Mass Market,40,6.49,259.6,5.19,254.41,66.93
ORD-104825,CUST-0278,25-12-2026,2026,12,December,Q4,Central,Minnesota,Frozen Foods,Stouffer's,Retail,Family,5,8.99,44.95,3.6,41.35,9.48
ORD-100822,CUST-0752,26-12-2026,2026,12,December,Q4,West,Oregon,Coffee & Creamers,Coffee mate,Online,Mass Market,50,7.49,374.5,74.9,299.6,74.85
ORD-102692,CUST-0452,26-12-2026,2026,12,December,Q4,Central,Wisconsin,Coffee & Creamers,Nescafé CLASICO,Convenience,Mass Market,25,9.49,237.25,23.72,213.52,63.07
ORD-101443,CUST-0761,27-12-2026,2026,12,December,Q4,Central,Michigan,Frozen Foods,Stouffer's,Wholesale,Health & Wellness,15,8.99,134.85,0,134.85,26.55
ORD-104020,CUST-0199,27-12-2026,2026,12,December,Q4,West,Colorado,Coffee & Creamers,Nescafé,Convenience,Mass Market,15,8.99,134.85,6.74,128.11,34.51
ORD-100553,CUST-0747,28-12-2026,2026,12,December,Q4,Central,Wisconsin,Frozen Foods,Stouffer's,Retail,Mass Market,30,8.99,269.7,40.46,229.24,47.64
ORD-102590,CUST-0761,28-12-2026,2026,12,December,Q4,Central,Missouri,International Foods,Abuelita,Convenience,Family,10,5.49,54.9,8.24,46.67,12.02
ORD-101517,CUST-0085,29-12-2026,2026,12,December,Q4,Central,Illinois,Drinks,Milo,Supermarket,Family,50,5.99,299.5,29.95,269.55,58.32
ORD-104337,CUST-0101,29-12-2026,2026,12,December,Q4,Central,Wisconsin,Frozen Pizza,Tombstone,Supermarket,Mass Market,20,6.99,139.8,6.99,132.81,34.63
ORD-104383,CUST-0430,29-12-2026,2026,12,December,Q4,Central,Minnesota,International Foods,El Mejor Nido,Online,Mass Market,5,8.49,42.45,3.4,39.05,10.11
ORD-100315,CUST-0572,30-12-2026,2026,12,December,Q4,South,North Carolina,Baking,Nestlé Toll House,Retail,Premium,30,4.99,149.7,7.49,142.22,41.83
ORD-101750,CUST-0199,30-12-2026,2026,12,December,Q4,West,Oregon,Drinks,Nido,Convenience,Family,15,10.99,164.85,0,164.85,36.86
ORD-102447,CUST-0688,30-12-2026,2026,12,December,Q4,West,Colorado,Frozen Foods,Lean Cuisine,Convenience,Premium,25,6.49,162.25,8.11,154.14,35.89
ORD-100780,CUST-0088,31-12-2026,2026,12,December,Q4,Central,Ohio,Coffee & Creamers,Nescafé,Supermarket,Health & Wellness,30,8.99,269.7,5.39,264.31,70.81
ORD-101115,CUST-0015,31-12-2026,2026,12,December,Q4,Central,Wisconsin,Frozen Foods,Hot Pockets,Convenience,Mass Market,30,5.99,179.7,0,179.7,40.18
ORD-104919,CUST-0758,31-12-2026,2026,12,December,Q4,Central,Minnesota,Frozen Foods,Lean Cuisine,Supermarket,Mass Market,25,6.49,162.25,0,162.25,34.97
